"oik_spb_id","tik_id","uik_id","УИК","15:00 18.09.2026 - число","15:00 18.09.2026 - процент","20:00 18.09.2026 - число","20:00 18.09.2026 - процент","15:00 19.09.2026 - число","15:00 19.09.2026 - процент","20:00 19.09.2026 - число","20:00 19.09.2026 - процент","10:00 20.09.2026 - процент","12:00 20.09.2026 - процент","15:00 20.09.2026 - процент","18:00 20.09.2026 - процент"
"1","1","1","УИК №1","223","15.01%","389","26.18%","457","30.75%","600","40.16%","40.23%","41.16%","43.04%","47.26%"
"1","1","2","УИК №2","246","17.52%","360","25.64%","440","31.34%","641","44.92%","44.99%","44.99%","45.06%","50.81%"
"1","1","3","УИК №3","307","15.91%","488","25.30%","600","31.10%","759","39.06%","39.11%","39.68%","44.11%","53.94%"
"1","1","4","УИК №4","140","15.04%","249","26.75%","286","30.72%","337","36.08%","36.62%","37.15%","41.01%","45.07%"
"1","1","5","УИК №5","167","9.91%","304","18.04%","332","19.70%","362","21.34%","22.82%","23.99%","26.77%","31.01%"
"1","1","6","УИК №6","254","17.48%","379","26.08%","482","33.17%","598","41.16%","41.16%","41.16%","41.64%","46.66%"
"1","1","7","УИК №7","347","17.39%","428","21.45%","554","27.77%","720","35.75%","35.90%","36.40%","39.77%","43.40%"
"1","1","8","УИК №8","215","15.28%","343","24.38%","385","27.36%","426","30.28%","30.35%","31.34%","33.97%","39.23%"
"1","1","9","УИК №9","248","18.25%","354","26.05%","407","29.95%","518","37.92%","37.99%","38.36%","41.29%","41.51%"
"1","1","10","УИК №10","249","16.42%","394","25.99%","483","31.86%","604","39.84%","41.29%","42.28%","46.04%","52.24%"
"1","1","11","УИК №11","274","15.20%","450","24.96%","560","31.06%","704","39.05%","39.38%","39.82%","44.43%","48.92%"
"1","1","12","УИК №12","253","10.88%","600","25.80%","718","30.87%","903","38.82%","39.21%","40.07%","43.04%","48.97%"
"1","1","13","УИК №13","156","58.65%","263","98.87%","263","98.87%","264","99.25%","100.00%","100.00%","100.00%","100.00%"
"1","1","14","УИК №14","224","9.52%","350","14.87%","419","17.81%","563","23.77%","24.10%","25.58%","28.87%","35.16%"
"1","1","15","УИК №15","154","9.34%","427","25.91%","548","33.25%","682","41.21%","42.30%","43.50%","47.25%","53.66%"
"1","1","16","УИК №16","199","12.38%","279","17.35%","362","22.51%","493","30.51%","30.75%","31.75%","35.64%","40.53%"
"1","1","17","УИК №17","198","13.09%","393","25.97%","501","33.11%","622","41.11%","41.18%","42.04%","44.42%","47.26%"
"1","1","18","УИК №18","226","16.51%","285","20.82%","407","29.73%","518","37.67%","37.75%","37.82%","40.73%","47.35%"
"1","1","19","УИК №19","254","17.31%","381","25.97%","472","32.17%","592","40.16%","40.23%","40.30%","42.61%","44.44%"
"1","1","20","УИК №20","162","11.87%","306","22.42%","421","30.84%","530","38.83%","39.49%","40.66%","43.22%","48.94%"
"1","1","21","УИК №21","298","17.99%","430","25.97%","537","32.43%","625","37.52%","37.58%","37.64%","41.54%","45.92%"
"1","1","22","УИК №22","266","18.18%","380","25.97%","497","33.97%","617","41.94%","42.01%","42.28%","43.10%","47.93%"
"1","1","23","УИК №23","220","19.18%","274","23.89%","367","32.00%","461","40.02%","40.19%","41.84%","45.57%","54.69%"
"1","1","24","УИК №24","309","19.97%","402","25.99%","476","30.77%","599","38.72%","38.72%","39.95%","41.24%","45.64%"
"1","1","25","УИК №25","307","17.78%","457","26.46%","505","29.24%","621","35.22%","38.85%","39.19%","40.22%","43.73%"
"1","1","26","УИК №26","161","18.25%","240","27.21%","273","30.95%","345","38.94%","43.00%","44.13%","46.50%","51.81%"
"1","1","30","УИК №30","220","17.78%","323","26.11%","421","34.03%","523","42.04%","42.85%","45.74%","52.65%","59.49%"
"1","1","31","УИК №31","939","34.56%","1104","40.63%","1295","47.66%","1515","55.62%","55.62%","56.64%","61.31%","61.31%"
"1","1","2476","УИК №2476","51","50.50%","213","84.86%","463","92.42%","820","95.57%","95.57%","95.81%","95.87%","95.91%"
"1","1","2477","УИК №2477","121","49.79%","245","91.76%","502","95.80%","945","97.72%","97.72%","97.77%","97.78%","97.79%"
"1","1","2478","УИК №2478","48","57.14%","160","85.56%","395","93.60%","768","96.60%","96.60%","96.89%","96.93%","96.96%"
"1","1","2516","УИК №2516","93","91.18%","203","84.58%","463","92.60%","808","95.62%","95.62%","95.87%","95.83%","95.90%"
"1","1","2517","УИК №2517","52","86.67%","178","97.80%","438","99.10%","688","99.42%","99.42%","99.48%","99.48%","99.50%"
"1","1","2518","УИК №2518","45","83.33%","168","94.92%","398","97.79%","768","98.84%","98.84%","98.91%","98.92%","98.95%"
"1","1","2527","УИК №2527","63","74.12%","180","89.11%","420","95.02%","790","97.29%","97.29%","97.45%","98.26%","98.30%"
"1","1","2528","УИК №2528","49","100.00%","176","100.00%","426","100.00%","796","100.00%","100.00%","100.00%","100.00%","100.00%"
"1","16","2180","УИК №2180","209","16.99%","482","33.47%","554","38.47%","610","42.36%","43.72%","44.00%","47.20%","49.61%"
"1","16","2181","УИК №2181","296","15.64%","466","24.70%","594","31.56%","786","42.21%","42.58%","43.26%","45.72%","50.00%"
"1","16","2182","УИК №2182","193","14.60%","332","25.27%","416","32.02%","537","41.34%","41.42%","42.11%","45.61%","50.63%"
"1","16","2183","УИК №2183","223","16.08%","345","24.87%","412","29.99%","460","33.85%","33.85%","34.58%","38.89%","42.96%"
"1","16","2184","УИК №2184","266","13.20%","417","20.75%","603","30.00%","809","40.25%","40.99%","42.64%","45.37%","49.25%"
"1","16","2185","УИК №2185","265","15.21%","525","30.29%","630","36.56%","665","38.60%","39.28%","40.37%","41.89%","45.57%"
"1","16","2186","УИК №2186","275","14.50%","450","23.92%","578","30.96%","717","38.93%","38.93%","39.20%","43.17%","45.88%"
"1","16","2187","УИК №2187","184","14.53%","305","24.21%","387","30.94%","493","39.73%","40.45%","42.31%","48.29%","50.52%"
"1","16","2188","УИК №2188","191","14.97%","280","22.15%","433","34.53%","501","40.11%","42.60%","43.83%","44.87%","51.83%"
"1","16","2189","УИК №2189","99","7.73%","278","21.82%","418","33.04%","506","40.25%","44.30%","44.95%","45.03%","45.44%"
"1","16","2190","УИК №2190","92","6.49%","311","22.06%","481","34.28%","561","39.99%","42.34%","43.73%","47.16%","51.20%"
"1","16","2191","УИК №2191","168","15.05%","247","22.27%","382","34.66%","493","44.74%","44.74%","46.46%","49.18%","53.81%"
"1","16","2192","УИК №2192","240","15.04%","387","24.35%","504","31.96%","638","40.46%","40.46%","41.15%","44.32%","48.95%"
"1","16","2193","УИК №2193","276","15.04%","383","20.99%","616","33.96%","725","40.23%","41.01%","42.18%","48.30%","59.64%"
"1","16","2194","УИК №2194","330","15.01%","485","22.07%","749","34.08%","879","40.21%","42.31%","43.63%","48.61%","48.83%"
"1","16","2195","УИК №2195","105","7.52%","341","24.59%","396","28.86%","529","39.01%","40.15%","40.67%","45.64%","49.78%"
"1","16","2196","УИК №2196","243","14.28%","405","23.95%","527","31.39%","677","40.98%","41.10%","41.66%","45.17%","51.16%"
"1","16","2197","УИК №2197","184","15.01%","271","22.19%","382","31.49%","485","40.12%","40.61%","41.62%","44.56%","48.53%"
"1","16","2198","УИК №2198","179","13.97%","306","24.02%","407","32.12%","501","39.98%","40.16%","40.90%","44.09%","54.13%"
"1","16","2199","УИК №2199","237","14.94%","395","25.02%","485","30.95%","611","38.99%","39.25%","39.89%","44.35%","47.99%"
"1","16","2200","УИК №2200","123","12.24%","231","22.99%","275","27.47%","394","39.36%","39.56%","40.16%","42.66%","46.85%"
"1","16","2201","УИК №2201","113","9.06%","301","24.24%","395","31.88%","487","39.98%","40.15%","44.30%","45.97%","46.05%"
"1","16","2226","УИК №2226","90","47.87%","189","100.00%","213","99.07%","220","95.65%","95.65%","94.44%","92.71%","97.17%"
"1","31","43","УИК №43","676","40.00%","824","48.76%","1086","64.26%","1086","64.26%","68.52%","69.23%","71.42%","75.03%"
"1","31","44","УИК №44","257","25.02%","277","26.97%","351","34.18%","451","43.91%","43.91%","46.06%","50.63%","61.44%"
"1","31","45","УИК №45","307","17.63%","404","23.21%","514","29.52%","665","38.20%","39.12%","40.21%","42.79%","48.88%"
"1","31","46","УИК №46","258","14.96%","480","27.83%","610","35.36%","739","42.84%","43.19%","44.29%","47.71%","53.97%"
"1","31","47","УИК №47","280","12.23%","530","23.15%","582","25.43%","873","38.14%","38.14%","40.10%","42.38%","43.25%"
"1","31","48","УИК №48","201","20.55%","250","25.56%","283","30.01%","397","42.10%","42.10%","44.22%","47.93%","49.79%"
"1","31","49","УИК №49","245","14.59%","418","24.90%","475","28.31%","670","39.93%","39.93%","43.80%","47.02%","50.95%"
"1","31","50","УИК №50","285","13.41%","349","16.42%","455","21.25%","668","31.20%","31.25%","32.46%","35.40%","40.31%"
"1","31","51","УИК №51","352","21.80%","643","39.81%","757","46.87%","845","52.32%","52.32%","52.38%","54.92%","59.44%"
"1","31","52","УИК №52","234","10.78%","502","23.13%","702","32.35%","828","38.16%","38.16%","40.00%","42.67%","46.87%"
"1","31","53","УИК №53","281","12.66%","553","24.92%","613","27.63%","886","39.93%","40.20%","40.92%","46.15%","54.48%"
"1","31","54","УИК №54","365","16.80%","541","24.91%","692","31.87%","867","39.94%","39.94%","44.68%","48.60%","54.31%"
"1","31","55","УИК №55","230","19.76%","250","21.48%","371","31.96%","425","36.61%","36.95%","36.95%","40.48%","47.72%"
"1","31","56","УИК №56","356","15.35%","521","22.47%","598","25.79%","944","40.71%","41.01%","41.74%","45.28%","49.20%"
"1","31","57","УИК №57","468","19.98%","583","24.89%","638","27.24%","820","35.01%","35.10%","35.10%","39.54%","45.09%"
"1","31","58","УИК №58","","","","","","","","","8.38%","45.25%","69.83%","96.65%"
"1","31","59","УИК №59","298","16.10%","450","24.31%","518","27.98%","728","39.33%","39.49%","39.82%","43.27%","46.68%"
"1","31","60","УИК №60","256","11.89%","400","18.58%","472","21.92%","723","33.58%","33.58%","33.58%","37.48%","42.50%"
"1","31","61","УИК №61","198","12.88%","587","38.19%","623","40.53%","757","49.44%","49.97%","49.97%","53.04%","56.56%"
"1","31","88","УИК №88","324","12.72%","550","21.59%","687","26.98%","932","36.61%","36.61%","38.69%","49.10%","50.39%"
"1","31","89","УИК №89","256","14.82%","430","24.90%","481","27.85%","689","39.90%","39.90%","41.40%","46.73%","47.77%"
"1","31","90","УИК №90","312","12.59%","550","22.20%","561","22.68%","850","34.36%","34.96%","35.97%","42.72%","52.99%"
"1","31","91","УИК №91","220","35.48%","220","35.48%","321","51.77%","422","68.06%","69.84%","78.23%","39.68%","50.16%"
"1","41","576","УИК №576","117","6.99%","194","11.52%","233","13.91%","325","19.40%","21.07%","23.22%","29.37%","36.66%"
"1","41","577","УИК №577","150","9.87%","264","17.37%","507","33.36%","603","39.67%","40.20%","40.86%","41.97%","48.29%"
"1","41","578","УИК №578","70","5.52%","257","20.28%","411","32.44%","449","35.44%","35.83%","37.33%","39.54%","39.54%"
"1","41","579","УИК №579","207","11.45%","279","15.43%","318","17.59%","383","21.18%","21.63%","22.23%","25.61%","28.76%"
"1","41","580","УИК №580","144","7.22%","214","10.73%","285","14.29%","327","16.39%","17.04%","17.69%","21.35%","24.66%"
"1","41","581","УИК №581","141","7.98%","221","12.51%","293","16.59%","531","30.07%","31.20%","32.45%","38.62%","42.47%"
"1","41","582","УИК №582","141","10.21%","247","17.89%","352","25.49%","433","31.35%","31.79%","33.24%","37.65%","42.72%"
"1","41","583","УИК №583","155","6.88%","298","13.23%","376","16.70%","500","22.20%","24.96%","26.07%","29.09%","31.93%"
"1","41","584","УИК №584","152","7.75%","223","11.37%","277","14.13%","316","16.11%","16.62%","17.29%","20.09%","23.15%"
"1","41","585","УИК №585","152","8.82%","226","13.11%","329","19.08%","430","24.94%","25.12%","25.12%","25.23%","29.52%"
"1","41","586","УИК №586","120","7.43%","169","10.47%","430","26.64%","460","28.50%","42.01%","43.25%","48.08%","52.42%"
"1","41","587","УИК №587","140","7.02%","207","10.39%","296","14.85%","366","18.36%","19.22%","19.52%","23.58%","27.40%"
"1","41","588","УИК №588","290","13.72%","368","17.41%","456","21.57%","527","24.93%","25.31%","26.06%","27.34%","35.43%"
"1","41","589","УИК №589","142","9.87%","239","16.62%","301","20.93%","337","23.44%","24.13%","26.63%","30.95%","37.20%"
"1","41","590","УИК №590","183","12.07%","234","15.44%","539","35.55%","691","45.58%","45.78%","46.04%","48.68%","51.98%"
"1","41","591","УИК №591","186","10.13%","250","13.62%","402","21.90%","740","40.31%","40.36%","40.41%","41.72%","46.46%"
"1","41","645","УИК №645","","","","","","","","","4.00%","11.33%","21.67%","32.00%"
"2","1","27","УИК №27","322","20.87%","493","31.95%","573","37.14%","702","45.12%","45.44%","46.47%","49.23%","53.73%"
"2","1","28","УИК №28","211","18.27%","450","38.96%","562","48.66%","658","56.68%","56.76%","57.71%","60.03%","64.25%"
"2","1","29","УИК №29","171","10.98%","404","25.93%","502","32.22%","638","40.18%","40.49%","41.06%","44.84%","60.20%"
"2","1","32","УИК №32","269","20.69%","354","27.23%","412","31.69%","459","35.31%","35.31%","35.69%","43.69%","47.54%"
"2","16","2202","УИК №2202","238","13.98%","419","24.75%","544","32.23%","666","39.76%","40.19%","41.20%","48.16%","54.12%"
"2","16","2203","УИК №2203","76","6.47%","266","22.99%","368","31.94%","424","37.13%","37.03%","38.43%","44.54%","50.04%"
"2","16","2204","УИК №2204","188","16.17%","295","25.37%","389","33.97%","423","36.94%","40.81%","42.03%","45.97%","49.56%"
"2","16","2205","УИК №2205","253","12.62%","483","24.21%","616","31.02%","798","40.92%","41.28%","42.11%","45.53%","52.39%"
"2","30","2233","УИК №2233","253","19.48%","459","35.33%","492","37.88%","528","40.65%","40.65%","41.11%","43.73%","46.34%"
"2","30","2234","УИК №2234","283","19.16%","467","30.89%","473","31.28%","703","46.49%","46.89%","47.16%","49.21%","52.84%"
"2","30","2235","УИК №2235","250","14.02%","420","23.56%","570","32.02%","699","39.27%","39.80%","40.92%","47.13%","48.76%"
"2","30","2242","УИК №2242","271","14.09%","500","25.99%","607","31.61%","735","38.28%","38.28%","38.96%","47.08%","51.93%"
"2","30","2245","УИК №2245","347","14.41%","576","23.92%","760","31.54%","936","38.84%","39.00%","39.67%","42.99%","44.69%"
"2","30","2247","УИК №2247","249","14.49%","430","25.01%","551","32.05%","655","38.10%","38.16%","38.86%","43.28%","45.38%"
"2","30","2248","УИК №2248","225","14.69%","350","22.85%","482","31.54%","630","41.23%","41.57%","41.77%","43.96%","48.40%"
"2","30","2249","УИК №2249","252","14.92%","392","23.21%","533","31.56%","640","37.89%","38.01%","40.08%","43.34%","48.37%"
"2","30","2250","УИК №2250","187","15.09%","294","23.73%","397","32.15%","480","38.87%","39.35%","40.16%","43.24%","51.74%"
"2","30","2251","УИК №2251","157","14.29%","251","22.84%","365","33.27%","428","39.02%","39.62%","40.59%","45.43%","51.48%"
"2","30","2252","УИК №2252","222","14.41%","362","23.49%","446","28.94%","554","35.95%","35.95%","37.38%","42.23%","50.88%"
"2","30","2253","УИК №2253","274","14.50%","437","23.12%","609","32.29%","714","37.86%","38.55%","39.25%","42.96%","50.16%"
"2","30","2254","УИК №2254","140","10.02%","168","12.03%","242","17.32%","287","20.54%","21.12%","22.05%","24.19%","27.06%"
"2","30","2256","УИК №2256","347","15.11%","354","15.41%","447","19.47%","537","23.40%","23.70%","24.14%","28.58%","32.10%"
"2","31","33","УИК №33","342","15.29%","711","31.78%","781","34.91%","1047","46.80%","46.80%","47.61%","51.90%","56.10%"
"2","31","34","УИК №34","307","15.84%","407","21.00%","608","31.37%","698","36.02%","36.02%","42.78%","47.21%","48.76%"
"2","31","35","УИК №35","225","21.27%","263","24.86%","294","27.79%","422","39.89%","39.89%","40.55%","42.06%","45.09%"
"2","31","36","УИК №36","224","13.54%","360","21.77%","484","29.26%","608","36.76%","37.00%","37.85%","40.33%","45.95%"
"2","31","37","УИК №37","189","19.09%","207","20.91%","279","28.18%","356","35.96%","36.46%","37.58%","41.21%","46.67%"
"2","31","38","УИК №38","219","13.37%","400","24.42%","434","26.50%","646","39.44%","39.80%","40.54%","43.65%","48.29%"
"2","31","39","УИК №39","207","11.35%","471","25.82%","520","28.37%","745","40.64%","40.92%","42.12%","44.79%","48.01%"
"2","31","40","УИК №40","242","13.45%","448","24.90%","490","27.24%","718","39.91%","40.63%","41.75%","45.53%","48.69%"
"2","31","41","УИК №41","172","20.31%","211","24.91%","286","33.61%","338","39.72%","39.84%","46.65%","48.77%","54.05%"
"2","31","42","УИК №42","251","15.10%","414","24.91%","457","27.50%","663","39.89%","40.25%","41.10%","44.52%","51.87%"
"2","60","2035","УИК №2035","208","12.24%","447","26.45%","538","32.02%","727","43.66%","44.20%","46.62%","49.73%","56.12%"
"2","60","2036","УИК №2036","301","14.58%","351","17.17%","370","18.28%","523","26.10%","26.35%","26.97%","31.23%","34.66%"
"2","60","2037","УИК №2037","455","16.15%","730","26.01%","791","28.28%","890","31.99%","32.14%","33.39%","37.26%","41.20%"
"2","60","2038","УИК №2038","355","13.90%","760","29.87%","944","37.25%","1128","44.78%","45.41%","47.19%","50.75%","54.66%"
"2","60","2039","УИК №2039","388","13.65%","782","27.60%","919","32.55%","1207","43.29%","43.44%","45.20%","49.56%","55.29%"
"2","60","2040","УИК №2040","131","7.20%","179","9.89%","218","12.12%","492","27.58%","27.97%","30.28%","35.56%","40.85%"
"2","60","2041","УИК №2041","189","14.33%","399","30.60%","443","34.37%","581","45.60%","45.68%","46.31%","47.84%","51.84%"
"2","60","2042","УИК №2042","227","12.48%","517","28.58%","606","33.69%","769","43.11%","43.50%","44.68%","51.57%","56.29%"
"2","60","2043","УИК №2043","115","8.42%","178","13.18%","199","14.90%","285","21.49%","21.49%","23.41%","26.17%","29.83%"
"2","60","2044","УИК №2044","503","16.95%","758","25.72%","939","32.08%","1166","40.25%","40.90%","42.39%","46.34%","49.79%"
"2","60","2047","УИК №2047","387","14.39%","949","35.49%","1050","39.49%","1254","47.52%","47.56%","48.63%","53.15%","57.11%"
"2","60","2048","УИК №2048","346","13.92%","646","26.15%","876","35.68%","990","40.66%","42.01%","43.47%","46.44%","52.47%"
"2","60","2049","УИК №2049","309","13.85%","700","31.52%","808","36.54%","968","44.08%","44.31%","47.76%","48.79%","50.79%"
"2","60","2050","УИК №2050","281","13.73%","618","30.35%","779","38.45%","820","40.78%","40.88%","42.97%","47.94%","53.12%"
"2","60","2051","УИК №2051","284","12.05%","590","25.14%","650","27.81%","900","38.76%","38.89%","40.56%","47.03%","51.66%"
"2","60","2052","УИК №2052","230","9.22%","648","26.23%","796","32.56%","911","37.64%","38.88%","40.24%","45.73%","51.47%"
"2","60","2053","УИК №2053","308","14.08%","533","24.65%","620","29.01%","850","40.15%","41.10%","43.40%","47.59%","49.16%"
"2","60","2054","УИК №2054","253","11.07%","518","22.76%","668","29.48%","791","35.06%","35.37%","36.96%","41.01%","46.39%"
"2","64","2206","УИК №2206","211","14.19%","372","25.02%","505","33.96%","620","41.69%","42.10%","42.50%","42.77%","45.19%"
"2","64","2207","УИК №2207","178","14.64%","310","25.49%","418","34.38%","487","40.05%","41.45%","41.78%","42.02%","45.56%"
"2","64","2208","УИК №2208","243","15.31%","396","24.95%","505","31.82%","681","42.91%","43.54%","43.67%","43.86%","45.43%"
"2","64","2209","УИК №2209","211","10.57%","502","25.15%","624","31.26%","759","38.03%","38.43%","38.58%","38.83%","40.13%"
"2","64","2210","УИК №2210","286","14.40%","497","25.03%","619","31.17%","793","39.93%","40.03%","40.18%","40.38%","41.99%"
"2","64","2211","УИК №2211","203","13.08%","391","25.19%","508","32.73%","624","40.21%","41.11%","41.37%","41.56%","44.97%"
"2","64","2212","УИК №2212","160","13.27%","303","25.12%","403","33.42%","488","40.46%","40.88%","41.04%","41.54%","44.69%"
"2","64","2213","УИК №2213","218","14.12%","380","24.61%","515","33.35%","644","41.71%","42.55%","42.81%","43.33%","44.56%"
"2","64","2214","УИК №2214","251","13.76%","438","24.01%","634","34.76%","780","42.76%","43.64%","43.80%","44.13%","44.57%"
"2","64","2215","УИК №2215","354","14.50%","603","24.69%","793","32.47%","1001","40.99%","41.56%","41.69%","41.85%","44.72%"
"2","64","2216","УИК №2216","208","15.66%","336","25.30%","425","32.00%","558","42.02%","43.22%","43.30%","43.45%","45.26%"
"2","64","2217","УИК №2217","201","13.09%","381","24.82%","507","33.03%","633","41.24%","43.19%","43.32%","43.65%","44.76%"
"2","64","2218","УИК №2218","244","15.56%","387","24.68%","505","32.21%","646","41.20%","41.96%","42.16%","42.67%","45.34%"
"2","64","2219","УИК №2219","279","14.61%","480","25.13%","611","31.99%","757","39.63%","40.00%","40.21%","40.47%","42.93%"
"2","64","2220","УИК №2220","267","13.60%","487","24.81%","677","34.49%","789","40.19%","41.11%","41.26%","41.47%","43.66%"
"2","64","2221","УИК №2221","198","13.64%","372","25.62%","476","32.78%","603","41.53%","42.63%","42.84%","43.32%","44.49%"
"2","64","2222","УИК №2222","218","14.04%","382","24.60%","499","32.13%","640","41.21%","41.98%","42.69%","43.21%","45.59%"
"2","64","2223","УИК №2223","259","13.64%","483","25.43%","629","33.12%","775","40.81%","41.86%","41.97%","42.29%","44.29%"
"2","64","2224","УИК №2224","198","13.24%","373","24.93%","492","32.89%","642","42.91%","43.38%","43.65%","44.05%","44.32%"
"2","64","2225","УИК №2225","285","13.11%","543","24.98%","671","30.86%","873","40.16%","41.58%","41.90%","42.13%","43.61%"
"2","64","2263","УИК №2263","327","14.87%","532","24.19%","715","32.51%","933","42.43%","43.07%","43.25%","43.57%","44.79%"
"2","64","2266","УИК №2266","202","13.78%","365","24.90%","493","33.63%","618","42.16%","42.91%","43.04%","43.59%","45.91%"
"2","64","2267","УИК №2267","169","13.03%","322","24.83%","425","32.77%","537","41.40%","42.10%","42.48%","43.10%","45.34%"
"2","64","2268","УИК №2268","164","14.29%","288","25.09%","377","32.84%","467","40.68%","41.64%","41.90%","42.51%","44.08%"
"2","64","2269","УИК №2269","199","14.81%","341","25.37%","455","33.85%","572","42.56%","43.60%","43.82%","44.35%","45.76%"
"2","64","2272","УИК №2272","17","17.35%","35","35.71%","47","47.96%","53","54.08%","60.20%","60.20%","63.27%","72.45%"
"3","9","1793","УИК №1793","324","18.32%","472","26.68%","560","31.66%","657","37.14%","46.75%","49.18%","52.85%","53.53%"
"3","9","1794","УИК №1794","558","24.76%","777","34.47%","886","39.31%","991","43.97%","44.37%","45.25%","47.65%","48.80%"
"3","9","1795","УИК №1795","444","24.94%","620","34.83%","710","39.89%","805","45.22%","48.99%","51.80%","54.49%","55.67%"
"3","9","1796","УИК №1796","333","23.68%","471","33.50%","531","37.77%","601","42.75%","44.45%","46.80%","49.29%","50.43%"
"3","9","1797","УИК №1797","388","24.98%","533","34.32%","610","39.28%","684","44.04%","47.65%","50.16%","52.80%","53.64%"
"3","9","1798","УИК №1798","448","24.56%","629","34.48%","720","39.47%","809","44.35%","48.19%","50.71%","53.40%","54.55%"
"3","9","1799","УИК №1799","416","24.78%","562","33.47%","664","39.55%","739","44.01%","45.62%","48.00%","50.51%","51.40%"
"3","9","1800","УИК №1800","333","17.89%","485","26.06%","580","31.17%","691","37.13%","43.20%","45.46%","47.88%","48.95%"
"3","9","1801","УИК №1801","342","17.74%","503","26.09%","629","32.62%","759","39.37%","42.43%","44.66%","46.99%","47.93%"
"3","9","1802","УИК №1802","403","17.37%","593","25.56%","743","32.03%","895","38.58%","42.37%","44.61%","46.94%","48.10%"
"3","9","1803","УИК №1803","579","24.03%","815","33.83%","932","38.69%","1071","44.46%","45.04%","47.41%","49.90%","51.27%"
"3","9","1804","УИК №1804","359","17.44%","542","26.34%","643","31.24%","741","36.01%","49.17%","51.75%","54.47%","55.88%"
"3","9","1805","УИК №1805","656","24.96%","910","34.63%","1036","39.42%","1169","44.48%","46.16%","48.59%","51.14%","52.70%"
"3","9","1806","УИК №1806","457","25.01%","635","34.76%","725","39.68%","823","45.05%","48.17%","50.68%","53.37%","54.68%"
"3","9","1807","УИК №1807","515","17.99%","754","26.35%","890","31.10%","1023","35.74%","46.99%","49.48%","52.06%","54.09%"
"3","9","1808","УИК №1808","523","18.79%","750","26.95%","930","33.42%","1123","40.35%","44.74%","47.11%","49.59%","51.13%"
"3","9","1809","УИК №1809","263","18.29%","382","26.56%","451","31.36%","543","37.76%","43.95%","46.31%","48.75%","49.93%"
"3","9","1810","УИК №1810","606","21.73%","846","30.33%","1003","35.96%","1321","47.36%","47.58%","48.05%","49.52%","51.06%"
"3","9","1859","УИК №1859","811","17.94%","1174","25.97%","1387","30.68%","1561","34.53%","43.75%","46.14%","46.27%","48.93%"
"3","18","1627","УИК №1627","181","12.46%","364","25.30%","531","36.93%","632","44.32%","44.74%","45.58%","47.76%","49.89%"
"3","18","1628","УИК №1628","130","6.64%","417","21.40%","659","33.97%","781","40.51%","40.87%","41.23%","44.35%","48.51%"
"3","18","1629","УИК №1629","146","12.30%","298","25.32%","422","36.04%","505","43.42%","44.11%","44.45%","52.88%","53.55%"
"3","18","1630","УИК №1630","95","7.64%","304","24.70%","451","36.76%","547","45.02%","45.76%","46.17%","48.15%","53.71%"
"3","18","1631","УИК №1631","110","6.66%","338","20.56%","579","35.41%","719","44.47%","44.96%","45.08%","48.61%","53.50%"
"3","18","1632","УИК №1632","204","10.07%","509","25.27%","754","37.68%","929","46.73%","47.23%","47.59%","50.55%","52.52%"
"3","18","1633","УИК №1633","128","8.89%","289","20.18%","440","30.99%","567","40.24%","40.81%","41.02%","45.35%","49.93%"
"3","18","1634","УИК №1634","86","7.26%","281","23.89%","428","36.58%","498","42.86%","43.55%","43.72%","46.73%","50.91%"
"3","18","1635","УИК №1635","135","12.52%","260","24.32%","372","34.93%","451","42.91%","43.29%","43.58%","46.91%","50.77%"
"3","18","1636","УИК №1636","205","12.58%","435","26.95%","548","34.12%","678","42.56%","43.13%","43.88%","51.48%","52.88%"
"3","18","1637","УИК №1637","326","12.56%","651","25.19%","887","34.50%","1073","41.88%","42.31%","42.47%","49.02%","51.07%"
"3","18","1638","УИК №1638","315","12.30%","632","24.87%","912","36.10%","1047","41.61%","42.05%","43.12%","48.97%","50.62%"
"3","18","1639","УИК №1639","181","12.58%","331","23.13%","495","34.81%","579","41.01%","41.29%","42.99%","45.47%","47.33%"
"3","18","1640","УИК №1640","225","17.65%","306","24.13%","438","34.73%","541","43.18%","43.58%","45.17%","49.48%","53.65%"
"3","18","1641","УИК №1641","98","5.72%","407","23.83%","602","35.43%","711","42.05%","42.58%","43.88%","46.84%","49.97%"
"3","18","1642","УИК №1642","93","10.46%","214","24.15%","313","35.49%","376","42.87%","43.33%","44.13%","48.57%","52.52%"
"3","18","1643","УИК №1643","149","7.72%","457","23.76%","679","35.48%","778","40.75%","41.17%","41.17%","45.63%","52.25%"
"3","18","1654","УИК №1654","144","7.73%","445","24.05%","668","36.26%","795","43.42%","43.69%","43.86%","47.41%","53.42%"
"3","18","1655","УИК №1655","249","20.51%","345","28.54%","709","58.89%","801","66.92%","67.75%","68.34%","78.03%","80.68%"
"3","18","1656","УИК №1656","349","14.26%","609","25.04%","925","38.21%","1003","41.62%","41.78%","41.83%","45.56%","50.67%"
"3","18","1657","УИК №1657","346","12.09%","692","24.36%","1049","37.12%","1276","45.44%","45.69%","45.90%","47.90%","50.31%"
"3","18","1658","УИК №1658","319","11.74%","677","25.08%","998","37.29%","1102","41.48%","41.66%","42.23%","46.74%","52.71%"
"3","18","1659","УИК №1659","389","12.11%","782","24.51%","1151","36.31%","1249","39.74%","39.90%","40.15%","44.42%","47.99%"
"3","18","1660","УИК №1660","291","13.31%","541","24.90%","802","36.94%","903","41.82%","42.06%","42.43%","46.13%","51.15%"
"3","18","1661","УИК №1661","183","11.91%","338","22.13%","559","36.80%","614","40.69%","40.89%","43.34%","49.77%","55.96%"
"3","18","1662","УИК №1662","218","13.86%","369","23.67%","582","37.55%","632","41.09%","41.35%","42.39%","45.06%","53.44%"
"3","18","1663","УИК №1663","77","9.70%","190","24.14%","289","36.86%","325","41.56%","42.20%","42.46%","43.99%","48.20%"
"3","18","1664","УИК №1664","208","11.40%","453","24.90%","654","36.11%","738","40.95%","41.12%","41.29%","46.84%","48.49%"
"3","18","1665","УИК №1665","","","","","","","","","3.20%","16.80%","65.60%","96.00%"
"3","18","1666","УИК №1666","879","24.77%","1389","39.15%","1826","51.47%","2315","65.25%","67.59%","75.51%","84.67%","99.55%"
"3","18","1667","УИК №1667","","","","","","","","","2.05%","20.51%","69.74%","71.28%"
"3","18","2355","УИК №2355","","","","","","","","","","","",""
"3","18","2356","УИК №2356","","","","","","","","","","","",""
"3","18","2357","УИК №2357","","","","","","","","","","","",""
"3","18","2358","УИК №2358","","","","","","","","","","","",""
"3","18","2530","УИК №2530","","","","","102","100.00%","221","100.00%","100.00%","100.00%","100.00%","100.00%"
"3","18","2535","УИК №2535","","","","","117","100.00%","301","100.00%","100.00%","100.00%","100.00%","100.00%"
"3","18","2538","УИК №2538","","","","","98","100.00%","156","100.00%","100.00%","100.00%","100.00%","100.00%"
"3","18","2539","УИК №2539","","","","","83","100.00%","287","100.00%","100.00%","100.00%","100.00%","100.00%"
"3","18","2540","УИК №2540","","","","","107","100.00%","261","100.00%","100.00%","100.00%","100.00%","100.00%"
"3","18","2544","УИК №2544","","","","","121","100.00%","253","100.00%","100.00%","100.00%","100.00%","100.00%"
"3","18","2545","УИК №2545","","","","","118","100.00%","356","100.00%","100.00%","100.00%","100.00%","100.00%"
"3","54","1612","УИК №1612","167","13.46%","293","23.90%","448","36.90%","493","40.91%","41.33%","41.66%","44.56%","47.47%"
"3","54","1613","УИК №1613","83","7.58%","182","16.85%","279","25.93%","395","36.92%","37.20%","38.88%","44.02%","47.94%"
"3","54","1614","УИК №1614","175","10.85%","388","24.28%","599","37.74%","697","44.11%","44.49%","44.87%","47.97%","49.75%"
"3","54","1615","УИК №1615","130","8.44%","382","25.12%","589","38.93%","666","44.37%","44.70%","45.17%","48.57%","54.10%"
"3","54","1616","УИК №1616","94","6.09%","298","19.53%","428","28.18%","560","37.11%","37.38%","38.83%","45.86%","52.42%"
"3","54","1617","УИК №1617","187","13.94%","330","24.89%","493","37.46%","568","43.43%","43.65%","46.48%","50.61%","54.13%"
"3","54","1618","УИК №1618","207","17.47%","314","26.79%","488","42.11%","497","43.10%","43.63%","44.93%","47.35%","48.92%"
"3","54","1619","УИК №1619","178","11.48%","395","25.82%","569","37.36%","659","43.38%","43.78%","44.04%","47.00%","49.37%"
"3","54","1620","УИК №1620","140","7.40%","433","23.18%","660","35.62%","798","43.32%","43.54%","43.81%","47.01%","51.57%"
"3","54","1621","УИК №1621","205","12.66%","382","23.90%","578","36.35%","690","43.53%","44.04%","44.79%","47.07%","48.33%"
"3","54","1622","УИК №1622","178","9.94%","418","23.59%","638","36.15%","723","41.06%","41.28%","41.45%","44.01%","49.18%"
"3","54","1623","УИК №1623","124","9.16%","339","25.34%","502","37.77%","562","42.51%","42.74%","43.49%","47.05%","51.89%"
"3","54","1624","УИК №1624","190","12.06%","389","24.89%","582","37.38%","608","39.25%","39.77%","40.09%","44.61%","47.45%"
"3","54","1625","УИК №1625","184","11.56%","367","23.32%","561","35.76%","571","36.65%","36.78%","37.42%","42.11%","42.55%"
"3","54","1626","УИК №1626","137","15.05%","238","26.42%","348","38.80%","386","43.18%","43.96%","44.07%","46.87%","50.11%"
"3","54","1644","УИК №1644","288","18.39%","385","24.82%","564","36.53%","661","42.92%","43.31%","43.57%","55.06%","56.36%"
"3","54","1645","УИК №1645","72","5.93%","297","24.71%","449","37.54%","522","43.79%","44.30%","44.97%","45.97%","49.33%"
"3","54","1646","УИК №1646","240","14.23%","411","24.58%","716","43.11%","741","44.80%","45.22%","45.53%","48.19%","48.49%"
"3","54","1647","УИК №1647","342","14.62%","575","24.85%","874","38.03%","1006","43.99%","44.51%","45.08%","48.23%","52.73%"
"3","54","1648","УИК №1648","217","13.53%","375","23.69%","449","28.53%","578","36.98%","37.56%","37.75%","43.83%","50.35%"
"3","54","1649","УИК №1649","198","14.93%","323","24.68%","479","36.79%","537","41.44%","42.05%","42.44%","51.93%","55.09%"
"3","54","1650","УИК №1650","51","6.67%","181","23.94%","262","34.89%","292","39.04%","39.57%","39.84%","48.40%","52.14%"
"3","54","1651","УИК №1651","102","12.83%","184","23.47%","254","32.56%","323","41.52%","42.42%","42.93%","47.94%","55.91%"
"3","54","1652","УИК №1652","132","11.75%","279","25.18%","422","38.33%","448","40.84%","41.66%","41.84%","44.03%","50.96%"
"3","54","1653","УИК №1653","169","12.11%","351","25.51%","541","39.43%","594","43.48%","44.22%","44.29%","46.85%","52.20%"
"3","54","1669","УИК №1669","160","5.09%","790","25.41%","1152","37.22%","1287","41.73%","42.12%","44.29%","47.80%","52.46%"
"3","58","1812","УИК №1812","629","26.01%","774","32.01%","914","37.80%","1029","42.56%","43.76%","44.58%","45.62%","48.50%"
"3","58","1813","УИК №1813","571","22.87%","724","28.99%","874","35.00%","948","37.97%","41.45%","42.21%","45.01%","48.25%"
"3","58","1814","УИК №1814","201","12.15%","560","33.86%","608","36.76%","685","41.41%","43.35%","43.95%","46.43%","49.40%"
"3","58","1815","УИК №1815","318","19.65%","469","28.99%","570","35.23%","645","39.86%","42.71%","44.00%","46.54%","50.31%"
"3","58","1817","УИК №1817","524","27.96%","675","36.02%","720","38.42%","821","43.81%","44.45%","45.46%","46.26%","48.32%"
"3","58","1818","УИК №1818","291","20.61%","409","28.97%","549","38.88%","627","44.41%","45.89%","46.95%","48.23%","51.70%"
"3","58","1819","УИК №1819","324","16.10%","583","28.98%","702","34.89%","795","39.51%","42.20%","43.39%","45.08%","48.21%"
"3","58","1820","УИК №1820","340","24.08%","466","32.98%","521","36.87%","562","39.77%","43.10%","44.23%","46.99%","48.90%"
"3","58","1843","УИК №1843","372","15.86%","727","31.00%","849","36.20%","970","41.36%","43.16%","43.80%","45.71%","48.61%"
"3","58","1844","УИК №1844","345","18.33%","565","30.02%","687","36.50%","843","44.79%","46.92%","47.50%","48.88%","51.86%"
"3","58","1845","УИК №1845","489","20.83%","728","31.01%","838","35.69%","963","41.01%","43.06%","43.99%","45.66%","48.68%"
"4","2","158","УИК №158","85","12.32%","207","30.00%","280","40.58%","300","43.48%","43.91%","45.07%","48.55%","52.17%"
"4","2","159","УИК №159","250","16.79%","394","26.46%","575","38.62%","662","44.46%","45.57%","46.41%","52.25%","56.75%"
"4","2","160","УИК №160","258","15.92%","436","26.90%","660","40.72%","730","45.03%","45.03%","47.62%","52.93%","53.98%"
"4","2","161","УИК №161","309","18.50%","537","32.16%","643","38.50%","818","48.98%","48.98%","49.52%","53.53%","57.90%"
"4","2","162","УИК №162","227","15.60%","451","30.99%","591","40.62%","659","45.29%","45.29%","45.36%","45.36%","46.05%"
"4","2","163","УИК №163","172","14.12%","381","31.28%","445","36.54%","504","41.38%","44.83%","45.24%","50.90%","53.04%"
"4","2","164","УИК №164","269","16.18%","530","31.87%","627","37.70%","761","45.76%","45.76%","46.54%","51.95%","54.96%"
"4","2","165","УИК №165","338","19.81%","518","30.36%","660","38.69%","830","48.65%","48.89%","49.30%","52.17%","56.21%"
"4","2","166","УИК №166","426","23.38%","564","30.95%","762","41.82%","830","45.55%","46.82%","47.53%","51.26%","54.45%"
"4","2","167","УИК №167","287","12.19%","715","30.37%","853","36.24%","1014","43.08%","43.16%","43.84%","47.83%","51.57%"
"4","2","168","УИК №168","245","8.35%","802","27.34%","1095","37.33%","1198","40.85%","44.26%","44.70%","47.43%","49.64%"
"4","2","169","УИК №169","204","14.50%","413","29.35%","532","37.81%","615","43.71%","44.78%","45.56%","50.75%","53.94%"
"4","2","170","УИК №170","418","17.78%","717","30.50%","934","39.73%","1059","45.04%","45.68%","46.45%","50.40%","52.32%"
"4","2","171","УИК №171","280","17.64%","500","31.51%","614","38.69%","698","43.98%","44.05%","44.49%","48.77%","54.13%"
"4","2","172","УИК №172","629","30.42%","659","31.87%","786","38.01%","931","45.02%","45.16%","45.94%","51.45%","57.25%"
"4","2","173","УИК №173","230","12.49%","580","31.49%","769","41.75%","829","45.01%","45.22%","46.09%","49.57%","54.51%"
"4","2","174","УИК №174","250","11.53%","415","19.13%","768","35.41%","848","39.10%","45.55%","46.93%","50.95%","55.33%"
"4","2","175","УИК №175","347","20.30%","510","29.84%","617","36.10%","754","44.12%","44.59%","45.87%","50.85%","55.94%"
"4","2","176","УИК №176","345","17.52%","621","31.54%","702","35.65%","870","44.18%","45.15%","46.32%","49.97%","70.90%"
"4","2","177","УИК №177","292","15.70%","422","22.69%","637","34.25%","821","44.14%","45.11%","46.18%","48.92%","57.53%"
"4","2","178","УИК №178","250","13.16%","452","23.80%","576","30.33%","711","37.44%","37.91%","38.97%","40.07%","46.34%"
"4","2","179","УИК №179","133","15.25%","266","30.50%","330","37.84%","380","43.58%","43.69%","44.95%","54.13%","59.06%"
"4","2","182","УИК №182","358","14.74%","702","28.90%","939","38.66%","1046","43.06%","43.19%","43.80%","48.41%","53.73%"
"4","2","184","УИК №184","387","15.96%","771","31.79%","933","38.47%","1102","45.44%","45.44%","46.14%","50.23%","54.56%"
"4","32","132","УИК №132","345","16.20%","552","25.92%","1039","48.78%","1109","52.07%","52.07%","53.52%","56.71%","62.58%"
"4","32","133","УИК №133","132","7.07%","201","10.77%","277","14.84%","352","18.85%","19.55%","20.62%","24.85%","30.69%"
"4","32","134","УИК №134","230","15.06%","430","28.16%","523","34.25%","650","42.57%","42.57%","44.53%","44.53%","46.82%"
"4","32","135","УИК №135","335","17.08%","604","30.80%","701","35.75%","863","44.01%","44.06%","44.72%","47.99%","54.61%"
"4","32","136","УИК №136","256","15.69%","512","31.37%","622","38.11%","732","44.85%","45.22%","47.12%","50.80%","52.70%"
"4","32","137","УИК №137","190","17.13%","330","29.76%","400","36.07%","447","40.31%","40.31%","41.48%","45.45%","49.77%"
"4","32","138","УИК №138","265","15.33%","534","30.88%","665","38.46%","805","46.56%","46.62%","47.48%","49.97%","57.55%"
"4","32","139","УИК №139","240","14.71%","483","29.61%","635","38.93%","710","43.53%","44.27%","45.55%","49.36%","54.02%"
"4","32","140","УИК №140","231","14.18%","485","29.77%","511","31.37%","519","31.86%","31.86%","31.86%","31.86%","32.72%"
"4","32","141","УИК №141","302","15.87%","548","28.80%","680","35.73%","822","43.19%","45.77%","45.93%","48.77%","52.34%"
"4","32","142","УИК №142","350","21.98%","501","31.47%","535","33.61%","720","45.23%","45.23%","45.60%","45.79%","49.81%"
"4","32","143","УИК №143","100","9.19%","165","15.17%","180","16.54%","290","26.65%","26.75%","27.67%","31.99%","38.79%"
"4","32","144","УИК №144","282","17.77%","507","31.95%","615","38.75%","787","49.59%","49.78%","50.03%","52.49%","57.78%"
"4","32","145","УИК №145","327","15.65%","665","31.83%","700","33.51%","945","45.24%","45.24%","45.48%","47.87%","54.86%"
"4","32","146","УИК №146","197","15.68%","385","30.65%","469","37.34%","550","43.79%","43.79%","44.27%","48.73%","55.81%"
"4","32","147","УИК №147","292","16.33%","566","31.66%","681","38.09%","801","44.80%","44.85%","45.25%","48.77%","52.68%"
"4","32","148","УИК №148","356","14.57%","756","30.93%","901","36.87%","1118","45.74%","45.95%","46.85%","52.66%","53.52%"
"4","32","149","УИК №149","260","15.45%","485","28.82%","579","34.40%","621","36.90%","37.25%","37.97%","41.71%","47.47%"
"4","32","150","УИК №150","240","15.90%","431","28.56%","542","35.92%","678","44.93%","46.06%","47.25%","51.95%","57.72%"
"4","32","151","УИК №151","341","17.20%","624","31.48%","771","38.90%","866","43.69%","43.74%","44.65%","45.61%","47.17%"
"4","32","152","УИК №152","214","12.30%","471","27.07%","554","31.84%","689","39.60%","39.89%","40.11%","42.36%","44.25%"
"4","32","153","УИК №153","180","8.31%","289","13.34%","362","16.71%","487","22.47%","22.47%","22.57%","27.09%","31.52%"
"4","32","154","УИК №154","309","18.31%","534","31.64%","667","39.51%","764","45.26%","45.38%","46.62%","49.76%","54.74%"
"4","32","155","УИК №155","217","18.92%","316","27.55%","418","36.44%","500","43.59%","47.52%","48.74%","54.05%","59.63%"
"4","32","156","УИК №156","365","17.21%","614","28.95%","762","35.93%","887","41.82%","41.82%","42.76%","49.08%","54.60%"
"4","32","157","УИК №157","270","18.91%","452","31.65%","550","38.52%","625","43.77%","43.91%","43.98%","44.68%","45.66%"
"4","32","180","УИК №180","202","12.75%","406","25.63%","548","34.60%","600","37.88%","44.51%","45.45%","49.87%","55.05%"
"4","32","181","УИК №181","310","15.41%","610","30.32%","719","35.74%","901","44.78%","44.88%","45.48%","47.17%","62.13%"
"4","32","183","УИК №183","426","15.00%","852","30.00%","1044","36.76%","1216","42.82%","42.82%","43.56%","48.13%","52.71%"
"4","32","189","УИК №189","462","15.67%","862","29.23%","1039","35.23%","1271","43.10%","43.27%","43.57%","44.25%","47.13%"
"4","32","190","УИК №190","","","","","","","","","33.96%","69.98%","86.11%","91.94%"
"4","32","191","УИК №191","410","15.21%","753","27.94%","1000","37.11%","1199","44.49%","45.83%","47.05%","53.62%","62.04%"
"4","32","198","УИК №198","0","0.00%","522","100.00%","522","82.33%","572","90.22%","90.38%","97.48%","98.11%","98.26%"
"4","32","2483","УИК №2483","0","0.00%","0","0.00%","297","18.71%","985","62.07%","62.07%","62.32%","62.57%","62.57%"
"4","32","2492","УИК №2492","0","0.00%","0","0.00%","369","23.19%","1002","62.98%","62.98%","63.10%","63.29%","63.29%"
"4","32","2493","УИК №2493","0","0.00%","0","0.00%","312","20.29%","1050","68.27%","68.27%","68.79%","68.86%","68.86%"
"4","32","2512","УИК №2512","0","0.00%","0","0.00%","376","18.84%","1108","55.51%","55.51%","55.71%","55.86%","55.86%"
"4","32","2513","УИК №2513","0","0.00%","0","0.00%","450","21.11%","1210","56.75%","56.75%","57.32%","57.50%","57.50%"
"4","32","2514","УИК №2514","0","0.00%","0","0.00%","398","19.79%","1203","59.82%","59.82%","59.92%","60.12%","60.12%"
"4","32","2515","УИК №2515","0","0.00%","0","0.00%","416","20.68%","1182","58.75%","58.75%","58.99%","59.19%","59.19%"
"4","32","2529","УИК №2529","0","0.00%","0","0.00%","429","21.20%","1270","62.75%","62.75%","63.19%","63.44%","63.44%"
"4","33","104","УИК №104","252","16.42%","452","29.45%","533","34.72%","632","41.17%","41.17%","41.89%","46.25%","53.09%"
"4","33","105","УИК №105","315","18.45%","480","28.12%","600","35.15%","1076","63.03%","64.03%","67.49%","68.66%","73.35%"
"4","33","106","УИК №106","209","15.29%","434","31.75%","464","33.94%","465","34.02%","34.02%","34.02%","34.16%","34.16%"
"4","33","107","УИК №107","200","14.77%","349","25.78%","389","28.73%","481","35.52%","35.52%","37.30%","40.69%","45.42%"
"4","33","108","УИК №108","182","12.46%","301","20.60%","333","22.79%","430","29.43%","33.20%","34.50%","37.65%","41.82%"
"4","33","109","УИК №109","286","18.66%","460","30.01%","591","38.55%","660","43.05%","44.68%","45.79%","49.97%","54.92%"
"4","33","110","УИК №110","260","17.53%","461","31.09%","576","38.84%","670","45.18%","45.18%","46.26%","49.29%","52.87%"
"4","33","111","УИК №111","208","14.79%","297","21.12%","326","23.19%","355","25.25%","26.39%","26.96%","30.16%","33.93%"
"4","33","112","УИК №112","162","14.56%","239","21.47%","258","23.18%","302","27.13%","27.13%","27.85%","28.93%","36.39%"
"4","33","113","УИК №113","105","4.96%","535","25.26%","673","31.78%","858","40.51%","40.51%","41.45%","44.90%","49.15%"
"4","33","114","УИК №114","51","4.50%","250","22.05%","361","31.83%","467","41.18%","41.45%","42.15%","43.92%","46.30%"
"4","33","115","УИК №115","230","10.80%","525","24.66%","750","35.23%","913","42.88%","42.88%","44.15%","45.80%","51.43%"
"4","33","116","УИК №116","161","7.14%","410","18.18%","456","20.22%","509","22.57%","22.57%","23.33%","25.59%","30.38%"
"4","33","117","УИК №117","238","13.99%","530","31.16%","630","37.04%","759","44.62%","44.74%","45.56%","49.15%","50.62%"
"4","33","118","УИК №118","331","19.66%","491","29.16%","542","32.19%","583","34.62%","35.21%","35.57%","36.70%","36.88%"
"4","33","119","УИК №119","290","14.99%","480","24.81%","750","38.76%","800","41.34%","41.34%","41.34%","41.34%","43.10%"
"4","33","120","УИК №120","124","7.40%","490","29.25%","645","38.51%","705","42.09%","45.25%","48.00%","52.18%","54.15%"
"4","33","121","УИК №121","201","13.33%","402","26.66%","500","33.16%","601","39.85%","39.85%","43.17%","44.50%","46.75%"
"4","33","122","УИК №122","230","17.01%","420","31.07%","450","33.28%","451","33.36%","33.88%","34.39%","38.76%","38.76%"
"4","33","123","УИК №123","230","14.51%","460","29.02%","545","34.38%","682","43.03%","43.03%","43.09%","43.09%","43.15%"
"4","33","124","УИК №124","377","14.57%","790","30.53%","915","35.36%","1028","39.72%","40.96%","41.77%","45.94%","48.57%"
"4","33","125","УИК №125","298","15.51%","305","15.88%","310","16.14%","322","16.76%","17.07%","17.75%","21.76%","27.02%"
"4","33","126","УИК №126","164","7.13%","470","20.43%","570","24.77%","572","24.86%","24.86%","25.29%","29.29%","32.29%"
"4","33","127","УИК №127","288","17.16%","314","18.71%","345","20.56%","379","22.59%","22.59%","22.88%","22.88%","22.94%"
"4","33","128","УИК №128","440","16.15%","797","29.26%","1078","39.57%","1138","41.78%","41.78%","42.95%","47.47%","51.69%"
"4","33","129","УИК №129","250","15.99%","496","31.73%","570","36.47%","709","45.36%","45.36%","46.19%","49.71%","53.04%"
"4","33","130","УИК №130","270","13.45%","632","31.49%","678","33.78%","964","48.03%","48.03%","48.63%","49.43%","56.90%"
"4","33","131","УИК №131","115","8.25%","220","15.78%","240","17.22%","312","22.38%","23.46%","24.18%","26.69%","39.60%"
"4","33","2306","УИК №2306","161","35.78%","264","58.67%","324","72.00%","334","74.22%","81.33%","84.44%","86.44%","89.56%"
"4","33","2307","УИК №2307","497","49.80%","601","60.22%","756","75.75%","856","85.77%","91.18%","99.80%","99.80%","99.80%"
"5","11","469","УИК №469","285","12.20%","557","23.84%","747","31.98%","902","38.19%","38.36%","38.82%","42.21%","44.88%"
"5","11","470","УИК №470","301","14.05%","468","21.85%","640","29.88%","872","40.71%","40.94%","41.36%","45.10%","48.46%"
"5","11","471","УИК №471","302","14.64%","507","24.58%","665","32.23%","797","38.63%","38.92%","40.72%","45.08%","48.42%"
"5","11","472","УИК №472","291","11.57%","489","19.44%","811","31.85%","912","35.82%","39.87%","40.93%","45.09%","47.92%"
"5","11","473","УИК №473","263","12.92%","521","25.55%","700","34.33%","811","39.77%","39.97%","41.15%","46.59%","48.01%"
"5","11","474","УИК №474","237","9.90%","653","27.22%","825","34.39%","1019","42.48%","42.64%","43.64%","46.64%","50.31%"
"5","11","475","УИК №475","306","13.30%","474","20.58%","676","29.33%","855","37.09%","37.53%","40.65%","46.72%","48.24%"
"5","11","476","УИК №476","247","16.88%","393","26.86%","450","30.76%","584","40.00%","40.14%","41.85%","45.14%","48.49%"
"5","11","477","УИК №477","489","16.93%","764","26.45%","1010","34.95%","1224","42.35%","42.77%","44.05%","46.85%","50.24%"
"5","11","478","УИК №478","291","12.35%","555","23.54%","730","30.95%","945","39.89%","40.35%","43.14%","45.17%","47.17%"
"5","11","479","УИК №479","261","11.11%","568","24.17%","728","30.89%","945","40.06%","40.40%","42.98%","43.03%","47.63%"
"5","11","480","УИК №480","430","17.25%","500","20.06%","753","30.20%","1047","42.00%","44.00%","44.56%","47.73%","48.94%"
"5","11","481","УИК №481","406","16.54%","618","25.18%","767","31.26%","1005","40.95%","41.56%","42.62%","44.13%","44.13%"
"5","11","482","УИК №482","251","10.36%","480","19.81%","794","32.77%","983","40.57%","41.11%","41.52%","44.53%","47.71%"
"5","11","483","УИК №483","264","15.14%","439","25.24%","556","31.97%","728","41.86%","42.67%","44.51%","47.38%","49.05%"
"5","22","330","УИК №330","301","14.79%","535","26.29%","674","33.12%","739","36.31%","36.71%","37.20%","38.33%","37.71%"
"5","22","331","УИК №331","135","14.84%","229","25.16%","317","34.84%","350","38.46%","39.23%","39.67%","42.86%","42.59%"
"5","22","332","УИК №332","302","15.05%","507","25.27%","707","35.24%","922","45.96%","46.01%","46.66%","46.71%","45.36%"
"5","22","333","УИК №333","218","15.03%","372","25.66%","543","37.45%","627","43.24%","44.00%","44.41%","47.17%","46.28%"
"5","22","334","УИК №334","392","15.02%","682","26.13%","876","33.56%","904","34.64%","35.21%","35.33%","38.24%","36.77%"
"5","22","335","УИК №335","493","15.03%","966","29.45%","1103","33.63%","1113","33.93%","34.05%","34.12%","34.15%","34.15%"
"5","22","336","УИК №336","261","15.04%","465","26.80%","581","33.49%","671","38.67%","39.37%","39.60%","45.53%","45.65%"
"5","22","337","УИК №337","253","15.06%","419","24.94%","603","35.89%","709","42.20%","42.80%","43.69%","44.70%","44.37%"
"5","22","338","УИК №338","521","15.04%","872","25.17%","1229","35.47%","1245","35.93%","36.28%","36.36%","41.88%","40.38%"
"5","22","339","УИК №339","210","14.31%","368","25.07%","520","35.42%","588","40.05%","40.87%","41.21%","43.66%","42.47%"
"5","22","340","УИК №340","236","15.03%","392","24.97%","557","35.48%","769","48.98%","50.00%","50.76%","50.89%","50.31%"
"5","22","341","УИК №341","260","15.01%","470","27.14%","605","34.93%","669","38.63%","39.55%","39.90%","41.22%","40.53%"
"5","22","342","УИК №342","343","15.02%","593","25.97%","603","26.41%","605","26.50%","26.59%","26.68%","26.72%","25.80%"
"5","22","343","УИК №343","819","22.75%","1707","47.42%","2065","57.36%","3171","88.08%","88.11%","88.31%","89.06%","88.55%"
"5","22","344","УИК №344","273","15.04%","464","25.56%","614","33.83%","650","35.81%","36.42%","36.86%","38.51%","38.14%"
"5","22","345","УИК №345","340","23.18%","379","25.84%","501","34.15%","610","41.58%","42.19%","42.40%","43.83%","42.84%"
"5","22","346","УИК №346","227","15.01%","374","24.74%","542","35.85%","603","39.88%","39.95%","41.40%","44.64%","44.10%"
"5","22","347","УИК №347","306","15.02%","533","26.17%","732","35.94%","760","37.31%","38.10%","38.24%","38.29%","37.64%"
"5","22","348","УИК №348","275","15.01%","465","25.38%","638","34.83%","693","37.83%","38.16%","38.81%","39.85%","39.71%"
"5","22","349","УИК №349","205","14.13%","383","26.40%","500","34.46%","553","38.11%","39.21%","40.25%","41.76%","41.65%"
"5","22","350","УИК №350","324","15.03%","551","25.56%","724","33.58%","823","38.17%","38.73%","39.89%","41.05%","40.15%"
"5","22","351","УИК №351","225","15.06%","376","25.17%","493","33.00%","599","40.09%","40.63%","41.63%","44.31%","44.70%"
"5","22","352","УИК №352","218","15.04%","378","26.09%","483","33.33%","520","35.89%","36.71%","37.13%","38.58%","38.29%"
"5","22","353","УИК №353","187","15.01%","331","26.57%","415","33.31%","470","37.72%","39.00%","39.97%","40.05%","40.13%"
"5","22","354","УИК №354","314","15.04%","533","25.53%","785","37.60%","853","40.85%","40.95%","41.52%","43.15%","43.44%"
"5","22","355","УИК №355","213","15.03%","375","26.46%","474","33.45%","582","41.07%","41.35%","42.55%","47.78%","46.09%"
"5","22","356","УИК №356","244","13.50%","478","26.44%","640","35.40%","704","38.94%","39.55%","39.88%","42.42%","41.20%"
"5","22","357","УИК №357","263","15.05%","445","25.46%","607","34.73%","725","41.48%","41.59%","41.76%","41.82%","39.96%"
"5","22","358","УИК №358","233","15.02%","427","27.53%","535","34.49%","595","38.36%","39.14%","40.94%","42.30%","41.65%"
"5","22","359","УИК №359","216","15.00%","374","25.97%","483","33.54%","551","38.26%","38.89%","39.10%","39.93%","39.38%"
"5","22","360","УИК №360","149","14.99%","264","26.56%","341","34.31%","382","38.43%","39.54%","40.24%","42.05%","42.20%"
"5","22","361","УИК №361","231","15.06%","414","26.99%","535","34.88%","586","38.20%","39.24%","39.44%","40.55%","39.31%"
"5","22","362","УИК №362","266","15.05%","447","25.30%","594","33.62%","702","39.73%","40.52%","40.69%","43.07%","42.18%"
"5","22","363","УИК №363","236","15.00%","400","25.43%","545","34.65%","620","39.42%","39.80%","39.99%","43.29%","42.66%"
"5","22","364","УИК №364","249","15.05%","448","27.07%","584","35.29%","675","40.79%","41.75%","43.14%","44.95%","43.49%"
"5","22","365","УИК №365","662","15.02%","1113","25.26%","1485","33.70%","1702","38.62%","38.67%","38.87%","43.32%","43.38%"
"5","22","366","УИК №366","181","15.02%","297","24.65%","402","33.36%","508","42.16%","42.57%","43.32%","44.23%","44.46%"
"5","22","367","УИК №367","188","15.00%","321","25.62%","431","34.40%","522","41.66%","41.74%","42.70%","43.26%","41.66%"
"5","22","368","УИК №368","287","15.01%","494","25.84%","678","35.46%","891","46.60%","47.28%","47.44%","47.49%","46.75%"
"5","22","369","УИК №369","272","15.04%","455","25.15%","619","34.22%","767","42.40%","42.79%","42.90%","42.95%","43.06%"
"5","22","370","УИК №370","334","15.05%","588","26.50%","598","26.95%","601","27.08%","27.17%","27.31%","27.35%","26.67%"
"5","22","371","УИК №371","289","15.04%","516","26.86%","655","34.10%","779","40.55%","41.02%","41.64%","44.51%","44.24%"
"5","22","372","УИК №372","422","15.03%","691","24.61%","992","35.33%","1162","41.38%","41.52%","41.95%","45.33%","44.36%"
"5","22","373","УИК №373","311","15.02%","550","26.57%","738","35.65%","829","40.05%","40.72%","41.30%","41.35%","41.02%"
"5","22","374","УИК №374","399","15.02%","739","27.82%","906","34.11%","1110","41.79%","42.21%","42.51%","44.80%","43.77%"
"5","22","375","УИК №375","351","15.01%","619","26.48%","772","33.02%","876","37.47%","37.64%","38.02%","43.84%","42.69%"
"5","22","376","УИК №376","484","15.04%","842","26.16%","1121","34.82%","1190","36.97%","37.47%","37.62%","40.51%","38.85%"
"5","22","377","УИК №377","225","15.03%","895","59.79%","1025","68.47%","1429","95.46%","96.06%","97.06%","97.13%","97.19%"
"5","22","402","УИК №402","","","","","","","","","0.00%","35.29%","97.65%","98.82%"
"5","22","403","УИК №403","","","","","","","","","0.00%","8.25%","65.93%","99.88%"
"5","22","404","УИК №404","","","","","","","","","0.00%","4.08%","65.00%","99.59%"
"5","22","405","УИК №405","","","","","","","","","0.00%","15.04%","94.74%","96.24%"
"5","22","406","УИК №406","","","","","","","","","0.00%","16.67%","69.33%","92.67%"
"5","36","378","УИК №378","293","13.52%","547","25.47%","746","34.91%","863","40.46%","40.74%","41.16%","53.17%","54.34%"
"5","36","379","УИК №379","155","9.74%","358","22.72%","548","34.93%","640","41.00%","41.64%","42.47%","46.89%","49.48%"
"5","36","380","УИК №380","372","16.41%","546","24.29%","782","34.90%","917","41.05%","41.27%","41.54%","46.49%","48.52%"
"5","36","381","УИК №381","250","15.26%","405","24.97%","569","35.23%","668","41.59%","41.78%","42.03%","42.40%","43.58%"
"5","36","382","УИК №382","308","17.68%","458","26.49%","607","35.21%","711","41.46%","42.22%","42.57%","52.93%","55.56%"
"5","36","383","УИК №383","309","13.12%","623","26.69%","814","34.94%","935","40.22%","40.65%","41.29%","44.47%","46.85%"
"5","36","384","УИК №384","191","13.16%","369","25.70%","498","34.80%","585","41.08%","41.64%","42.63%","49.02%","51.79%"
"5","36","385","УИК №385","355","16.57%","529","24.92%","740","34.92%","864","40.91%","41.19%","41.48%","44.50%","46.74%"
"5","36","386","УИК №386","361","16.01%","551","24.66%","776","34.83%","898","40.41%","40.59%","40.77%","44.14%","45.49%"
"5","36","387","УИК №387","279","11.23%","586","23.80%","758","30.84%","1008","41.14%","41.59%","42.20%","46.73%","48.09%"
"5","36","388","УИК №388","385","14.56%","584","22.21%","917","34.96%","1059","40.42%","40.99%","41.45%","49.77%","50.66%"
"5","36","389","УИК №389","207","10.85%","447","23.59%","651","34.61%","761","40.63%","41.27%","41.96%","56.92%","56.92%"
"5","36","390","УИК №390","169","16.58%","306","30.36%","345","34.47%","404","40.44%","41.84%","42.34%","49.50%","51.96%"
"5","36","391","УИК №391","431","18.92%","663","29.35%","786","35.03%","911","40.76%","41.21%","41.88%","42.21%","44.04%"
"5","36","392","УИК №392","172","12.44%","334","24.34%","478","35.02%","562","41.23%","41.89%","42.85%","42.99%","44.78%"
"5","36","393","УИК №393","299","17.16%","479","27.72%","602","35.04%","717","41.83%","42.12%","43.06%","49.53%","50.38%"
"5","36","394","УИК №394","174","12.87%","349","25.81%","462","34.95%","542","41.09%","41.93%","42.30%","47.67%","49.74%"
"5","36","395","УИК №395","151","12.15%","298","24.21%","426","34.72%","507","41.39%","42.45%","43.67%","44.19%","44.26%"
"5","36","396","УИК №396","288","12.58%","508","22.35%","787","34.75%","942","41.68%","42.26%","42.74%","44.73%","44.98%"
"5","36","397","УИК №397","607","21.00%","1086","37.99%","1088","38.23%","1156","40.68%","41.20%","41.77%","46.32%","49.93%"
"5","36","398","УИК №398","238","15.25%","376","24.26%","532","34.73%","625","40.93%","41.58%","42.50%","45.28%","47.63%"
"5","36","399","УИК №399","275","14.23%","490","25.55%","663","34.88%","763","40.29%","40.50%","40.50%","50.98%","53.26%"
"5","36","400","УИК №400","184","16.52%","306","27.79%","379","34.64%","453","41.52%","42.44%","42.90%","46.44%","49.08%"
"5","36","401","УИК №401","217","12.10%","443","24.92%","614","34.79%","710","40.34%","41.19%","41.76%","43.21%","45.92%"
"5","36","407","УИК №407","","","","","","","","","9.24%","18.88%","20.06%","20.06%"
"5","36","408","УИК №408","86","18.61%","99","21.43%","99","21.43%","99","21.43%","21.43%","21.43%","27.71%","27.71%"
"6","11","496","УИК №496","215","12.41%","451","26.02%","563","32.49%","696","40.16%","40.39%","41.08%","43.91%","49.11%"
"6","11","497","УИК №497","316","15.94%","511","25.77%","622","31.37%","759","38.28%","38.41%","42.59%","46.08%","47.36%"
"6","11","498","УИК №498","342","15.43%","570","25.59%","719","32.18%","960","42.91%","43.14%","44.17%","46.99%","49.89%"
"6","11","499","УИК №499","302","12.29%","695","28.28%","845","34.38%","1022","41.58%","41.92%","42.78%","46.25%","50.08%"
"6","11","500","УИК №500","233","9.36%","639","25.45%","726","28.76%","1082","42.77%","42.85%","43.05%","47.49%","49.92%"
"6","11","501","УИК №501","227","11.81%","428","22.27%","569","29.60%","726","37.77%","38.50%","40.89%","44.69%","47.81%"
"6","11","502","УИК №502","629","19.96%","862","27.27%","1057","33.41%","1350","42.63%","43.21%","43.60%","46.48%","50.83%"
"6","11","503","УИК №503","565","18.18%","798","25.57%","1044","33.41%","1314","41.98%","42.24%","43.74%","48.07%","51.18%"
"6","11","504","УИК №504","352","14.50%","560","23.07%","715","29.47%","921","37.96%","38.00%","39.94%","43.94%","48.10%"
"6","11","505","УИК №505","238","12.03%","468","23.66%","663","33.52%","827","41.70%","43.22%","45.23%","47.15%","49.12%"
"6","11","506","УИК №506","509","16.93%","762","25.35%","1152","38.32%","1221","40.62%","40.75%","41.42%","45.28%","49.93%"
"6","37","549","УИК №549","322","16.59%","506","26.55%","638","33.53%","794","41.72%","43.17%","44.47%","46.36%","48.44%"
"6","37","550","УИК №550","267","13.06%","571","28.48%","714","35.66%","868","43.53%","44.90%","46.46%","48.51%","50.78%"
"6","37","551","УИК №551","235","12.68%","476","26.33%","611","33.81%","756","41.88%","43.02%","44.40%","46.31%","48.50%"
"6","37","552","УИК №552","298","13.78%","564","26.63%","719","33.98%","876","41.54%","43.11%","44.65%","46.50%","48.85%"
"6","37","553","УИК №553","253","13.85%","472","26.44%","589","33.00%","716","40.16%","41.52%","43.28%","45.18%","47.45%"
"6","37","554","УИК №554","185","13.31%","406","30.03%","498","36.83%","613","44.55%","46.10%","47.59%","50.00%","52.31%"
"6","37","555","УИК №555","220","9.57%","521","23.06%","677","30.04%","832","37.08%","38.30%","39.61%","41.17%","43.08%"
"6","37","556","УИК №556","290","11.86%","586","24.35%","771","32.11%","954","39.83%","41.22%","42.55%","44.51%","46.47%"
"6","37","557","УИК №557","249","9.78%","597","23.80%","816","32.65%","1002","40.35%","41.90%","43.38%","45.41%","47.73%"
"6","37","558","УИК №558","278","14.14%","520","26.94%","693","35.93%","850","44.25%","45.75%","47.16%","49.45%","51.68%"
"6","37","559","УИК №559","280","11.51%","565","23.56%","769","32.07%","940","39.71%","41.01%","42.60%","44.71%","46.91%"
"6","37","560","УИК №560","205","13.68%","364","25.03%","447","30.74%","552","37.32%","38.66%","39.93%","41.62%","43.44%"
"6","37","561","УИК №561","328","13.65%","630","26.67%","812","34.38%","1003","42.46%","43.89%","45.53%","47.78%","50.00%"
"6","37","562","УИК №562","278","10.88%","625","24.86%","841","33.55%","1033","41.50%","42.86%","44.54%","46.55%","48.93%"
"6","37","563","УИК №563","255","11.61%","559","25.88%","699","32.35%","864","39.96%","41.18%","42.78%","44.99%","47.27%"
"6","37","564","УИК №564","216","12.18%","467","26.85%","611","35.22%","748","43.16%","44.43%","46.01%","48.06%","50.29%"
"6","37","565","УИК №565","377","13.35%","775","27.88%","968","34.58%","1178","42.09%","43.73%","45.17%","47.51%","49.64%"
"6","37","566","УИК №566","400","15.99%","662","16.40%","820","33.58%","1020","41.77%","43.17%","44.80%","46.69%","48.89%"
"6","37","567","УИК №567","273","12.39%","537","24.77%","648","29.71%","806","36.96%","38.16%","39.37%","41.41%","43.28%"
"6","37","568","УИК №568","351","14.16%","674","27.59%","858","35.68%","1065","44.28%","45.69%","47.29%","49.27%","51.69%"
"6","37","569","УИК №569","244","12.27%","524","26.89%","679","34.71%","848","43.35%","44.88%","46.13%","48.15%","50.52%"
"6","37","570","УИК №570","313","14.78%","517","24.87%","688","33.11%","844","40.62%","41.93%","43.41%","45.09%","47.36%"
"6","37","571","УИК №571","130","9.19%","312","22.72%","416","30.21%","515","37.40%","38.59%","39.90%","41.60%","43.67%"
"6","38","414","УИК №414","279","15.29%","519","26.02%","625","32.07%","755","39.86%","40.13%","40.71%","45.99%","50.00%"
"6","38","415","УИК №415","306","14.29%","514","23.94%","608","28.32%","823","39.25%","40.30%","40.82%","42.78%","51.08%"
"6","38","416","УИК №416","360","11.87%","728","23.99%","878","30.05%","1180","39.58%","40.36%","40.86%","45.49%","51.89%"
"6","38","417","УИК №417","488","18.05%","651","23.98%","876","32.57%","1086","40.46%","41.95%","44.37%","49.59%","54.05%"
"6","38","418","УИК №418","370","19.94%","456","24.46%","559","30.50%","756","41.56%","42.11%","43.21%","46.51%","56.11%"
"6","38","419","УИК №419","290","12.10%","566","23.62%","755","31.99%","967","40.87%","43.83%","44.51%","48.82%","55.08%"
"6","38","420","УИК №420","151","10.27%","309","20.98%","459","32.21%","566","39.33%","40.58%","41.63%","45.24%","53.53%"
"6","38","421","УИК №421","255","7.72%","826","25.02%","1069","32.61%","1353","41.20%","44.95%","45.58%","50.06%","59.76%"
"6","38","422","УИК №422","243","10.44%","389","16.72%","570","25.19%","860","37.65%","37.70%","38.40%","40.37%","51.18%"
"6","38","423","УИК №423","221","11.25%","452","23.01%","521","27.80%","573","29.86%","33.35%","35.28%","38.87%","43.51%"
"6","38","424","УИК №424","357","16.57%","580","26.85%","777","37.57%","940","45.04%","47.63%","48.25%","52.71%","58.55%"
"6","38","425","УИК №425","254","13.20%","514","26.72%","660","35.91%","783","42.46%","43.87%","44.52%","48.05%","54.40%"
"6","38","426","УИК №426","227","20.88%","526","24.20%","711","33.38%","899","42.09%","42.65%","43.35%","46.77%","52.03%"
"6","38","427","УИК №427","164","7.96%","512","24.81%","726","35.12%","908","44.73%","45.86%","46.65%","50.10%","56.55%"
"6","38","428","УИК №428","208","10.80%","312","16.20%","484","25.61%","682","36.53%","36.58%","37.65%","42.80%","45.59%"
"6","38","429","УИК №429","201","14.31%","560","22.58%","660","26.98%","808","33.06%","33.14%","34.78%","38.87%","42.52%"
"6","38","430","УИК №430","231","10.19%","348","15.65%","423","19.30%","546","24.95%","27.51%","29.75%","32.36%","37.35%"
"6","38","431","УИК №431","177","9.85%","323","17.91%","516","29.30%","621","35.26%","35.26%","36.68%","40.99%","49.06%"
"6","38","432","УИК №432","229","11.99%","294","15.39%","476","25.03%","552","28.98%","30.92%","32.02%","36.22%","41.11%"
"6","38","433","УИК №433","189","9.37%","461","24.04%","520","27.11%","765","38.95%","42.72%","43.79%","47.35%","51.28%"
"6","38","434","УИК №434","230","11.99%","461","24.04%","653","34.33%","691","36.72%","43.84%","43.89%","45.86%","57.34%"
"6","38","435","УИК №435","305","16.29%","433","23.49%","567","31.21%","701","39.32%","42.62%","43.75%","47.28%","47.25%"
"6","38","436","УИК №436","139","8.92%","382","24.55%","451","29.25%","610","39.66%","40.31%","41.61%","44.34%","47.72%"
"6","38","437","УИК №437","172","7.85%","532","24.29%","577","26.86%","852","39.43%","39.80%","40.49%","44.84%","49.55%"
"6","38","438","УИК №438","346","16.31%","470","22.15%","701","33.41%","803","38.38%","38.53%","38.91%","40.49%","45.86%"
"6","38","439","УИК №439","152","7.34%","499","24.07%","654","31.89%","810","39.57%","42.60%","42.60%","44.94%","52.40%"
"6","38","440","УИК №440","583","20.03%","699","24.02%","917","31.91%","1135","39.49%","39.53%","40.47%","44.57%","50.78%"
"6","38","441","УИК №441","301","12.52%","501","20.83%","567","24.08%","772","32.56%","32.64%","35.39%","37.54%","42.39%"
"6","38","442","УИК №442","297","14.99%","472","23.83%","583","30.48%","705","36.43%","37.11%","38.14%","42.07%","48.52%"
"6","38","443","УИК №443","163","8.07%","257","12.68%","498","25.11%","694","35.03%","35.89%","36.90%","39.88%","46.13%"
"6","38","509","УИК №509","191","27.44%","427","32.72%","429","32.87%","659","47.14%","47.14%","47.14%","47.14%","61.88%"
"6","38","2320","УИК №2320","1256","38.15%","2005","60.91%","2598","78.92%","2799","85.02%","94.20%","94.35%","94.47%","100.00%"
"6","38","2321","УИК №2321","99","12.68%","156","19.77%","291","36.88%","297","37.64%","41.57%","41.70%","42.97%","56.27%"
"6","38","2322","УИК №2322","112","12.43%","145","16.09%","690","76.58%","701","77.80%","81.80%","82.13%","83.46%","86.35%"
"7","4","903","УИК №903","188","8.23%","575","25.19%","927","40.60%","1158","50.72%","50.90%","51.16%","51.25%","51.69%"
"7","4","904","УИК №904","183","8.26%","578","26.08%","872","39.35%","1116","50.36%","50.54%","50.68%","50.68%","51.40%"
"7","4","905","УИК №905","236","8.36%","724","25.66%","1142","40.47%","1334","47.27%","47.34%","47.87%","47.87%","48.65%"
"7","4","906","УИК №906","315","10.42%","776","25.67%","1229","40.65%","1526","50.48%","50.61%","50.88%","50.98%","51.27%"
"7","4","907","УИК №907","286","9.87%","728","25.13%","769","26.54%","770","26.58%","26.68%","27.10%","28.82%","30.24%"
"7","4","908","УИК №908","95","8.50%","300","26.83%","442","39.53%","577","51.61%","51.88%","52.24%","52.24%","52.33%"
"7","4","909","УИК №909","232","9.60%","641","26.52%","968","40.05%","1221","50.52%","50.60%","50.93%","51.01%","51.22%"
"7","4","910","УИК №910","141","9.42%","396","26.45%","595","39.75%","763","50.97%","51.24%","51.24%","51.30%","51.64%"
"7","4","911","УИК №911","151","9.51%","423","26.64%","640","40.30%","825","51.95%","52.08%","52.20%","52.27%","52.27%"
"7","4","912","УИК №912","137","9.03%","390","25.69%","592","39.00%","770","50.72%","50.79%","51.32%","51.58%","52.24%"
"7","4","913","УИК №913","159","8.94%","460","25.86%","703","39.52%","890","50.03%","50.20%","50.42%","50.42%","50.48%"
"7","4","914","УИК №914","167","9.77%","441","25.80%","682","39.91%","880","51.49%","51.61%","51.73%","51.84%","52.08%"
"7","4","915","УИК №915","184","10.27%","459","25.61%","711","39.68%","931","51.95%","52.18%","52.23%","52.29%","52.34%"
"7","4","916","УИК №916","135","9.18%","401","27.28%","406","27.62%","420","28.57%","28.64%","29.73%","31.22%","32.52%"
"7","4","917","УИК №917","171","10.84%","422","26.76%","620","39.32%","821","52.06%","52.25%","52.50%","52.57%","52.89%"
"7","4","918","УИК №918","166","10.25%","425","26.23%","650","40.12%","841","51.91%","52.10%","52.10%","52.22%","52.35%"
"7","4","919","УИК №919","140","8.39%","451","27.02%","681","40.80%","835","50.03%","50.21%","50.63%","50.69%","51.17%"
"7","4","920","УИК №920","176","9.21%","487","25.47%","766","40.06%","971","50.78%","50.84%","51.26%","51.31%","51.31%"
"7","4","959","УИК №959","37","9.97%","120","32.35%","203","54.72%","268","72.24%","73.32%","81.13%","83.83%","85.18%"
"7","4","968","УИК №968","33","11.34%","101","34.71%","124","42.61%","158","54.30%","54.64%","63.92%","83.16%","84.88%"
"7","17","512","УИК №512","114","6.19%","228","12.38%","259","14.02%","295","15.97%","18.52%","18.99%","23.32%","25.92%"
"7","17","513","УИК №513","120","10.56%","180","15.85%","223","19.31%","256","22.16%","22.42%","23.64%","26.67%","30.39%"
"7","17","514","УИК №514","190","10.80%","359","20.40%","526","29.85%","605","34.34%","34.39%","34.45%","34.51%","39.73%"
"7","17","515","УИК №515","227","8.89%","319","12.50%","475","18.12%","721","28.60%","29.67%","30.50%","36.45%","40.34%"
"7","17","516","УИК №516","245","11.11%","349","15.82%","420","18.41%","479","20.88%","21.31%","22.81%","27.04%","30.48%"
"7","17","517","УИК №517","220","10.25%","319","14.86%","407","18.96%","577","26.87%","48.17%","48.25%","54.83%","75.08%"
"7","17","518","УИК №518","239","8.86%","336","12.45%","651","24.13%","924","34.25%","35.03%","36.17%","39.77%","47.59%"
"7","17","519","УИК №519","187","9.08%","297","13.16%","525","25.49%","807","39.17%","39.17%","40.73%","45.24%","51.99%"
"7","17","520","УИК №520","249","9.01%","495","17.92%","744","26.93%","1064","38.51%","39.41%","40.72%","40.72%","47.92%"
"7","17","521","УИК №521","171","10.59%","496","30.71%","574","35.48%","785","48.52%","49.69%","50.31%","53.71%","56.43%"
"7","17","522","УИК №522","305","11.42%","748","28.01%","898","33.11%","1190","43.88%","44.62%","45.35%","50.52%","53.69%"
"7","17","523","УИК №523","239","12.07%","535","27.02%","655","33.08%","838","42.32%","42.58%","43.18%","49.04%","53.33%"
"7","17","524","УИК №524","451","17.93%","734","29.18%","821","32.51%","978","38.73%","38.77%","43.01%","45.54%","49.54%"
"7","17","525","УИК №525","229","9.96%","325","14.13%","431","18.66%","553","23.94%","24.76%","25.93%","26.02%","33.98%"
"7","17","526","УИК №526","156","10.47%","290","19.46%","393","26.38%","511","34.30%","34.30%","35.70%","40.81%","42.48%"
"7","17","527","УИК №527","177","9.33%","247","13.02%","411","21.67%","674","35.53%","36.79%","39.43%","40.27%","43.17%"
"7","17","528","УИК №528","220","12.17%","552","30.53%","717","39.66%","790","43.69%","44.03%","44.91%","49.56%","53.93%"
"7","17","529","УИК №529","294","14.97%","580","29.53%","743","37.83%","861","43.84%","44.45%","45.82%","50.61%","55.30%"
"7","17","530","УИК №530","195","9.36%","383","18.38%","715","34.31%","908","43.57%","45.39%","48.88%","58.30%","59.13%"
"7","17","531","УИК №531","253","11.75%","451","20.94%","680","31.57%","934","43.36%","45.08%","47.35%","51.09%","55.35%"
"7","17","573","УИК №573","151","38.13%","230","58.08%","230","58.08%","272","72.92%","72.92%","74.26%","75.60%","76.80%"
"7","17","2283","УИК №2283","190","6.68%","303","10.65%","339","11.91%","573","20.13%","20.13%","20.66%","23.37%","26.99%"
"7","17","2284","УИК №2284","205","7.56%","334","12.32%","524","19.33%","701","25.86%","25.89%","26.08%","34.56%","42.60%"
"7","17","2285","УИК №2285","650","26.93%","951","39.40%","1511","62.59%","2247","92.24%","94.46%","96.10%","98.48%","100.00%"
"7","17","2286","УИК №2286","158","38.44%","398","96.84%","404","98.30%","409","99.51%","99.51%","99.51%","99.76%","99.76%"
"7","30","2236","УИК №2236","187","14.12%","315","23.79%","428","32.35%","517","39.08%","39.53%","39.98%","42.71%","46.41%"
"7","30","2237","УИК №2237","397","14.26%","667","23.96%","875","31.43%","1100","39.51%","40.12%","41.61%","43.85%","48.69%"
"7","30","2238","УИК №2238","259","14.32%","425","23.49%","588","32.58%","703","38.95%","38.95%","39.93%","43.73%","48.32%"
"7","30","2239","УИК №2239","330","14.41%","534","23.32%","754","32.98%","901","39.41%","39.69%","39.82%","44.57%","51.68%"
"7","30","2240","УИК №2240","403","14.52%","674","24.28%","911","32.85%","1105","39.85%","41.56%","42.17%","45.31%","48.56%"
"7","30","2243","УИК №2243","249","14.20%","432","24.63%","575","32.78%","672","38.31%","38.51%","40.40%","45.73%","53.03%"
"7","30","2244","УИК №2244","260","14.29%","446","24.48%","618","33.92%","748","40.99%","41.70%","42.65%","47.41%","52.18%"
"7","30","2484","УИК №2484","297","100.00%","562","100.00%","805","100.00%","912","100.00%","100.00%","100.00%","100.00%","100.00%"
"7","30","2485","УИК №2485","357","97.01%","571","99.48%","830","100.00%","941","100.00%","100.00%","100.00%","100.00%","100.00%"
"7","30","2486","УИК №2486","177","99.44%","522","99.81%","815","100.00%","895","100.00%","100.00%","100.00%","100.00%","100.00%"
"7","30","2491","УИК №2491","213","99.07%","496","99.80%","702","100.00%","815","100.00%","100.00%","100.00%","100.00%","100.00%"
"7","30","2550","УИК №2550","389","100.00%","818","100.00%","1245","100.00%","1678","100.00%","100.00%","100.00%","100.00%","100.00%"
"7","30","2551","УИК №2551","362","100.00%","805","100.00%","1215","100.00%","1640","100.00%","100.00%","100.00%","100.00%","100.00%"
"7","44","921","УИК №921","209","11.15%","499","26.63%","674","35.97%","947","50.53%","50.80%","50.96%","51.01%","53.52%"
"7","44","922","УИК №922","179","9.17%","440","22.53%","590","30.21%","820","41.99%","42.14%","42.24%","42.29%","51.77%"
"7","44","923","УИК №923","281","12.41%","639","28.22%","857","37.85%","1150","50.80%","51.15%","51.28%","51.33%","52.34%"
"7","44","924","УИК №924","192","11.14%","453","26.29%","625","36.27%","853","49.51%","49.74%","49.91%","50.09%","54.32%"
"7","44","925","УИК №925","261","10.89%","593","24.75%","789","32.93%","1069","44.62%","44.74%","44.87%","44.99%","55.72%"
"7","44","926","УИК №926","228","10.89%","534","25.51%","718","34.30%","997","47.63%","47.78%","47.92%","48.02%","59.10%"
"7","44","927","УИК №927","287","13.56%","611","28.88%","811","38.33%","1129","53.36%","53.54%","53.64%","53.78%","55.86%"
"7","44","928","УИК №928","251","13.30%","619","32.80%","816","43.24%","1188","62.96%","63.06%","63.22%","63.43%","63.54%"
"7","44","929","УИК №929","139","13.87%","356","35.53%","465","46.41%","549","54.79%","54.99%","55.19%","55.49%","57.88%"
"7","44","930","УИК №930","199","14.41%","488","35.34%","640","46.34%","865","62.64%","62.71%","62.85%","62.99%","72.77%"
"7","44","931","УИК №931","231","12.92%","555","31.04%","724","40.49%","957","53.52%","53.69%","53.86%","54.08%","63.81%"
"7","44","932","УИК №932","229","9.52%","504","20.96%","707","29.40%","965","40.12%","40.21%","40.33%","40.46%","49.02%"
"7","44","933","УИК №933","265","13.92%","625","32.83%","826","43.38%","1101","57.83%","57.98%","58.14%","58.35%","60.14%"
"7","44","934","УИК №934","166","9.19%","357","19.76%","495","27.39%","693","38.35%","38.52%","38.68%","38.90%","38.90%"
"7","44","935","УИК №935","238","12.56%","553","29.18%","744","39.26%","1027","54.20%","54.35%","54.51%","54.56%","57.36%"
"7","44","936","УИК №936","245","13.46%","573","31.48%","774","42.53%","1058","58.13%","58.30%","58.52%","58.57%","58.96%"
"7","44","937","УИК №937","255","12.81%","577","28.98%","783","39.33%","1093","54.90%","55.10%","55.25%","55.30%","55.70%"
"7","44","938","УИК №938","327","14.68%","709","31.84%","966","43.38%","1308","58.73%","58.82%","58.96%","59.09%","62.28%"
"7","44","939","УИК №939","180","10.92%","372","22.57%","519","31.49%","702","42.60%","42.72%","42.90%","43.14%","43.39%"
"7","44","940","УИК №940","377","12.69%","837","28.16%","1152","38.76%","1552","52.22%","52.36%","52.42%","52.49%","54.37%"
"7","44","958","УИК №958","280","10.65%","579","22.06%","786","30.00%","1033","39.43%","39.50%","39.62%","42.40%","43.02%"
"8","25","973","УИК №973","315","17.42%","477","26.38%","680","37.61%","813","44.97%","47.18%","49.56%","51.66%","53.32%"
"8","25","974","УИК №974","269","14.80%","488","26.84%","683","37.57%","844","46.42%","49.01%","51.16%","53.30%","55.06%"
"8","25","975","УИК №975","255","15.75%","442","27.30%","635","39.22%","734","45.34%","47.87%","49.97%","52.07%","53.74%"
"8","25","976","УИК №976","335","14.70%","594","26.06%","858","37.65%","1053","46.20%","48.79%","50.94%","53.05%","54.76%"
"8","25","977","УИК №977","253","14.14%","457","25.55%","705","39.41%","836","46.73%","49.36%","51.48%","53.66%","55.39%"
"8","25","978","УИК №978","311","15.80%","530","26.93%","795","40.40%","886","45.02%","47.51%","49.59%","51.73%","53.35%"
"8","25","979","УИК №979","333","15.02%","534","24.09%","854","38.52%","973","43.89%","46.32%","48.35%","50.38%","52.05%"
"8","25","980","УИК №980","224","12.05%","508","27.33%","713","38.35%","857","46.10%","48.68%","50.78%","52.93%","54.65%"
"8","25","981","УИК №981","140","10.58%","325","24.57%","498","37.64%","604","45.65%","48.22%","50.34%","52.46%","54.12%"
"8","25","982","УИК №982","216","11.14%","471","24.29%","766","39.50%","876","45.18%","47.71%","49.77%","51.88%","53.58%"
"8","25","983","УИК №983","111","6.11%","184","10.13%","259","14.25%","320","17.61%","17.89%","21.02%","24.38%","25.81%"
"8","25","984","УИК №984","218","15.30%","366","25.68%","535","37.54%","650","45.61%","48.14%","50.25%","52.42%","54.11%"
"8","25","985","УИК №985","302","14.80%","551","27.01%","781","38.28%","937","45.93%","48.48%","50.64%","52.75%","54.46%"
"8","25","986","УИК №986","300","14.85%","507","25.10%","739","36.58%","927","45.89%","48.47%","50.59%","52.72%","54.41%"
"8","25","987","УИК №987","175","15.45%","294","25.95%","424","37.42%","512","45.19%","47.66%","49.78%","51.90%","53.57%"
"8","25","988","УИК №988","193","11.79%","420","25.66%","610","37.26%","737","45.02%","47.53%","49.60%","51.68%","53.39%"
"8","25","989","УИК №989","194","11.44%","427","25.18%","638","37.62%","770","45.40%","47.94%","50.06%","52.12%","53.83%"
"8","25","990","УИК №990","160","8.02%","280","14.04%","398","19.96%","449","22.52%","22.87%","26.13%","29.34%","31.09%"
"8","25","991","УИК №991","273","13.56%","509","25.29%","730","36.26%","902","44.81%","47.29%","49.38%","51.47%","53.10%"
"8","25","992","УИК №992","270","14.89%","453","24.99%","689","38.00%","802","44.24%","46.72%","48.76%","50.80%","52.45%"
"8","25","993","УИК №993","246","11.90%","544","26.31%","790","38.20%","931","45.02%","47.53%","49.61%","51.69%","53.38%"
"8","25","994","УИК №994","172","10.78%","399","25.00%","568","35.59%","704","44.11%","46.55%","48.62%","50.69%","52.32%"
"8","25","995","УИК №995","323","16.44%","496","25.24%","718","36.54%","897","45.65%","48.19%","50.33%","52.42%","54.15%"
"8","25","996","УИК №996","199","11.46%","450","25.92%","695","40.03%","802","46.20%","48.79%","50.92%","53.05%","54.78%"
"8","25","997","УИК №997","209","13.89%","396","26.31%","591","39.27%","699","46.45%","49.04%","51.16%","53.36%","55.08%"
"8","25","998","УИК №998","227","12.02%","497","26.32%","692","36.65%","864","45.76%","48.31%","50.42%","52.54%","54.24%"
"8","25","999","УИК №999","421","17.93%","632","26.92%","931","39.65%","1047","44.59%","47.06%","49.15%","51.19%","52.85%"
"8","25","1000","УИК №1000","356","16.32%","561","25.71%","811","37.17%","973","44.59%","47.07%","49.13%","51.19%","52.89%"
"8","25","1001","УИК №1001","327","13.39%","645","26.41%","976","39.97%","1118","45.78%","48.32%","50.45%","52.58%","54.30%"
"8","25","1002","УИК №1002","377","17.45%","595","27.55%","846","39.17%","994","46.02%","48.56%","50.69%","52.87%","54.58%"
"8","25","1003","УИК №1003","286","14.56%","483","24.59%","720","36.66%","891","45.37%","47.91%","50.00%","52.09%","53.77%"
"8","25","1004","УИК №1004","368","15.75%","616","26.37%","912","39.04%","1072","45.89%","48.46%","50.56%","52.70%","54.41%"
"8","25","1005","УИК №1005","118","8.90%","176","13.27%","262","19.76%","303","22.85%","23.15%","26.17%","30.24%","32.65%"
"8","25","1006","УИК №1006","253","13.02%","520","26.76%","786","40.45%","897","46.17%","48.74%","50.90%","53.01%","54.71%"
"8","25","1007","УИК №1007","247","15.60%","424","26.78%","592","37.40%","706","44.60%","47.06%","49.15%","51.23%","52.87%"
"8","25","1008","УИК №1008","286","15.47%","483","26.12%","723","39.10%","828","44.78%","47.27%","49.38%","51.43%","53.11%"
"8","25","1009","УИК №1009","294","15.90%","490","26.50%","684","36.99%","837","45.27%","47.81%","49.86%","51.97%","53.65%"
"8","25","1010","УИК №1010","266","14.42%","485","26.29%","764","41.41%","860","46.61%","49.21%","51.38%","53.55%","55.28%"
"8","25","1011","УИК №1011","162","15.04%","273","25.35%","392","36.40%","482","44.75%","47.26%","49.30%","51.44%","53.02%"
"8","25","1012","УИК №1012","205","12.97%","407","25.74%","605","38.27%","721","45.60%","48.13%","50.28%","52.37%","54.08%"
"8","25","1013","УИК №1013","237","12.90%","484","26.35%","739","40.23%","836","45.51%","48.07%","50.14%","52.26%","53.95%"
"8","25","1014","УИК №1014","236","13.22%","457","25.60%","699","39.16%","799","44.76%","47.23%","49.36%","51.43%","53.05%"
"8","25","1015","УИК №1015","255","15.63%","445","27.27%","661","40.50%","752","46.08%","48.65%","50.80%","52.94%","54.66%"
"8","25","1016","УИК №1016","295","16.79%","450","25.61%","638","36.31%","781","44.45%","46.90%","49.00%","51.05%","52.70%"
"8","25","1017","УИК №1017","154","10.79%","358","25.09%","513","35.95%","638","44.71%","47.23%","49.26%","51.37%","52.98%"
"8","25","1018","УИК №1018","169","8.15%","321","15.48%","406","19.58%","494","23.82%","24.11%","26.23%","28.16%","28.98%"
"8","25","1019","УИК №1019","301","13.73%","609","27.77%","891","40.63%","1010","46.06%","48.61%","50.75%","52.90%","54.58%"
"8","25","1020","УИК №1020","267","15.58%","460","26.84%","660","38.51%","773","45.10%","47.61%","49.71%","51.81%","53.44%"
"8","25","1021","УИК №1021","396","17.48%","616","27.20%","878","38.76%","1082","47.77%","50.42%","52.63%","54.88%","56.64%"
"8","25","1022","УИК №1022","236","11.76%","484","24.13%","740","36.89%","897","44.72%","47.21%","49.30%","51.35%","52.99%"
"8","25","1023","УИК №1023","338","17.32%","515","26.38%","761","38.99%","889","45.54%","48.05%","50.20%","52.31%","53.99%"
"8","25","1053","УИК №1053","164","11.66%","344","24.47%","502","35.70%","634","45.09%","47.51%","49.72%","51.71%","53.41%"
"8","44","941","УИК №941","186","8.29%","394","17.56%","527","23.48%","679","30.26%","30.35%","30.48%","30.53%","31.42%"
"8","44","942","УИК №942","142","9.59%","307","20.73%","397","26.81%","512","34.57%","34.71%","34.84%","35.04%","36.19%"
"8","44","943","УИК №943","186","9.55%","388","19.93%","547","28.09%","718","36.88%","37.03%","37.19%","37.34%","37.75%"
"8","44","944","УИК №944","191","7.61%","386","15.37%","575","22.90%","702","27.96%","28.12%","28.28%","28.36%","39.82%"
"8","44","945","УИК №945","445","18.04%","651","26.39%","810","32.83%","1029","41.71%","41.83%","41.99%","42.12%","42.97%"
"8","44","946","УИК №946","187","13.13%","450","31.60%","567","39.82%","748","52.53%","52.67%","52.81%","53.02%","53.86%"
"8","44","947","УИК №947","191","13.20%","453","31.31%","589","40.70%","806","55.70%","55.84%","55.98%","56.25%","57.84%"
"8","44","948","УИК №948","165","13.03%","434","34.28%","564","44.55%","747","59.00%","59.24%","59.40%","59.56%","59.56%"
"8","44","949","УИК №949","155","11.58%","397","29.67%","509","38.04%","688","51.42%","51.57%","51.72%","51.79%","65.10%"
"8","44","950","УИК №950","235","11.19%","520","24.75%","706","33.60%","946","45.03%","45.17%","45.26%","45.41%","45.50%"
"8","44","951","УИК №951","184","11.36%","434","26.79%","578","35.68%","805","49.69%","49.81%","50.00%","50.25%","53.52%"
"8","44","952","УИК №952","179","10.08%","409","23.04%","553","31.15%","756","42.59%","42.82%","42.93%","43.15%","47.77%"
"8","44","953","УИК №953","177","10.30%","411","23.92%","550","32.01%","693","40.34%","40.45%","40.57%","40.63%","41.39%"
"8","44","954","УИК №954","176","10.89%","429","26.55%","556","34.41%","758","46.91%","47.09%","47.28%","47.46%","49.44%"
"8","44","955","УИК №955","175","12.42%","407","28.89%","548","38.89%","781","55.43%","55.64%","55.78%","56.07%","57.42%"
"8","44","956","УИК №956","209","8.78%","470","19.75%","656","27.56%","889","37.35%","37.48%","37.61%","37.73%","47.23%"
"8","44","957","УИК №957","234","10.21%","533","23.25%","767","33.46%","949","41.40%","41.54%","41.62%","41.67%","43.54%"
"8","44","972","УИК №972","17","29.63%","19","33.33%","26","48.15%","31","57.41%","59.26%","61.11%","62.96%","77.78%"
"8","45","1024","УИК №1024","154","8.31%","568","30.85%","684","37.38%","856","47.08%","47.52%","49.25%","50.19%","51.63%"
"8","45","1025","УИК №1025","168","10.34%","487","30.17%","561","34.98%","744","46.68%","47.87%","49.84%","52.83%","53.49%"
"8","45","1026","УИК №1026","152","7.76%","599","30.75%","714","36.88%","851","44.25%","45.29%","46.78%","48.18%","48.60%"
"8","45","1027","УИК №1027","204","9.65%","580","27.62%","730","34.98%","812","39.17%","39.94%","41.75%","43.23%","45.62%"
"8","45","1028","УИК №1028","156","9.73%","461","28.92%","594","37.50%","711","45.17%","45.74%","47.63%","51.16%","52.66%"
"8","45","1029","УИК №1029","194","10.90%","501","28.32%","597","33.96%","831","47.57%","48.14%","49.48%","50.70%","51.31%"
"8","45","1030","УИК №1030","150","8.18%","514","28.21%","637","35.19%","787","43.75%","44.52%","46.67%","47.52%","48.53%"
"8","45","1031","УИК №1031","130","7.54%","487","28.45%","684","40.19%","769","45.48%","46.01%","47.56%","49.49%","50.39%"
"8","45","1032","УИК №1032","106","7.31%","389","26.99%","524","36.59%","610","42.87%","43.78%","47.03%","48.40%","48.93%"
"8","45","1033","УИК №1033","206","8.97%","649","28.44%","768","33.88%","1053","46.74%","47.14%","49.13%","50.81%","51.27%"
"8","45","1034","УИК №1034","134","7.23%","506","27.49%","604","33.01%","719","39.55%","40.70%","43.33%","44.01%","46.30%"
"8","45","1035","УИК №1035","142","8.85%","459","28.80%","564","35.61%","711","45.17%","46.63%","48.40%","49.87%","50.45%"
"8","45","1036","УИК №1036","134","7.87%","498","29.45%","548","32.60%","784","46.95%","47.96%","49.94%","51.18%","51.65%"
"8","45","1037","УИК №1037","142","8.08%","507","29.04%","644","37.12%","705","40.89%","45.82%","48.98%","53.17%","54.94%"
"8","45","1038","УИК №1038","214","10.12%","589","28.02%","731","34.99%","999","48.14%","48.87%","50.44%","51.44%","52.31%"
"8","45","1039","УИК №1039","226","10.85%","597","28.84%","748","36.36%","895","43.79%","44.47%","46.87%","48.46%","48.88%"
"8","45","1040","УИК №1040","98","9.31%","309","29.54%","371","35.67%","415","40.17%","41.72%","44.21%","45.20%","45.76%"
"8","45","1041","УИК №1041","162","7.84%","597","29.07%","753","36.89%","888","43.79%","44.48%","46.05%","47.08%","47.59%"
"8","45","1042","УИК №1042","231","10.20%","681","30.25%","764","34.15%","1017","45.75%","46.60%","48.51%","49.64%","50.23%"
"8","45","1043","УИК №1043","198","10.60%","568","30.60%","649","35.18%","733","39.99%","41.95%","43.38%","44.53%","45.44%"
"8","45","1044","УИК №1044","235","10.73%","608","27.94%","712","32.92%","914","42.53%","43.60%","45.25%","45.81%","46.25%"
"8","45","1045","УИК №1045","234","10.14%","653","28.47%","764","33.52%","992","43.80%","44.50%","46.18%","46.96%","47.34%"
"8","45","1046","УИК №1046","214","9.06%","687","29.26%","841","36.03%","916","39.50%","40.53%","42.58%","43.64%","45.10%"
"8","45","1047","УИК №1047","39","8.74%","125","28.22%","152","34.55%","191","43.61%","44.75%","46.44%","47.69%","48.72%"
"9","5","1508","УИК №1508","150","26.32%","252","41.38%","358","58.78%","524","86.04%","86.04%","90.48%","96.55%","98.19%"
"9","5","1509","УИК №1509","247","9.69%","575","22.57%","896","35.73%","957","38.31%","39.23%","40.47%","45.48%","50.44%"
"9","5","1510","УИК №1510","451","21.03%","460","21.45%","463","20.87%","465","20.96%","21.23%","22.17%","25.55%","30.24%"
"9","5","1511","УИК №1511","466","17.26%","633","23.71%","998","37.38%","1030","38.87%","40.53%","42.02%","46.69%","51.60%"
"9","5","1512","УИК №1512","293","12.22%","608","25.35%","978","40.95%","1210","50.95%","51.86%","54.55%","60.68%","61.95%"
"9","5","1513","УИК №1513","344","14.45%","598","25.16%","964","40.68%","1110","46.99%","49.75%","51.17%","52.60%","52.57%"
"9","5","1514","УИК №1514","299","16.38%","667","37.03%","752","41.99%","920","51.98%","52.45%","54.03%","58.14%","59.90%"
"9","5","1515","УИК №1515","228","11.63%","293","15.30%","754","39.77%","968","51.05%","51.05%","53.16%","57.46%","58.47%"
"9","5","1516","УИК №1516","249","12.36%","589","29.38%","874","44.50%","1063","54.23%","54.54%","55.37%","58.26%","59.23%"
"9","5","1517","УИК №1517","500","18.98%","653","24.92%","1039","39.88%","1417","54.71%","55.89%","56.61%","61.72%","62.06%"
"9","5","1518","УИК №1518","411","20.14%","639","31.49%","813","40.23%","928","45.99%","46.78%","48.63%","51.32%","54.70%"
"9","5","1519","УИК №1519","435","17.12%","718","29.18%","1011","41.08%","1134","46.08%","46.08%","49.25%","60.26%","58.84%"
"9","5","1520","УИК №1520","491","19.63%","612","24.68%","1052","42.56%","1169","47.29%","48.46%","50.45%","52.35%","53.93%"
"9","5","1521","УИК №1521","333","22.90%","673","46.70%","762","54.39%","784","55.96%","56.53%","58.32%","61.21%","62.09%"
"9","5","1522","УИК №1522","268","13.77%","626","32.17%","770","39.57%","852","44.42%","48.70%","49.53%","54.38%","56.62%"
"9","5","1523","УИК №1523","290","13.35%","680","31.75%","863","40.48%","964","45.86%","46.38%","47.76%","54.56%","57.37%"
"9","5","1524","УИК №1524","494","18.52%","628","23.68%","1083","41.15%","1381","52.51%","52.94%","53.97%","57.49%","60.07%"
"9","5","1525","УИК №1525","360","15.27%","683","28.97%","934","40.19%","1045","45.10%","45.52%","46.95%","50.98%","54.74%"
"9","5","1526","УИК №1526","494","19.78%","603","24.44%","1000","41.03%","1263","51.83%","52.72%","54.59%","59.20%","60.95%"
"9","5","1527","УИК №1527","442","18.46%","601","25.15%","918","38.65%","1025","43.34%","43.52%","45.20%","49.16%","53.18%"
"9","5","1528","УИК №1528","787","29.84%","797","30.57%","921","35.46%","1107","43.29%","43.49%","45.83%","49.16%","53.11%"
"9","5","1529","УИК №1529","502","19.34%","689","26.89%","1135","44.30%","1280","50.59%","52.57%","53.72%","58.21%","58.25%"
"9","5","1530","УИК №1530","360","17.22%","647","31.02%","892","42.80%","960","46.07%","47.79%","49.38%","54.37%","58.25%"
"9","5","1531","УИК №1531","387","17.29%","658","29.63%","886","40.13%","1129","51.44%","52.77%","53.83%","57.54%","58.65%"
"9","5","1532","УИК №1532","757","27.22%","787","28.50%","963","35.13%","1226","45.31%","45.31%","48.23%","48.60%","51.37%"
"9","5","1535","УИК №1535","323","12.48%","647","25.05%","1011","39.35%","1301","50.80%","50.88%","52.38%","56.53%","58.29%"
"9","5","1536","УИК №1536","318","13.33%","680","28.86%","923","39.18%","977","40.11%","40.82%","42.25%","43.08%","46.81%"
"9","5","2341","УИК №2341","305","17.04%","652","36.55%","706","40.62%","894","51.86%","52.73%","54.88%","54.94%","64.24%"
"9","5","2342","УИК №2342","429","53.63%","445","55.63%","460","57.50%","491","61.38%","63.00%","63.88%","64.50%","70.50%"
"9","5","2497","УИК №2497","170","35.56%","521","72.26%","776","87.49%","1046","94.83%","91.38%","92.92%","80.69%","93.37%"
"9","5","2498","УИК №2498","235","54.40%","507","72.33%","681","82.95%","1030","89.02%","85.85%","84.24%","76.23%","86.30%"
"9","5","2499","УИК №2499","239","47.61%","514","83.71%","726","85.31%","997","82.26%","85.87%","90.72%","90.17%","97.54%"
"9","5","2500","УИК №2500","214","49.77%","560","72.54%","715","78.57%","870","95.60%","83.83%","92.60%","80.68%","86.42%"
"9","5","2501","УИК №2501","222","51.51%","453","62.83%","610","84.60%","843","86.55%","86.38%","84.55%","78.33%","88.11%"
"9","5","2502","УИК №2502","187","37.40%","444","59.68%","670","90.05%","950","95.19%","88.85%","88.93%","80.99%","97.04%"
"9","5","2503","УИК №2503","198","45.10%","464","56.52%","673","81.97%","912","93.44%","95.80%","94.22%","75.35%","83.08%"
"9","5","2519","УИК №2519","216","50.12%","423","56.40%","657","84.12%","803","84.44%","77.77%","80.87%","78.94%","92.67%"
"9","49","1488","УИК №1488","403","19.98%","595","29.57%","828","41.26%","913","45.88%","45.98%","46.28%","46.58%","55.63%"
"9","49","1489","УИК №1489","371","19.34%","568","29.83%","771","40.51%","876","46.30%","48.52%","48.78%","49.47%","56.34%"
"9","49","1490","УИК №1490","458","19.96%","674","29.48%","901","39.40%","1040","45.75%","46.94%","47.43%","48.83%","55.26%"
"9","49","1491","УИК №1491","374","19.75%","550","29.27%","756","40.23%","856","45.97%","48.23%","48.98%","50.21%","51.77%"
"9","49","1492","УИК №1492","428","19.11%","654","29.33%","932","41.85%","1054","47.76%","48.30%","50.39%","51.56%","59.27%"
"9","49","1493","УИК №1493","380","20.03%","558","29.63%","787","41.91%","907","48.61%","49.36%","49.68%","50.70%","58.52%"
"9","49","1494","УИК №1494","418","19.78%","622","29.56%","830","39.45%","1000","47.89%","47.94%","48.32%","50.05%","54.91%"
"9","49","1495","УИК №1495","389","19.22%","599","29.74%","822","40.85%","929","46.47%","46.52%","47.22%","48.12%","57.93%"
"9","49","1496","УИК №1496","472","19.95%","691","29.28%","919","39.02%","1064","45.53%","45.57%","45.74%","46.04%","51.31%"
"9","49","1497","УИК №1497","447","20.04%","651","29.28%","900","40.58%","1016","46.12%","46.80%","47.16%","48.84%","57.92%"
"9","49","1498","УИК №1498","390","19.46%","582","29.22%","798","40.08%","903","45.74%","46.10%","47.42%","48.83%","57.24%"
"9","49","1499","УИК №1499","453","19.65%","668","29.14%","923","40.27%","1035","45.55%","45.99%","47.01%","48.42%","57.48%"
"9","49","1500","УИК №1500","457","19.87%","674","29.47%","900","39.39%","1057","46.60%","46.65%","47.93%","49.69%","57.01%"
"9","49","1501","УИК №1501","386","19.79%","572","29.47%","764","39.36%","901","46.66%","46.71%","47.75%","48.94%","59.61%"
"9","49","1502","УИК №1502","418","19.59%","624","29.36%","827","38.97%","978","46.33%","46.38%","46.66%","47.09%","52.34%"
"9","49","1503","УИК №1503","378","19.10%","578","29.34%","778","39.53%","916","46.88%","46.98%","48.41%","49.80%","56.35%"
"9","49","1504","УИК №1504","434","19.87%","633","29.16%","835","38.46%","989","45.81%","45.99%","47.66%","48.91%","57.16%"
"9","49","1505","УИК №1505","442","19.81%","650","29.25%","851","38.37%","1003","45.61%","45.66%","46.29%","47.43%","56.07%"
"9","49","1506","УИК №1506","439","19.25%","665","29.31%","841","37.11%","1040","46.26%","46.31%","47.29%","48.75%","57.70%"
"9","49","1507","УИК №1507","373","19.61%","560","29.66%","711","37.68%","866","46.16%","47.01%","47.39%","48.19%","60.98%"
"9","52","1466","УИК №1466","281","16.47%","507","30.18%","716","42.62%","776","46.38%","46.80%","47.28%","52.30%","55.47%"
"9","52","1467","УИК №1467","358","18.50%","540","28.29%","796","41.70%","892","46.82%","47.35%","47.93%","52.65%","55.17%"
"9","52","1468","УИК №1468","343","18.88%","562","31.38%","777","43.38%","837","46.79%","47.18%","47.46%","51.93%","55.17%"
"9","52","1469","УИК №1469","374","19.41%","573","30.17%","767","40.39%","875","46.10%","46.52%","46.84%","50.84%","53.69%"
"9","52","1470","УИК №1470","473","19.11%","765","30.17%","1009","41.28%","1140","46.68%","47.09%","47.30%","51.43%","54.18%"
"9","52","1471","УИК №1471","358","18.30%","579","29.98%","792","41.02%","885","45.90%","46.21%","46.68%","50.36%","53.73%"
"9","52","1472","УИК №1472","299","17.82%","520","31.42%","677","40.91%","771","46.61%","46.98%","47.46%","51.21%","54.23%"
"9","52","1473","УИК №1473","399","19.49%","604","29.89%","857","42.40%","929","45.99%","46.14%","46.49%","51.04%","53.96%"
"9","52","1474","УИК №1474","356","16.80%","608","29.02%","886","42.29%","966","46.22%","46.36%","46.60%","50.81%","53.54%"
"9","52","1475","УИК №1475","407","18.21%","650","29.48%","933","42.31%","1033","46.91%","47.09%","47.41%","52.77%","55.68%"
"9","52","1476","УИК №1476","418","18.50%","706","31.59%","972","43.49%","1035","46.39%","46.71%","47.15%","51.59%","54.64%"
"9","52","1477","УИК №1477","424","17.69%","679","28.70%","975","41.21%","1102","46.71%","46.93%","47.31%","50.70%","53.16%"
"9","52","1478","УИК №1478","373","17.51%","607","28.88%","900","42.82%","986","47.00%","47.14%","47.43%","52.62%","55.72%"
"9","52","1479","УИК №1479","445","19.48%","667","29.60%","910","40.39%","1035","45.98%","46.11%","46.38%","51.22%","54.11%"
"9","52","1480","УИК №1480","388","17.22%","666","29.91%","975","43.78%","1025","46.11%","46.38%","46.65%","52.18%","55.33%"
"9","52","1481","УИК №1481","353","16.79%","609","29.31%","883","42.49%","964","46.41%","46.61%","46.99%","51.99%","55.32%"
"9","52","1482","УИК №1482","295","17.99%","486","30.13%","656","40.67%","748","46.32%","46.93%","47.37%","52.45%","55.42%"
"9","52","1483","УИК №1483","314","18.78%","518","31.41%","702","42.57%","776","47.03%","47.39%","47.88%","53.33%","56.30%"
"9","52","1484","УИК №1484","279","18.78%","445","30.52%","608","41.70%","681","46.68%","47.16%","47.50%","53.67%","53.87%"
"9","52","1485","УИК №1485","281","18.31%","460","30.42%","609","40.28%","714","47.13%","47.39%","47.79%","53.00%","56.63%"
"9","52","1486","УИК №1486","297","17.20%","481","28.28%","680","39.98%","794","46.62%","47.03%","47.45%","54.14%","57.55%"
"9","52","1487","УИК №1487","369","17.08%","643","30.20%","909","42.70%","999","47.10%","47.52%","47.85%","51.16%","53.75%"
"9","52","1537","УИК №1537","280","17.59%","440","28.08%","649","41.42%","732","46.68%","47.13%","47.64%","52.74%","56.63%"
"9","52","2359","УИК №2359","497","17.22%","820","28.71%","1142","39.99%","1332","46.79%","46.96%","47.07%","51.04%","53.04%"
"9","52","2360","УИК №2360","565","18.11%","897","28.99%","1253","40.50%","1443","46.79%","47.08%","47.15%","51.13%","53.37%"
"9","52","2361","УИК №2361","579","19.31%","914","30.80%","1282","43.19%","1367","46.20%","46.40%","46.43%","50.96%","53.43%"
"10","13","1239","УИК №1239","273","12.18%","590","26.32%","754","33.99%","1043","47.02%","47.02%","47.48%","50.54%","55.09%"
"10","13","1240","УИК №1240","427","15.11%","632","22.36%","836","29.58%","1054","37.64%","37.64%","42.24%","49.12%","49.12%"
"10","13","1241","УИК №1241","578","21.43%","713","26.41%","925","34.26%","1163","43.01%","43.34%","44.55%","47.10%","53.82%"
"10","13","1242","УИК №1242","294","13.81%","529","24.84%","698","32.77%","954","44.79%","44.79%","45.90%","49.25%","49.25%"
"10","13","1243","УИК №1243","196","16.42%","292","24.46%","382","31.99%","466","40.14%","40.14%","42.93%","45.26%","53.97%"
"10","13","1244","УИК №1244","184","12.60%","380","25.94%","500","34.11%","749","51.06%","51.06%","52.97%","58.83%","58.83%"
"10","13","1245","УИК №1245","242","13.95%","439","25.30%","539","31.07%","787","45.36%","45.36%","46.22%","53.72%","53.72%"
"10","13","1246","УИК №1246","178","13.10%","342","25.04%","431","31.55%","579","42.39%","42.39%","43.27%","48.13%","48.13%"
"10","13","1247","УИК №1247","173","13.59%","287","22.55%","394","30.95%","525","41.24%","41.24%","44.38%","48.31%","48.31%"
"10","13","1248","УИК №1248","397","20.46%","481","24.70%","606","31.14%","780","41.45%","41.45%","42.93%","47.13%","47.13%"
"10","13","1249","УИК №1249","186","14.99%","311","25.06%","391","31.51%","559","45.04%","45.04%","45.69%","48.59%","52.22%"
"10","13","1250","УИК №1250","175","13.08%","342","25.56%","429","32.06%","609","45.52%","45.52%","46.49%","50.37%","52.71%"
"10","13","1251","УИК №1251","191","12.52%","382","25.15%","445","29.30%","528","34.76%","34.76%","34.78%","34.78%","39.66%"
"10","13","1252","УИК №1252","278","16.50%","377","22.37%","497","29.50%","717","42.55%","42.55%","43.62%","44.75%","44.75%"
"10","13","1253","УИК №1253","284","14.32%","451","22.74%","596","30.06%","790","39.86%","39.86%","40.62%","45.28%","54.51%"
"10","13","1254","УИК №1254","164","13.58%","264","21.84%","351","29.08%","505","41.63%","41.63%","44.85%","50.91%","55.44%"
"10","13","1255","УИК №1255","44","11.80%","94","25.20%","123","32.89%","153","40.91%","40.91%","43.32%","51.21%","58.71%"
"10","13","1256","УИК №1256","115","12.43%","195","21.08%","226","24.43%","355","39.36%","39.36%","41.02%","44.57%","44.57%"
"10","13","1257","УИК №1257","181","9.89%","419","22.88%","452","24.69%","785","42.87%","42.87%","44.02%","47.90%","47.90%"
"10","13","1258","УИК №1258","454","17.99%","621","24.61%","771","30.57%","1117","44.29%","44.29%","45.06%","51.62%","54.11%"
"10","13","1259","УИК №1259","121","10.07%","306","25.48%","383","31.89%","551","45.88%","45.88%","46.96%","50.13%","59.97%"
"10","13","1260","УИК №1260","114","9.19%","303","24.42%","374","30.06%","525","42.20%","42.20%","43.45%","47.51%","52.36%"
"10","13","1261","УИК №1261","62","12.60%","130","26.42%","172","34.96%","229","46.54%","46.54%","48.58%","56.30%","56.30%"
"10","13","1262","УИК №1262","340","18.29%","419","22.54%","549","29.53%","791","42.55%","42.55%","44.16%","49.60%","58.26%"
"10","13","1263","УИК №1263","250","15.44%","386","23.83%","511","31.54%","722","44.54%","44.54%","46.08%","50.89%","50.89%"
"10","13","1264","УИК №1264","140","15.05%","234","25.16%","296","31.83%","428","46.02%","46.02%","47.74%","53.44%","59.14%"
"10","13","1265","УИК №1265","181","14.96%","270","22.31%","317","26.20%","494","40.83%","40.83%","42.27%","45.57%","51.70%"
"10","13","1266","УИК №1266","97","12.19%","202","25.38%","252","31.66%","326","41.58%","41.58%","42.47%","47.20%","55.40%"
"10","13","1267","УИК №1267","296","20.68%","397","27.68%","474","32.71%","586","41.44%","41.44%","44.26%","46.92%","46.92%"
"10","13","1268","УИК №1268","114","42.54%","259","96.64%","259","96.64%","259","96.64%","96.64%","97.00%","97.00%","97.00%"
"10","13","1269","УИК №1269","31","14.42%","69","32.09%","71","33.02%","111","51.63%","51.63%","53.49%","54.63%","54.63%"
"10","13","1270","УИК №1270","15","23.08%","25","39.06%","26","40.63%","37","57.81%","57.81%","62.90%","62.90%","62.90%"
"10","13","1271","УИК №1271","185","18.90%","276","28.19%","356","36.36%","471","48.11%","48.11%","50.97%","52.71%","55.57%"
"10","13","1272","УИК №1272","79","13.21%","92","15.38%","242","40.47%","300","50.17%","50.17%","72.24%","72.24%","72.24%"
"10","13","1273","УИК №1273","276","13.37%","502","24.26%","669","32.33%","871","42.08%","42.08%","44.63%","44.63%","44.63%"
"10","13","1274","УИК №1274","174","71.31%","224","90.69%","242","97.98%","246","99.60%","99.60%","99.60%","99.60%","99.60%"
"10","14","289","УИК №289","245","11.72%","1243","59.93%","1287","62.05%","1399","68.71%","68.91%","69.55%","72.20%","74.49%"
"10","14","290","УИК №290","216","11.12%","328","17.00%","462","23.95%","550","29.04%","29.36%","29.73%","30.99%","32.57%"
"10","14","291","УИК №291","297","12.57%","593","25.41%","819","35.09%","1071","46.73%","47.03%","47.29%","62.39%","65.28%"
"10","14","292","УИК №292","311","14.27%","419","19.46%","712","33.07%","903","42.72%","43.24%","43.80%","48.53%","51.59%"
"10","14","293","УИК №293","666","16.29%","1026","25.40%","1546","38.28%","1674","42.25%","42.71%","43.99%","49.37%","50.47%"
"10","14","294","УИК №294","607","16.63%","916","25.42%","1360","37.74%","1563","44.21%","44.64%","45.29%","48.01%","49.02%"
"10","14","295","УИК №295","147","12.30%","300","25.34%","383","32.35%","477","41.12%","41.90%","42.76%","44.05%","46.23%"
"10","14","296","УИК №296","171","14.27%","301","25.40%","385","32.49%","478","41.10%","41.36%","42.22%","43.77%","53.37%"
"10","14","297","УИК №297","386","15.00%","646","25.42%","781","30.74%","973","39.00%","39.44%","40.00%","43.57%","46.83%"
"10","14","298","УИК №298","368","15.40%","568","24.04%","825","34.91%","914","39.40%","39.53%","40.91%","50.60%","51.71%"
"10","14","299","УИК №299","397","15.19%","558","21.61%","895","34.66%","1139","44.93%","45.33%","45.88%","50.65%","51.73%"
"10","14","300","УИК №300","267","9.90%","608","22.82%","866","32.51%","1061","40.56%","40.63%","41.44%","44.76%","45.86%"
"10","14","301","УИК №301","403","15.43%","616","23.86%","836","32.38%","1029","40.59%","40.67%","42.45%","46.11%","47.48%"
"10","14","302","УИК №302","340","14.60%","654","28.45%","783","34.06%","911","40.36%","36.29%","41.65%","45.86%","47.79%"
"10","14","303","УИК №303","287","12.49%","527","23.22%","793","34.93%","1002","44.95%","45.54%","45.85%","49.75%","50.97%"
"10","14","304","УИК №304","508","14.91%","535","15.89%","745","22.13%","887","26.84%","27.32%","28.29%","30.23%","31.81%"
"10","14","305","УИК №305","360","15.05%","710","30.05%","742","31.40%","835","35.99%","36.94%","37.80%","41.68%","44.34%"
"10","14","306","УИК №306","373","12.04%","757","24.75%","1084","35.44%","1226","40.81%","41.41%","42.28%","46.04%","47.17%"
"10","14","307","УИК №307","358","15.16%","593","25.41%","764","32.73%","951","41.49%","41.97%","42.84%","47.69%","49.39%"
"10","14","308","УИК №308","457","17.24%","585","22.35%","850","32.47%","1048","40.78%","41.48%","42.37%","46.77%","48.94%"
"10","14","309","УИК №309","342","11.95%","719","25.42%","1001","35.40%","1104","39.76%","40.08%","40.69%","43.54%","45.36%"
"10","14","310","УИК №310","461","15.49%","707","24.06%","954","32.46%","1169","40.53%","41.05%","41.54%","47.54%","48.43%"
"10","14","311","УИК №311","378","16.56%","413","18.31%","684","30.33%","837","37.80%","38.08%","39.57%","43.54%","47.09%"
"10","14","312","УИК №312","311","11.44%","682","25.40%","852","31.73%","1107","41.98%","42.47%","43.16%","47.02%","48.38%"
"10","14","313","УИК №313","351","16.62%","530","25.41%","737","35.33%","1053","51.47%","52.39%","53.13%","55.91%","58.73%"
"10","14","314","УИК №314","418","14.35%","731","25.41%","1001","34.79%","1135","40.18%","40.85%","41.38%","45.20%","46.31%"
"10","14","315","УИК №315","303","13.77%","612","28.15%","803","36.94%","908","42.53%","43.14%","43.89%","51.94%","55.18%"
"10","14","316","УИК №316","438","18.11%","607","25.41%","965","40.39%","1299","55.37%","55.71%","56.35%","61.34%","62.51%"
"10","14","317","УИК №317","250","11.20%","542","24.58%","693","31.43%","970","44.80%","45.64%","46.65%","49.88%","50.86%"
"10","14","318","УИК №318","325","13.93%","586","25.43%","735","31.90%","877","38.77%","39.39%","40.54%","44.96%","47.27%"
"10","14","319","УИК №319","465","13.06%","894","25.42%","1113","31.65%","1340","38.80%","39.32%","40.04%","41.75%","42.84%"
"10","14","320","УИК №320","298","12.72%","588","25.42%","964","41.68%","977","43.02%","43.64%","44.47%","47.86%","48.91%"
"10","14","321","УИК №321","457","16.91%","638","23.90%","1032","38.65%","1150","43.86%","44.77%","45.42%","49.81%","50.75%"
"10","57","1724","УИК №1724","123","11.54%","169","15.85%","214","20.08%","370","34.71%","34.80%","34.90%","37.90%","44.75%"
"10","57","1725","УИК №1725","292","23.76%","428","34.83%","476","38.73%","517","42.07%","43.45%","44.26%","47.27%","50.85%"
"10","57","1726","УИК №1726","520","23.63%","746","33.89%","825","37.48%","924","41.98%","42.66%","43.16%","47.16%","50.75%"
"10","57","1727","УИК №1727","639","21.44%","1040","34.90%","1153","38.69%","1252","42.01%","43.02%","43.42%","47.42%","51.01%"
"10","57","1728","УИК №1728","647","22.06%","1015","34.61%","1132","38.60%","1232","42.00%","42.69%","43.03%","47.02%","50.63%"
"10","57","1729","УИК №1729","271","22.58%","420","35.00%","464","38.67%","536","44.67%","44.75%","46.08%","49.08%","50.08%"
"10","57","1730","УИК №1730","263","21.43%","429","34.96%","466","37.98%","525","42.79%","42.87%","43.11%","46.13%","50.12%"
"10","57","1906","УИК №1906","569","29.82%","624","32.70%","719","37.68%","805","42.19%","42.45%","43.24%","46.23%","50.26%"
"10","57","1907","УИК №1907","463","24.73%","646","34.51%","687","36.70%","785","41.93%","42.15%","42.31%","45.30%","50.32%"
"10","57","1910","УИК №1910","460","25.16%","620","33.92%","660","36.11%","776","42.45%","42.67%","43.16%","46.17%","49.78%"
"10","57","1911","УИК №1911","576","29.24%","690","35.03%","723","36.70%","828","42.03%","42.39%","42.84%","45.84%","50.15%"
"10","57","1912","УИК №1912","510","27.06%","641","34.01%","729","38.67%","792","42.02%","42.55%","42.81%","45.84%","51.30%"
"10","57","1915","УИК №1915","470","25.41%","648","35.03%","707","38.22%","776","41.95%","42.65%","43.35%","46.38%","49.95%"
"10","57","1916","УИК №1916","469","25.27%","637","34.32%","698","37.61%","788","42.46%","42.89%","43.27%","46.28%","49.84%"
"10","57","1917","УИК №1917","497","25.89%","647","33.70%","705","36.72%","802","41.77%","42.24%","42.81%","45.83%","49.43%"
"10","57","1918","УИК №1918","478","24.25%","686","34.80%","763","38.71%","836","42.42%","42.47%","42.97%","45.97%","50.99%"
"10","57","1919","УИК №1919","620","28.00%","735","33.20%","813","36.72%","925","41.78%","42.28%","42.73%","46.75%","50.32%"
"10","57","1920","УИК №1920","550","26.47%","696","33.49%","761","36.62%","913","43.94%","44.03%","44.37%","47.35%","50.96%"
"10","57","1921","УИК №1921","479","27.00%","621","35.01%","649","36.58%","809","45.60%","45.66%","45.99%","48.99%","51.07%"
"10","57","1922","УИК №1922","510","27.19%","621","33.10%","717","38.22%","788","42.00%","42.38%","42.59%","45.58%","49.20%"
"10","57","1923","УИК №1923","670","26.68%","879","35.01%","979","38.99%","1045","41.62%","41.78%","42.33%","46.32%","50.34%"
"10","57","1924","УИК №1924","623","24.23%","900","35.01%","1000","38.90%","1090","42.40%","42.43%","42.75%","46.75%","50.33%"
"10","57","1926","УИК №1926","558","28.67%","681","34.99%","722","37.10%","822","42.24%","42.65%","43.06%","47.07%","50.67%"
"10","57","2466","УИК №2466","904","22.24%","1418","34.89%","1565","38.51%","1706","41.98%","42.42%","42.86%","46.88%","50.86%"
"11","10","221","УИК №221","223","13.47%","400","24.36%","553","33.82%","660","40.54%","40.83%","41.50%","45.76%","47.47%"
"11","10","222","УИК №222","273","13.49%","489","24.36%","682","34.13%","814","40.90%","41.71%","43.04%","47.74%","49.01%"
"11","10","223","УИК №223","217","13.50%","389","24.37%","539","33.92%","634","40.08%","40.85%","41.50%","46.34%","47.86%"
"11","10","224","УИК №224","192","13.47%","345","24.40%","478","33.95%","564","40.20%","40.62%","41.34%","46.30%","48.13%"
"11","10","225","УИК №225","252","13.50%","451","24.34%","614","33.30%","757","41.21%","42.00%","43.25%","46.91%","48.44%"
"11","10","226","УИК №226","310","13.51%","555","24.36%","763","33.64%","891","39.44%","40.17%","40.77%","45.67%","47.34%"
"11","10","227","УИК №227","303","13.49%","543","24.36%","736","33.17%","927","41.95%","42.76%","43.65%","47.92%","49.16%"
"11","10","228","УИК №228","284","13.49%","508","24.32%","706","33.94%","821","39.64%","40.39%","41.06%","45.97%","47.81%"
"11","10","229","УИК №229","245","13.48%","439","24.36%","501","27.93%","612","34.25%","35.25%","36.35%","41.02%","42.66%"
"11","10","230","УИК №230","218","13.49%","391","24.38%","436","27.30%","520","32.70%","32.75%","33.31%","38.31%","40.25%"
"11","10","231","УИК №231","211","13.47%","379","24.36%","435","28.10%","521","33.79%","34.37%","35.13%","40.20%","41.92%"
"11","10","232","УИК №232","351","13.49%","628","24.33%","1004","39.07%","1144","44.70%","45.66%","47.50%","52.32%","54.14%"
"11","10","233","УИК №233","220","13.49%","394","24.34%","551","34.18%","658","41.00%","41.83%","42.46%","46.29%","47.65%"
"11","10","234","УИК №234","251","13.47%","450","24.32%","691","37.53%","796","43.40%","43.93%","44.64%","49.97%","51.98%"
"11","10","235","УИК №235","277","13.49%","496","24.35%","809","39.89%","924","45.74%","45.89%","46.77%","51.89%","54.11%"
"11","10","236","УИК №236","241","13.50%","431","24.34%","668","37.89%","774","44.08%","45.10%","46.70%","51.98%","53.59%"
"11","10","237","УИК №237","247","13.50%","442","24.34%","615","34.03%","729","40.50%","40.92%","41.82%","46.84%","48.32%"
"11","10","238","УИК №238","221","13.49%","396","24.35%","543","33.54%","664","41.19%","41.59%","42.21%","46.84%","48.63%"
"11","10","239","УИК №239","387","13.50%","692","24.32%","1146","40.47%","1289","45.71%","46.33%","47.11%","52.23%","54.33%"
"11","10","240","УИК №240","222","13.52%","397","24.36%","550","33.89%","648","40.10%","41.00%","42.64%","47.42%","48.88%"
"11","10","241","УИК №241","245","13.49%","439","24.38%","602","33.58%","729","40.82%","40.87%","41.52%","46.17%","47.87%"
"11","10","242","УИК №242","228","13.49%","408","24.34%","482","28.88%","614","36.94%","37.36%","37.91%","41.25%","42.48%"
"11","10","243","УИК №243","298","13.50%","533","24.33%","841","38.56%","967","44.52%","45.77%","47.03%","51.09%","52.53%"
"11","10","244","УИК №244","269","13.51%","481","24.34%","658","33.45%","805","41.09%","41.32%","42.17%","46.60%","48.15%"
"11","34","199","УИК №199","305","15.26%","493","24.79%","718","36.26%","829","42.10%","43.12%","44.04%","48.79%","50.44%"
"11","34","200","УИК №200","287","15.80%","462","25.65%","619","34.54%","743","41.81%","42.40%","43.74%","48.73%","50.34%"
"11","34","201","УИК №201","342","14.22%","589","24.59%","887","37.24%","1002","42.42%","44.05%","45.36%","49.98%","51.63%"
"11","34","202","УИК №202","284","14.56%","488","25.13%","700","36.25%","821","42.87%","43.49%","44.47%","49.34%","50.95%"
"11","34","203","УИК №203","109","15.31%","188","26.44%","258","36.39%","303","42.86%","43.85%","44.49%","49.50%","51.28%"
"11","34","204","УИК №204","286","16.26%","462","24.96%","689","37.47%","750","41.19%","42.24%","42.90%","48.09%","49.33%"
"11","34","205","УИК №205","288","15.02%","513","26.97%","729","38.51%","791","42.10%","42.20%","42.78%","47.71%","49.23%"
"11","34","206","УИК №206","319","14.45%","573","26.12%","770","35.22%","902","41.55%","42.51%","43.47%","48.09%","49.70%"
"11","34","207","УИК №207","128","14.58%","229","26.11%","317","36.19%","374","42.94%","43.74%","44.60%","49.94%","51.17%"
"11","34","208","УИК №208","251","14.55%","450","26.24%","623","36.41%","730","42.99%","44.24%","45.07%","50.39%","51.67%"
"11","34","209","УИК №209","295","15.49%","496","26.12%","718","38.01%","790","42.09%","43.03%","43.96%","49.00%","50.57%"
"11","34","210","УИК №210","347","15.63%","566","25.51%","772","34.96%","914","41.91%","42.65%","43.72%","48.66%","49.81%"
"11","34","211","УИК №211","333","14.49%","599","26.17%","813","35.70%","994","44.08%","45.23%","46.01%","51.07%","52.93%"
"11","34","212","УИК №212","320","14.73%","576","26.65%","796","37.02%","861","40.48%","41.03%","42.00%","46.38%","47.89%"
"11","34","213","УИК №213","335","15.39%","543","25.09%","791","36.76%","829","38.72%","39.67%","40.41%","44.71%","46.09%"
"11","34","214","УИК №214","347","15.43%","561","25.04%","839","37.72%","865","39.10%","39.99%","40.89%","45.40%","47.02%"
"11","34","215","УИК №215","364","15.59%","611","26.28%","826","35.70%","999","43.53%","44.29%","45.47%","50.97%","52.37%"
"11","34","216","УИК №216","199","15.55%","335","26.40%","480","38.00%","496","39.40%","40.06%","40.89%","45.88%","47.19%"
"11","34","217","УИК №217","391","15.29%","676","26.52%","878","34.59%","950","37.45%","38.09%","39.10%","43.52%","44.52%"
"11","34","218","УИК №218","326","15.34%","530","25.13%","771","36.87%","837","40.22%","40.88%","41.54%","46.43%","47.66%"
"11","34","219","УИК №219","319","15.32%","517","24.99%","776","37.76%","824","40.25%","41.20%","41.93%","46.52%","47.97%"
"11","34","220","УИК №220","315","15.97%","529","26.98%","694","35.46%","857","44.11%","44.97%","45.92%","50.83%","52.60%"
"11","34","249","УИК №249","505","14.65%","588","17.19%","741","21.74%","1118","33.00%","34.89%","35.77%","39.55%","41.05%"
"11","35","252","УИК №252","292","12.59%","469","20.29%","804","35.36%","928","41.23%","41.31%","42.30%","50.13%","51.84%"
"11","35","253","УИК №253","370","16.72%","590","26.66%","783","36.12%","906","42.06%","42.43%","43.66%","49.91%","52.35%"
"11","35","254","УИК №254","215","13.18%","416","25.51%","603","37.25%","685","42.81%","43.63%","45.47%","47.61%","49.56%"
"11","35","255","УИК №255","295","12.40%","645","27.14%","869","36.96%","1004","43.09%","43.86%","44.48%","45.94%","47.93%"
"11","35","256","УИК №256","430","17.35%","506","20.44%","865","35.77%","1010","41.91%","42.61%","43.94%","44.19%","45.58%"
"11","35","257","УИК №257","192","13.95%","354","25.76%","492","35.86%","590","43.38%","43.75%","45.93%","50.63%","52.80%"
"11","35","258","УИК №258","315","13.95%","569","25.20%","781","35.28%","1000","45.52%","46.29%","47.43%","51.24%","53.94%"
"11","35","259","УИК №259","328","15.66%","581","27.76%","713","33.97%","921","44.58%","45.01%","45.89%","49.80%","50.64%"
"11","35","260","УИК №260","202","12.75%","332","20.97%","598","38.63%","678","44.03%","44.22%","45.95%","47.33%","49.84%"
"11","35","261","УИК №261","251","11.67%","567","26.38%","714","34.03%","860","41.25%","41.97%","43.12%","49.81%","51.02%"
"11","35","262","УИК №262","115","14.43%","199","24.97%","321","40.79%","332","42.51%","44.43%","47.84%","47.97%","48.76%"
"11","35","263","УИК №263","218","11.32%","415","21.56%","711","37.74%","804","42.93%","42.93%","43.80%","49.46%","51.62%"
"11","35","264","УИК №264","299","13.31%","576","25.65%","794","35.78%","915","41.55%","42.14%","42.88%","51.08%","52.04%"
"11","35","265","УИК №265","374","14.75%","591","23.31%","818","32.13%","821","32.80%","32.84%","33.33%","40.72%","42.21%"
"11","35","266","УИК №266","313","14.47%","572","26.46%","694","32.70%","840","39.83%","40.30%","41.30%","50.41%","52.41%"
"11","35","267","УИК №267","420","15.69%","703","26.28%","945","35.92%","1000","38.23%","38.26%","38.58%","40.96%","42.76%"
"11","35","268","УИК №268","257","15.04%","388","22.70%","600","35.78%","740","44.44%","44.74%","46.27%","48.09%","50.51%"
"11","35","269","УИК №269","190","13.48%","357","25.37%","492","35.57%","598","43.46%","44.40%","46.40%","48.85%","51.22%"
"11","35","270","УИК №270","246","10.50%","562","24.01%","813","34.82%","996","43.21%","43.34%","44.53%","44.66%","44.79%"
"11","35","271","УИК №271","264","16.05%","424","25.78%","594","36.58%","676","41.94%","42.99%","45.39%","47.28%","49.24%"
"11","35","272","УИК №272","266","13.82%","499","25.95%","708","37.52%","808","42.91%","43.12%","44.91%","45.88%","47.98%"
"11","35","273","УИК №273","372","17.26%","556","25.81%","760","35.70%","919","43.45%","44.26%","45.03%","46.22%","47.84%"
"11","35","274","УИК №274","281","14.63%","497","25.90%","697","37.13%","796","42.54%","43.40%","44.96%","47.56%","49.95%"
"11","35","275","УИК №275","265","13.70%","458","23.71%","726","38.25%","838","44.41%","44.73%","45.90%","48.63%","51.26%"
"11","35","276","УИК №276","397","18.10%","567","25.88%","722","33.47%","925","43.22%","43.83%","45.28%","50.38%","51.94%"
"11","35","277","УИК №277","198","15.41%","336","26.19%","435","34.28%","577","45.79%","46.75%","48.59%","48.75%","49.23%"
"11","35","278","УИК №278","239","12.08%","508","25.70%","714","36.84%","819","42.48%","43.10%","44.58%","52.31%","54.57%"
"11","35","279","УИК №279","327","13.39%","636","26.07%","821","34.25%","997","41.91%","42.20%","43.66%","46.85%","48.17%"
"11","35","280","УИК №280","295","12.97%","570","25.08%","795","35.46%","926","41.54%","42.04%","42.79%","48.26%","49.21%"
"11","35","281","УИК №281","183","10.96%","447","26.81%","581","35.41%","699","42.88%","43.80%","45.43%","47.61%","49.91%"
"11","35","282","УИК №282","316","10.95%","724","25.08%","984","34.86%","1160","41.35%","41.68%","42.90%","45.81%","47.57%"
"11","35","283","УИК №283","251","11.92%","555","26.38%","728","35.27%","926","45.04%","45.72%","46.48%","47.75%","50.10%"
"11","35","284","УИК №284","205","10.95%","468","25.00%","670","36.67%","759","41.73%","42.33%","43.12%","48.67%","51.33%"
"11","35","285","УИК №285","371","16.98%","584","26.75%","790","36.68%","910","42.62%","43.19%","43.95%","52.76%","53.09%"
"11","35","286","УИК №286","347","14.27%","617","25.40%","802","33.75%","974","41.20%","41.75%","42.72%","49.59%","50.23%"
"11","35","287","УИК №287","249","11.76%","550","25.98%","727","35.27%","824","40.18%","40.91%","42.69%","48.42%","50.10%"
"11","35","288","УИК №288","176","14.98%","266","22.66%","406","35.12%","449","38.98%","39.24%","40.74%","45.17%","47.56%"
"11","35","2369","УИК №2369","","","","","","","","","","","",""
"11","35","2370","УИК №2370","","","","","","","","","","","",""
"11","35","2532","УИК №2532","","","","","318","100.00%","484","100.00%","100.00%","100.00%","100.00%","100.00%"
"11","35","2533","УИК №2533","","","","","509","100.00%","596","100.00%","100.00%","100.00%","100.00%","100.00%"
"11","35","2541","УИК №2541","","","","","502","100.00%","587","100.00%","100.00%","100.00%","100.00%","100.00%"
"11","35","2542","УИК №2542","","","","","626","100.00%","785","100.00%","100.00%","100.00%","100.00%","100.00%"
"11","35","2543","УИК №2543","","","","","327","100.00%","606","100.00%","100.00%","100.00%","100.00%","100.00%"
"11","35","2547","УИК №2547","","","","","738","100.00%","875","100.00%","100.00%","100.00%","100.00%","100.00%"
"11","35","2549","УИК №2549","","","","","730","100.00%","1029","100.00%","100.00%","100.00%","100.00%","100.00%"
"12","28","1867","УИК №1867","283","12.52%","679","30.03%","739","32.68%","862","38.12%","38.92%","40.07%","42.15%","47.24%"
"12","28","1868","УИК №1868","294","12.78%","691","30.04%","827","35.96%","898","39.04%","39.78%","41.13%","43.83%","47.78%"
"12","28","1869","УИК №1869","304","11.94%","766","30.10%","892","35.05%","1058","41.57%","42.55%","43.73%","45.93%","49.74%"
"12","28","1870","УИК №1870","317","11.86%","880","32.92%","893","33.41%","1154","43.17%","43.99%","45.23%","47.06%","50.62%"
"12","28","1871","УИК №1871","220","11.95%","553","30.04%","598","32.48%","703","38.19%","39.11%","39.87%","42.91%","49.21%"
"12","28","1872","УИК №1872","237","12.12%","587","30.01%","664","33.95%","802","41.00%","42.02%","42.89%","45.09%","49.34%"
"12","28","1873","УИК №1873","293","12.52%","702","30.00%","761","32.52%","940","40.17%","41.97%","42.65%","45.26%","48.08%"
"12","28","1874","УИК №1874","264","14.33%","551","29.91%","643","34.91%","744","40.39%","41.53%","42.18%","44.73%","47.67%"
"12","28","1875","УИК №1875","212","13.35%","477","30.04%","537","33.82%","648","40.81%","41.94%","42.44%","44.84%","48.11%"
"12","28","1876","УИК №1876","273","14.32%","570","29.89%","637","33.40%","747","39.17%","40.22%","41.95%","45.25%","47.77%"
"12","28","1877","УИК №1877","303","13.74%","667","30.24%","729","33.05%","930","42.16%","43.25%","43.97%","46.19%","49.14%"
"12","28","1878","УИК №1878","302","14.03%","651","30.24%","731","33.95%","759","35.25%","36.04%","38.41%","41.90%","45.84%"
"12","28","1879","УИК №1879","291","12.67%","680","29.62%","769","33.49%","805","35.06%","37.72%","39.37%","42.90%","47.21%"
"12","28","1880","УИК №1880","304","13.89%","657","30.01%","689","31.48%","860","39.29%","40.79%","42.80%","45.96%","48.56%"
"12","28","1881","УИК №1881","278","12.78%","750","34.47%","788","36.21%","932","42.83%","44.85%","45.96%","47.89%","49.13%"
"12","28","1882","УИК №1882","291","12.83%","780","34.38%","799","35.21%","948","41.78%","44.82%","46.10%","49.23%","50.86%"
"12","28","1883","УИК №1883","312","12.53%","747","29.99%","843","33.84%","972","39.02%","43.16%","44.92%","48.17%","50.10%"
"12","28","1884","УИК №1884","344","12.96%","890","33.52%","904","34.05%","1065","40.11%","41.96%","44.07%","47.83%","49.79%"
"12","28","1885","УИК №1885","323","12.79%","757","29.98%","856","33.90%","979","38.77%","39.88%","40.83%","43.68%","47.92%"
"12","28","1886","УИК №1886","206","11.21%","551","29.98%","607","33.03%","704","38.30%","39.06%","40.91%","44.02%","47.66%"
"12","28","1887","УИК №1887","309","14.36%","647","30.07%","726","33.74%","794","36.90%","38.71%","41.64%","45.63%","48.65%"
"12","28","1888","УИК №1888","313","15.11%","622","30.02%","703","33.93%","832","40.15%","41.99%","42.71%","46.86%","48.94%"
"12","28","1889","УИК №1889","444","15.77%","847","30.09%","935","33.21%","1183","42.02%","44.16%","45.90%","48.85%","50.30%"
"12","28","1890","УИК №1890","339","13.32%","760","29.85%","839","32.95%","1020","40.06%","41.20%","42.97%","46.70%","48.43%"
"12","28","1891","УИК №1891","231","11.56%","600","30.02%","641","32.07%","785","39.27%","40.02%","41.87%","45.77%","48.92%"
"12","28","1892","УИК №1892","280","13.11%","640","29.96%","713","33.38%","788","36.89%","37.13%","39.04%","43.12%","45.69%"
"12","28","2389","УИК №2389","509","16.96%","907","30.22%","1048","34.92%","1282","42.72%","44.82%","45.95%","50.38%","52.85%"
"12","56","1927","УИК №1927","285","8.64%","986","29.89%","1122","34.01%","1349","40.89%","41.19%","41.78%","46.67%","50.79%"
"12","56","1928","УИК №1928","417","14.83%","874","31.09%","1006","35.79%","1206","42.90%","42.99%","43.37%","48.68%","53.29%"
"12","56","1929","УИК №1929","241","7.27%","939","28.32%","1082","32.63%","1274","38.42%","37.82%","38.73%","44.09%","48.39%"
"12","56","1930","УИК №1930","362","14.04%","821","31.83%","916","35.52%","1125","43.62%","43.74%","44.37%","50.11%","54.69%"
"12","56","1931","УИК №1931","430","17.96%","807","33.71%","900","37.59%","1041","43.48%","42.89%","43.78%","47.78%","52.26%"
"12","56","1932","УИК №1932","527","21.35%","976","39.55%","1067","43.23%","1193","48.34%","47.58%","47.93%","50.04%","54.25%"
"12","56","1933","УИК №1933","343","20.07%","551","32.24%","618","36.16%","739","43.24%","43.24%","44.35%","46.99%","51.68%"
"12","56","1934","УИК №1934","288","14.98%","577","30.02%","661","34.39%","805","41.88%","41.67%","42.43%","46.32%","50.92%"
"12","56","1935","УИК №1935","260","14.61%","566","31.80%","639","35.90%","771","43.31%","42.99%","43.12%","45.42%","50.22%"
"12","56","1936","УИК №1936","261","15.56%","532","31.72%","599","35.72%","714","42.58%","42.44%","42.99%","46.10%","50.79%"
"12","56","1937","УИК №1937","329","12.11%","831","30.60%","937","34.50%","1152","42.42%","42.12%","43.08%","46.58%","51.48%"
"12","56","1938","УИК №1938","285","11.97%","692","29.08%","792","33.28%","968","40.67%","40.92%","41.76%","46.46%","50.94%"
"12","56","1939","УИК №1939","305","13.75%","681","30.70%","783","35.30%","949","42.79%","42.44%","43.15%","47.42%","52.14%"
"12","56","1940","УИК №1940","298","11.99%","748","30.11%","857","34.50%","1051","42.31%","41.99%","42.42%","46.30%","50.49%"
"12","56","1941","УИК №1941","264","7.63%","945","27.30%","1115","32.21%","1388","40.09%","40.19%","41.25%","45.37%","50.46%"
"12","56","1942","УИК №1942","533","17.24%","1061","34.31%","1197","38.71%","1385","44.79%","44.46%","45.11%","47.60%","51.89%"
"12","56","1943","УИК №1943","519","13.54%","1144","29.85%","1343","35.04%","1631","42.55%","42.36%","42.78%","45.68%","50.58%"
"12","56","1944","УИК №1944","398","13.71%","883","30.41%","1005","34.61%","1234","42.49%","42.15%","42.82%","45.71%","50.52%"
"12","56","1945","УИК №1945","289","8.57%","928","27.51%","948","28.11%","1037","30.74%","30.60%","31.01%","31.74%","42.02%"
"12","56","1946","УИК №1946","702","20.45%","1194","34.79%","1366","39.80%","1637","47.70%","47.54%","47.81%","50.53%","55.35%"
"12","56","1947","УИК №1947","74","14.69%","266","53.52%","310","62.37%","425","85.51%","91.55%","94.16%","96.18%","100.00%"
"12","56","1948","УИК №1948","236","42.29%","371","66.49%","430","77.06%","498","89.25%","93.55%","95.70%","96.59%","100.00%"
"12","56","2349","УИК №2349","","","","","","","","","","","",""
"12","56","2350","УИК №2350","","","","","","","","","","","",""
"12","56","2395","УИК №2395","260","6.27%","1145","27.62%","1336","32.22%","1605","38.71%","38.60%","39.25%","42.68%","46.89%"
"12","56","2396","УИК №2396","624","17.63%","1101","31.10%","1274","35.99%","1526","43.11%","43.05%","43.53%","46.98%","51.54%"
"12","56","2397","УИК №2397","288","8.99%","856","26.73%","1028","32.10%","1269","39.63%","39.19%","40.14%","44.07%","48.36%"
"12","56","2398","УИК №2398","391","10.74%","1053","28.94%","1239","34.05%","1504","41.33%","41.13%","41.83%","45.11%","49.83%"
"12","56","2399","УИК №2399","768","21.31%","1203","33.38%","1369","37.99%","1563","43.37%","43.33%","43.76%","47.69%","52.48%"
"12","56","2400","УИК №2400","252","7.46%","949","28.10%","1087","32.19%","1344","39.80%","39.90%","40.18%","44.27%","48.38%"
"12","56","2401","УИК №2401","181","7.67%","687","29.11%","802","33.98%","989","41.91%","42.16%","42.75%","46.98%","50.78%"
"12","56","2402","УИК №2402","260","9.92%","773","29.49%","898","34.26%","1079","41.17%","41.28%","41.89%","46.18%","50.09%"
"12","56","2506","УИК №2506","174","100.00%","583","100.00%","924","100.00%","1257","100.00%","100.00%","100.00%","100.00%","100.00%"
"12","56","2507","УИК №2507","165","100.00%","567","100.00%","934","100.00%","1229","100.00%","100.00%","100.00%","100.00%","100.00%"
"12","56","2508","УИК №2508","154","100.00%","595","100.00%","952","100.00%","1261","100.00%","100.00%","100.00%","100.00%","100.00%"
"12","57","1893","УИК №1893","451","22.91%","667","33.88%","723","36.72%","837","42.51%","42.61%","43.12%","46.11%","49.72%"
"12","57","1894","УИК №1894","634","22.49%","975","34.59%","1074","38.10%","1177","41.75%","42.60%","42.85%","46.86%","50.44%"
"12","57","1895","УИК №1895","537","23.25%","778","33.68%","892","38.61%","1038","44.94%","45.45%","46.19%","50.17%","50.39%"
"12","57","1896","УИК №1896","648","23.72%","943","34.52%","1038","37.99%","1149","42.06%","42.57%","42.97%","46.96%","50.59%"
"12","57","1897","УИК №1897","570","21.84%","914","35.02%","984","37.70%","1112","42.61%","42.80%","43.30%","47.28%","50.88%"
"12","57","1898","УИК №1898","492","26.48%","650","34.98%","700","37.67%","780","41.98%","42.36%","43.00%","46.02%","49.62%"
"12","57","1900","УИК №1900","578","27.63%","715","34.18%","810","38.72%","1052","50.29%","50.33%","50.38%","48.18%","50.18%"
"12","57","1901","УИК №1901","390","22.11%","617","34.98%","647","36.68%","742","42.06%","42.52%","43.08%","46.09%","49.66%"
"12","57","1902","УИК №1902","504","26.48%","662","34.79%","698","36.68%","784","41.20%","41.62%","41.93%","44.93%","49.92%"
"12","57","1903","УИК №1903","468","27.40%","582","34.07%","632","37.00%","721","42.21%","42.33%","47.13%","50.12%","50.35%"
"12","57","1904","УИК №1904","452","24.69%","641","35.01%","707","38.61%","769","42.00%","42.44%","42.82%","45.82%","50.79%"
"12","57","1908","УИК №1908","431","23.75%","635","34.99%","690","38.02%","767","42.26%","42.31%","42.53%","45.51%","49.15%"
"12","57","1909","УИК №1909","540","26.50%","699","34.30%","758","37.19%","853","41.85%","42.20%","42.59%","45.58%","50.59%"
"12","57","1913","УИК №1913","498","27.68%","630","35.02%","667","37.08%","759","42.19%","42.41%","42.86%","45.86%","49.47%"
"12","57","1914","УИК №1914","452","26.29%","591","34.38%","631","36.71%","749","43.57%","43.69%","44.21%","47.24%","50.79%"
"12","57","1925","УИК №1925","620","25.42%","854","35.01%","944","38.70%","1025","42.03%","42.52%","42.85%","46.86%","50.43%"
"13","12","1731","УИК №1731","249","9.08%","823","30.01%","895","32.64%","1200","43.76%","43.95%","44.38%","44.68%","49.67%"
"13","12","1732","УИК №1732","199","7.64%","782","30.01%","873","33.50%","1121","43.02%","43.17%","43.59%","43.75%","48.73%"
"13","12","1733","УИК №1733","197","9.26%","633","29.76%","683","32.11%","907","42.64%","42.88%","43.44%","43.82%","49.79%"
"13","12","1734","УИК №1734","219","9.69%","678","30.00%","717","31.73%","935","41.37%","41.50%","41.95%","42.08%","47.96%"
"13","12","1735","УИК №1735","220","10.66%","619","29.99%","681","32.99%","875","42.39%","42.59%","43.12%","43.31%","49.56%"
"13","12","1736","УИК №1736","283","10.74%","791","30.02%","816","30.97%","1088","41.29%","41.52%","41.90%","42.24%","47.32%"
"13","12","1737","УИК №1737","256","12.40%","717","34.74%","839","40.65%","935","45.30%","45.54%","46.12%","46.17%","51.36%"
"13","12","1738","УИК №1738","186","10.04%","556","30.02%","597","32.24%","779","42.06%","42.22%","42.76%","43.09%","50.49%"
"13","12","1739","УИК №1739","153","10.99%","418","30.03%","443","31.82%","579","41.59%","41.95%","42.82%","42.89%","50.57%"
"13","12","1740","УИК №1740","196","10.82%","543","29.98%","580","32.03%","758","41.86%","42.13%","42.79%","43.24%","50.86%"
"13","12","1741","УИК №1741","190","9.99%","571","30.02%","601","31.60%","786","41.32%","41.59%","42.22%","42.64%","49.89%"
"13","12","1742","УИК №1742","186","8.72%","637","29.88%","658","30.86%","891","41.79%","41.98%","42.50%","42.68%","48.78%"
"13","12","1743","УИК №1743","179","10.72%","501","30.00%","569","34.07%","715","42.81%","43.11%","43.83%","44.01%","51.62%"
"13","12","1744","УИК №1744","209","8.19%","765","29.99%","798","31.28%","1057","41.43%","41.55%","41.94%","42.10%","47.31%"
"13","12","1745","УИК №1745","150","6.63%","678","29.99%","702","31.05%","948","41.93%","42.11%","42.59%","42.77%","48.47%"
"13","12","1746","УИК №1746","111","8.97%","393","31.74%","475","38.37%","578","46.69%","47.17%","47.98%","48.06%","52.50%"
"13","12","1747","УИК №1747","189","10.00%","567","30.00%","593","31.38%","798","42.22%","42.49%","43.12%","43.44%","50.74%"
"13","12","1748","УИК №1748","229","8.56%","702","26.23%","723","27.02%","1080","40.36%","40.47%","40.84%","45.74%","52.47%"
"13","12","1749","УИК №1749","193","9.37%","618","30.00%","643","31.21%","856","41.55%","41.80%","42.38%","42.67%","49.27%"
"13","12","1750","УИК №1750","236","11.20%","632","29.98%","661","31.36%","878","41.65%","41.84%","42.36%","42.55%","48.67%"
"13","12","1751","УИК №1751","273","9.16%","894","30.01%","925","31.05%","1243","41.73%","41.93%","42.26%","42.33%","46.89%"
"13","12","1752","УИК №1752","154","6.82%","677","29.98%","703","31.13%","947","41.94%","42.12%","42.60%","42.78%","48.54%"
"13","12","1753","УИК №1753","231","9.43%","503","20.53%","735","30.00%","1018","41.55%","41.76%","42.24%","42.37%","47.55%"
"13","12","1754","УИК №1754","206","10.52%","588","30.02%","614","31.34%","821","41.91%","42.06%","42.57%","42.78%","49.57%"
"13","12","1755","УИК №1755","416","16.19%","793","30.87%","850","33.09%","1122","43.67%","43.83%","44.26%","44.41%","49.44%"
"13","12","1756","УИК №1756","306","11.34%","839","31.10%","880","32.62%","1107","41.03%","41.07%","41.25%","41.33%","48.70%"
"13","12","1757","УИК №1757","188","7.66%","737","30.02%","762","31.04%","1025","41.75%","41.96%","42.44%","42.65%","48.19%"
"13","12","1758","УИК №1758","182","7.52%","726","30.00%","759","31.36%","1044","43.14%","43.26%","43.68%","43.80%","49.42%"
"13","12","1759","УИК №1759","120","7.08%","508","29.99%","536","31.64%","699","41.26%","41.56%","42.27%","42.74%","50.71%"
"13","12","1760","УИК №1760","270","10.18%","796","30.00%","828","31.21%","1113","41.95%","42.18%","42.56%","42.71%","47.79%"
"13","12","1761","УИК №1761","257","10.17%","799","31.61%","890","35.21%","1051","41.57%","41.81%","42.21%","42.37%","47.78%"
"13","12","1762","УИК №1762","181","6.93%","231","8.85%","273","10.46%","372","14.25%","14.29%","14.48%","21.33%","29.84%"
"13","12","1763","УИК №1763","252","8.97%","840","29.89%","890","31.67%","1187","42.24%","42.42%","42.85%","43.13%","47.65%"
"13","12","1764","УИК №1764","314","11.20%","841","30.00%","869","31.00%","1119","39.92%","39.96%","40.14%","43.49%","43.49%"
"13","12","1765","УИК №1765","242","8.83%","937","34.18%","1093","39.88%","1145","41.77%","41.92%","42.32%","42.47%","47.17%"
"13","12","1766","УИК №1766","248","7.96%","561","18.01%","679","21.80%","831","26.68%","26.87%","27.19%","31.81%","38.94%"
"13","12","1767","УИК №1767","286","9.62%","892","30.01%","930","31.29%","1358","45.69%","45.86%","46.27%","46.40%","53.87%"
"13","12","1768","УИК №1768","251","9.99%","823","32.75%","865","34.42%","1042","41.46%","41.66%","42.14%","42.46%","47.63%"
"13","12","1769","УИК №1769","218","9.48%","754","32.78%","855","37.17%","957","41.61%","41.87%","42.30%","42.43%","48.09%"
"13","12","1770","УИК №1770","144","5.64%","766","30.02%","792","31.03%","1061","41.58%","41.73%","42.16%","42.32%","47.45%"
"13","12","1771","УИК №1771","145","8.06%","540","30.00%","564","31.33%","756","42.00%","42.33%","42.89%","43.39%","50.72%"
"13","12","1772","УИК №1772","184","10.26%","538","29.99%","561","31.27%","739","41.19%","41.42%","42.03%","42.25%","49.50%"
"13","12","1773","УИК №1773","121","7.01%","518","30.03%","535","31.01%","727","42.14%","42.43%","43.13%","43.59%","50.96%"
"13","12","1774","УИК №1774","203","7.56%","805","29.99%","836","31.15%","1129","42.06%","42.18%","42.55%","42.66%","47.62%"
"13","12","1775","УИК №1775","180","9.98%","541","29.99%","559","30.99%","777","43.07%","43.29%","43.90%","44.12%","51.27%"
"13","12","1776","УИК №1776","179","9.10%","590","29.99%","614","31.22%","816","41.48%","41.79%","42.30%","42.65%","49.47%"
"13","12","1777","УИК №1777","256","14.50%","609","34.48%","687","38.90%","749","42.41%","42.70%","43.37%","43.83%","48.87%"
"13","12","1778","УИК №1778","205","11.12%","553","29.99%","642","34.82%","826","44.79%","44.90%","45.28%","45.34%","45.39%"
"13","12","1779","УИК №1779","213","9.51%","672","30.01%","794","35.46%","968","43.23%","43.46%","43.99%","44.35%","50.20%"
"13","12","1780","УИК №1780","214","9.94%","646","29.99%","673","31.24%","920","42.71%","42.90%","43.41%","43.64%","49.72%"
"13","12","1781","УИК №1781","260","10.07%","775","30.02%","803","31.10%","1119","43.34%","43.49%","43.92%","44.07%","49.15%"
"13","12","1782","УИК №1782","207","10.27%","605","30.02%","651","32.31%","859","42.63%","42.83%","43.37%","43.57%","50.02%"
"13","12","1783","УИК №1783","199","9.44%","632","29.98%","668","31.69%","901","42.74%","42.98%","43.55%","43.93%","49.95%"
"13","12","1784","УИК №1784","275","14.75%","560","30.03%","579","31.05%","785","42.09%","42.25%","42.79%","43.38%","50.51%"
"13","12","1785","УИК №1785","293","14.91%","590","30.03%","613","31.20%","833","42.39%","42.60%","43.16%","43.36%","49.92%"
"13","12","1786","УИК №1786","217","11.76%","554","30.03%","569","30.84%","782","42.38%","42.71%","43.25%","43.74%","51.00%"
"13","12","1787","УИК №1787","145","7.49%","581","30.01%","600","30.99%","807","41.68%","41.89%","42.46%","42.67%","49.48%"
"13","12","1788","УИК №1788","238","7.66%","933","30.01%","973","31.30%","1315","42.30%","42.43%","42.78%","42.91%","47.15%"
"13","58","1816","УИК №1816","119","10.73%","355","32.01%","427","38.50%","453","40.85%","44.91%","45.90%","47.34%","50.76%"
"13","58","1821","УИК №1821","554","26.34%","673","32.00%","768","36.52%","882","41.94%","45.03%","45.22%","45.51%","49.98%"
"13","58","1822","УИК №1822","295","16.16%","548","30.03%","641","35.12%","732","40.11%","41.81%","42.74%","45.21%","48.16%"
"13","58","1823","УИК №1823","469","24.09%","643","33.03%","753","38.67%","856","43.97%","45.20%","46.12%","47.30%","49.05%"
"13","58","1824","УИК №1824","428","19.99%","621","29.01%","766","35.78%","920","42.97%","44.79%","45.82%","46.57%","49.28%"
"13","58","1825","УИК №1825","436","19.99%","742","34.02%","844","38.70%","940","43.10%","44.84%","45.62%","46.72%","49.15%"
"13","58","1826","УИК №1826","406","23.04%","546","30.99%","650","36.89%","766","43.47%","44.78%","45.69%","47.33%","50.06%"
"13","58","1827","УИК №1827","238","12.70%","581","31.00%","695","37.09%","789","42.10%","44.82%","45.57%","46.85%","48.29%"
"13","58","1828","УИК №1828","280","12.15%","760","32.99%","855","37.11%","970","42.10%","43.88%","45.05%","46.01%","48.31%"
"13","58","1829","УИК №1829","263","17.27%","487","31.98%","556","36.51%","624","40.97%","42.35%","44.12%","45.44%","48.65%"
"13","58","1831","УИК №1831","291","13.70%","742","35.02%","790","37.28%","953","44.97%","45.82%","46.81%","48.32%","50.07%"
"13","58","1832","УИК №1832","262","11.46%","686","29.99%","803","35.11%","867","37.91%","41.36%","42.76%","44.60%","48.14%"
"13","58","1833","УИК №1833","369","17.14%","710","32.98%","777","36.09%","864","40.13%","44.26%","45.29%","46.96%","49.00%"
"13","58","1834","УИК №1834","185","12.06%","476","31.03%","557","36.31%","646","42.11%","44.46%","45.89%","47.20%","49.54%"
"13","58","1835","УИК №1835","531","24.14%","726","33.00%","796","36.18%","878","39.91%","41.41%","42.91%","44.82%","48.39%"
"13","58","1836","УИК №1836","211","9.84%","751","35.01%","832","38.79%","953","44.43%","45.41%","46.85%","47.13%","49.37%"
"13","58","1837","УИК №1837","204","10.00%","673","33.01%","765","37.52%","859","42.13%","44.24%","44.38%","45.86%","48.36%"
"13","58","1838","УИК №1838","491","19.92%","777","31.50%","888","36.00%","976","39.56%","41.02%","42.44%","43.66%","47.05%"
"13","58","1839","УИК №1839","447","19.99%","760","33.99%","850","38.01%","951","42.53%","44.90%","45.35%","47.00%","49.28%"
"13","58","1840","УИК №1840","278","13.26%","671","31.99%","814","38.82%","921","43.92%","46.40%","46.83%","48.55%","49.64%"
"13","58","1841","УИК №1841","350","17.88%","646","33.01%","746","38.12%","844","43.13%","45.53%","46.09%","48.13%","49.51%"
"13","58","1842","УИК №1842","221","18.81%","400","34.01%","456","38.78%","517","43.96%","45.07%","45.66%","48.13%","50.60%"
"14","4","901","УИК №901","231","11.42%","529","26.15%","547","27.04%","549","27.14%","27.29%","28.03%","29.81%","31.69%"
"14","4","902","УИК №902","428","10.63%","1013","25.17%","1014","25.19%","1015","25.22%","25.27%","26.04%","27.60%","28.97%"
"14","4","960","УИК №960","332","10.85%","766","25.03%","1251","40.88%","1565","51.14%","51.24%","51.41%","51.44%","51.44%"
"14","4","961","УИК №961","257","8.66%","775","26.10%","1204","40.55%","1553","52.31%","52.37%","52.58%","52.61%","52.61%"
"14","4","962","УИК №962","251","8.20%","772","25.23%","781","25.52%","791","25.85%","25.92%","26.67%","28.17%","29.28%"
"14","4","963","УИК №963","143","8.32%","457","26.59%","602","35.02%","878","51.08%","51.25%","51.72%","51.77%","51.83%"
"14","4","964","УИК №964","120","8.03%","393","26.29%","560","37.46%","764","51.10%","51.37%","52.11%","52.17%","52.37%"
"14","4","965","УИК №965","259","9.80%","303","11.47%","443","16.77%","556","21.04%","21.08%","22.94%","27.59%","39.29%"
"14","4","966","УИК №966","323","10.61%","776","25.50%","1105","36.31%","1613","53.01%","53.04%","53.40%","53.53%","53.66%"
"14","4","967","УИК №967","213","9.08%","297","12.67%","412","17.57%","563","24.01%","24.18%","25.63%","26.61%","31.64%"
"14","4","2411","УИК №2411","222","9.06%","623","25.42%","898","36.64%","1261","51.45%","51.57%","52.06%","52.10%","53.04%"
"14","4","2412","УИК №2412","310","8.69%","892","25.01%","1242","34.82%","1800","50.46%","50.55%","50.86%","50.88%","51.36%"
"14","4","2413","УИК №2413","235","9.62%","630","25.78%","928","37.97%","1301","53.23%","53.31%","53.52%","53.52%","53.64%"
"14","4","2414","УИК №2414","407","10.97%","925","24.93%","1359","36.63%","1920","51.75%","51.86%","52.10%","52.13%","52.18%"
"14","11","484","УИК №484","397","17.56%","561","24.81%","661","29.23%","736","32.99%","33.54%","34.09%","37.92%","41.08%"
"14","11","485","УИК №485","422","16.32%","570","22.05%","699","27.04%","854","33.04%","33.42%","34.43%","37.45%","37.83%"
"14","11","486","УИК №486","531","18.84%","659","23.38%","780","27.67%","1067","37.85%","37.89%","38.88%","41.93%","47.29%"
"14","11","487","УИК №487","322","15.32%","432","20.55%","499","23.74%","587","27.93%","28.07%","33.35%","36.58%","35.72%"
"14","11","488","УИК №488","263","14.64%","447","24.87%","513","28.55%","656","36.51%","37.23%","39.23%","42.96%","45.46%"
"14","11","489","УИК №489","246","13.13%","486","25.95%","590","31.50%","773","41.27%","42.07%","44.42%","50.35%","51.68%"
"14","11","490","УИК №490","295","15.13%","463","23.74%","628","32.21%","797","40.87%","41.28%","44.77%","48.46%","52.51%"
"14","11","491","УИК №491","266","15.52%","478","27.89%","586","34.19%","699","40.78%","41.31%","42.07%","45.16%","51.98%"
"14","11","492","УИК №492","268","12.65%","552","26.06%","678","32.01%","895","42.38%","42.47%","44.32%","48.25%","50.57%"
"14","11","493","УИК №493","306","13.59%","568","25.17%","736","32.61%","882","39.08%","39.96%","40.98%","47.63%","48.07%"
"14","11","494","УИК №494","276","14.62%","461","24.42%","578","30.61%","776","41.15%","41.30%","41.94%","46.55%","46.55%"
"14","11","495","УИК №495","433","15.24%","736","25.91%","939","33.05%","1225","43.00%","43.66%","45.10%","45.14%","51.77%"
"14","39","532","УИК №532","298","14.10%","574","27.09%","774","36.53%","991","46.77%","47.00%","47.66%","51.58%","56.49%"
"14","39","533","УИК №533","327","13.50%","516","21.27%","751","30.96%","1015","41.84%","41.92%","43.28%","48.15%","52.47%"
"14","39","534","УИК №534","420","16.62%","420","16.52%","420","16.52%","519","20.92%","21.28%","22.97%","27.37%","32.08%"
"14","39","535","УИК №535","348","14.41%","715","29.58%","826","34.17%","969","40.09%","40.50%","41.29%","44.39%","50.19%"
"14","39","536","УИК №536","347","13.91%","740","29.68%","811","32.53%","1007","40.39%","40.71%","42.28%","46.37%","51.06%"
"14","39","537","УИК №537","237","11.09%","658","30.79%","725","33.93%","822","38.47%","38.93%","39.73%","45.11%","50.16%"
"14","39","538","УИК №538","329","13.63%","549","22.75%","861","35.68%","1069","44.30%","44.67%","45.34%","48.24%","54.12%"
"14","39","539","УИК №539","311","15.84%","418","21.26%","749","38.10%","811","41.25%","41.35%","42.42%","46.13%","50.66%"
"14","39","540","УИК №540","345","12.01%","902","31.34%","1273","44.23%","1356","47.12%","47.60%","48.58%","55.11%","61.95%"
"14","39","541","УИК №541","521","16.33%","785","24.57%","1387","43.41%","1541","48.23%","48.58%","49.33%","52.99%","57.90%"
"14","39","542","УИК №542","403","15.98%","739","29.23%","947","37.46%","1110","43.91%","44.19%","45.37%","49.29%","54.19%"
"14","39","543","УИК №543","401","15.94%","809","32.10%","1059","42.02%","1230","48.81%","49.29%","51.07%","55.44%","59.76%"
"14","39","544","УИК №544","375","15.48%","492","20.24%","801","32.95%","976","40.15%","40.72%","42.16%","46.11%","53.81%"
"14","39","545","УИК №545","174","10.09%","323","18.67%","506","29.25%","655","37.86%","38.32%","39.54%","43.24%","48.21%"
"14","39","546","УИК №546","179","11.10%","319","19.75%","511","31.64%","648","40.12%","40.37%","41.92%","45.39%","49.91%"
"14","39","547","УИК №547","345","12.11%","671","23.48%","721","25.23%","871","30.48%","30.83%","32.05%","35.76%","42.34%"
"14","39","548","УИК №548","509","14.42%","1068","30.21%","1763","49.87%","1825","51.63%","51.85%","52.93%","55.16%","69.34%"
"14","39","572","УИК №572","428","13.63%","955","30.37%","1142","36.31%","1274","40.51%","40.57%","42.13%","46.52%","53.16%"
"14","39","574","УИК №574","618","17.62%","772","21.97%","1141","32.47%","1273","36.23%","36.43%","37.39%","42.57%","47.72%"
"14","39","575","УИК №575","475","14.99%","683","21.48%","1221","39.37%","1370","44.18%","44.50%","45.99%","52.50%","58.14%"
"14","39","2311","УИК №2311","492","13.99%","1110","31.53%","1457","41.38%","1559","44.28%","44.65%","45.44%","48.74%","55.38%"
"14","39","2312","УИК №2312","215","11.99%","371","20.69%","623","34.75%","743","41.44%","41.72%","42.89%","48.91%","52.70%"
"14","40","444","УИК №444","218","14.69%","713","49.69%","713","49.69%","713","49.69%","49.69%","50.03%","50.10%","50.17%"
"14","40","445","УИК №445","292","11.70%","531","21.68%","809","33.03%","842","34.38%","34.99%","36.63%","41.16%","46.30%"
"14","40","446","УИК №446","171","10.44%","381","23.81%","516","32.25%","1063","66.44%","66.63%","66.69%","66.75%","66.81%"
"14","40","447","УИК №447","291","13.60%","494","23.64%","742","35.50%","881","42.15%","42.44%","43.21%","47.13%","51.53%"
"14","40","448","УИК №448","296","13.07%","458","20.61%","711","32.00%","914","41.13%","41.18%","41.18%","45.36%","49.91%"
"14","40","449","УИК №449","241","10.17%","531","22.78%","661","28.36%","749","32.13%","32.52%","34.06%","36.25%","52.60%"
"14","40","450","УИК №450","288","13.97%","481","23.76%","644","31.82%","833","41.16%","41.45%","42.84%","47.53%","58.10%"
"14","40","451","УИК №451","261","13.72%","491","26.31%","591","31.67%","845","45.28%","46.25%","47.11%","52.47%","62.06%"
"14","40","452","УИК №452","311","14.09%","572","26.29%","737","33.87%","830","38.14%","38.47%","38.69%","42.42%","47.66%"
"14","40","453","УИК №453","395","12.76%","643","21.09%","1018","33.39%","1299","42.60%","44.08%","45.20%","48.54%","50.71%"
"14","40","454","УИК №454","231","11.41%","454","22.85%","680","34.22%","832","41.87%","42.02%","44.84%","47.66%","52.64%"
"14","40","455","УИК №455","207","10.50%","430","22.37%","682","35.48%","855","44.48%","46.57%","47.03%","51.77%","56.35%"
"14","40","456","УИК №456","289","13.48%","887","42.32%","887","42.32%","911","43.46%","43.61%","43.65%","43.65%","43.65%"
"14","40","457","УИК №457","264","12.73%","422","20.66%","501","24.52%","588","28.78%","28.88%","29.66%","36.91%","40.33%"
"14","40","458","УИК №458","324","14.32%","494","22.15%","703","31.52%","861","38.61%","40.31%","40.54%","45.47%","49.33%"
"14","40","459","УИК №459","196","8.45%","454","19.83%","738","32.23%","1006","43.93%","43.93%","45.85%","50.48%","54.93%"
"14","40","460","УИК №460","281","13.81%","442","22.06%","651","32.49%","895","44.66%","45.06%","46.61%","51.05%","54.49%"
"14","40","461","УИК №461","187","10.08%","696","38.41%","734","40.51%","778","42.94%","43.27%","45.36%","49.28%","54.25%"
"14","40","462","УИК №462","130","9.97%","254","20.17%","416","33.04%","587","46.62%","47.42%","48.21%","54.81%","57.74%"
"14","40","463","УИК №463","211","10.68%","435","22.54%","654","33.89%","797","41.30%","41.76%","43.78%","52.23%","55.70%"
"14","40","464","УИК №464","247","12.31%","441","22.42%","692","35.18%","1016","51.65%","51.80%","53.58%","59.38%","67.77%"
"14","40","465","УИК №465","222","12.36%","392","22.35%","575","32.78%","598","34.09%","34.95%","40.36%","43.27%","48.46%"
"14","40","466","УИК №466","298","14.16%","487","23.56%","719","34.78%","901","43.59%","44.75%","47.31%","50.51%","54.43%"
"14","40","467","УИК №467","235","13.19%","383","21.99%","616","35.36%","651","37.37%","37.77%","37.77%","42.71%","52.35%"
"14","40","468","УИК №468","176","9.98%","475","27.47%","552","31.93%","724","41.87%","41.99%","43.03%","49.16%","53.50%"
"15","24","1545","УИК №1545","304","17.22%","510","29.21%","733","41.98%","835","47.82%","48.85%","50.06%","55.33%","61.86%"
"15","24","1546","УИК №1546","467","18.12%","750","29.49%","1064","41.84%","1118","43.96%","48.56%","50.73%","57.61%","64.22%"
"15","24","1547","УИК №1547","299","18.02%","475","28.93%","692","42.14%","695","42.33%","47.69%","49.70%","56.39%","62.12%"
"15","24","1548","УИК №1548","259","17.92%","421","29.44%","603","42.17%","650","45.45%","50.14%","52.45%","56.01%","61.61%"
"15","24","1549","УИК №1549","244","18.28%","391","29.55%","559","42.25%","576","43.54%","48.98%","50.34%","55.48%","59.71%"
"15","24","1550","УИК №1550","304","18.10%","484","29.14%","691","41.60%","694","41.78%","41.84%","41.90%","42.08%","42.14%"
"15","24","1551","УИК №1551","460","18.15%","730","29.22%","1044","41.79%","1118","44.76%","49.28%","51.04%","55.52%","60.93%"
"15","24","1552","УИК №1552","267","18.00%","428","29.02%","617","41.83%","701","47.53%","49.63%","51.39%","59.19%","64.81%"
"15","24","1553","УИК №1553","295","18.03%","476","29.22%","690","42.36%","751","46.10%","49.42%","52.24%","56.84%","62.74%"
"15","24","1554","УИК №1554","315","18.23%","506","29.57%","725","42.37%","793","46.35%","48.16%","50.03%","54.35%","56.98%"
"15","24","1555","УИК №1555","320","18.20%","511","29.40%","733","42.17%","815","46.89%","48.85%","50.12%","54.83%","58.92%"
"15","24","1556","УИК №1556","331","18.23%","527","29.31%","752","41.82%","819","45.55%","47.99%","49.89%","53.84%","57.73%"
"15","24","2365","УИК №2365","","","","","","","","","0.34%","23.37%","49.14%","57.73%"
"15","24","2368","УИК №2368","","","","","","","","","21.02%","45.49%","69.12%","93.11%"
"15","30","2255","УИК №2255","173","14.24%","278","22.88%","395","32.51%","462","38.09%","38.58%","38.93%","43.39%","47.36%"
"15","30","2257","УИК №2257","185","10.56%","408","23.29%","563","32.13%","669","38.27%","38.57%","39.48%","43.50%","47.82%"
"15","30","2258","УИК №2258","254","14.29%","413","23.23%","571","32.11%","679","38.19%","38.36%","39.20%","42.01%","46.91%"
"15","30","2259","УИК №2259","273","14.54%","306","16.29%","353","18.80%","416","22.15%","23.06%","23.80%","26.89%","30.67%"
"15","30","2260","УИК №2260","247","14.52%","403","23.69%","545","32.04%","658","38.68%","38.92%","39.88%","43.09%","47.97%"
"15","30","2261","УИК №2261","175","14.92%","284","24.21%","361","30.78%","461","39.30%","39.56%","40.49%","42.88%","47.83%"
"15","30","2262","УИК №2262","205","15.08%","332","24.43%","446","32.82%","544","40.03%","40.10%","40.18%","44.44%","46.95%"
"15","30","2276","УИК №2276","","","","","","","","","100.00%","100.00%","100.00%","100.00%"
"15","50","1443","УИК №1443","296","15.20%","640","32.87%","773","39.70%","847","44.14%","45.65%","46.53%","53.10%","57.84%"
"15","50","1444","УИК №1444","355","20.75%","539","31.50%","656","38.34%","717","43.19%","45.12%","45.36%","46.51%","58.43%"
"15","50","1445","УИК №1445","309","17.30%","536","30.01%","672","37.63%","689","39.53%","41.14%","41.77%","43.37%","53.30%"
"15","50","1446","УИК №1446","321","17.44%","409","22.22%","630","34.22%","643","35.39%","37.04%","37.75%","38.64%","49.42%"
"15","50","1447","УИК №1447","333","17.90%","614","33.01%","719","38.66%","878","48.29%","49.83%","53.69%","55.99%","63.15%"
"15","50","1448","УИК №1448","388","18.39%","392","18.58%","402","19.05%","526","25.99%","27.72%","27.72%","29.35%","39.28%"
"15","50","1449","УИК №1449","346","19.47%","620","34.89%","721","40.57%","876","50.40%","50.40%","50.40%","52.07%","60.24%"
"15","50","1450","УИК №1450","270","16.17%","533","31.92%","658","39.40%","793","48.50%","50.58%","50.58%","50.83%","70.15%"
"15","50","1451","УИК №1451","327","18.45%","573","32.34%","701","39.56%","824","47.52%","49.02%","49.02%","49.83%","55.82%"
"15","50","1452","УИК №1452","304","18.10%","529","31.49%","635","37.80%","747","45.16%","49.88%","49.88%","50.00%","60.28%"
"15","50","1453","УИК №1453","387","15.83%","801","32.76%","961","39.30%","985","40.94%","50.17%","50.17%","50.33%","55.20%"
"15","50","1454","УИК №1454","325","17.63%","638","34.62%","746","40.48%","795","43.71%","46.34%","47.66%","47.88%","55.09%"
"15","50","1455","УИК №1455","407","19.78%","412","20.02%","423","20.55%","428","21.71%","21.87%","21.87%","22.63%","28.82%"
"15","50","1456","УИК №1456","323","19.89%","510","31.40%","641","39.47%","658","41.38%","45.79%","48.05%","48.93%","57.92%"
"15","50","1457","УИК №1457","411","19.12%","690","32.09%","816","37.95%","986","46.69%","51.94%","56.30%","56.63%","66.43%"
"15","50","1458","УИК №1458","385","18.53%","633","30.46%","801","38.55%","828","40.65%","41.09%","41.88%","42.17%","52.63%"
"15","50","1459","УИК №1459","329","20.46%","516","32.09%","617","38.37%","743","47.26%","48.85%","49.05%","49.36%","56.81%"
"15","50","1460","УИК №1460","469","19.40%","835","34.53%","1000","41.36%","1196","50.46%","51.65%","51.65%","51.77%","52.45%"
"15","50","1461","УИК №1461","299","17.79%","529","31.47%","653","38.85%","791","48.41%","50.73%","50.80%","53.92%","58.99%"
"15","50","1462","УИК №1462","285","15.96%","611","34.21%","728","40.76%","813","45.98%","49.55%","49.55%","54.69%","57.24%"
"15","50","1463","УИК №1463","359","19.49%","611","33.17%","714","38.76%","884","48.98%","49.25%","49.25%","49.58%","59.06%"
"15","50","1464","УИК №1464","273","15.84%","281","16.31%","291","16.89%","397","24.15%","25.43%","26.52%","30.23%","34.85%"
"15","50","1465","УИК №1465","270","14.57%","650","35.08%","753","40.64%","856","47.53%","50.42%","52.03%","52.64%","64.08%"
"15","50","2353","УИК №2353","421","16.20%","863","33.22%","1013","38.99%","1333","52.25%","54.76%","54.92%","54.92%","70.60%"
"15","50","2354","УИК №2354","427","19.68%","789","36.36%","910","41.94%","1342","62.89%","65.65%","66.49%","66.49%","81.72%"
"15","51","1422","УИК №1422","338","19.30%","513","29.50%","723","41.58%","827","47.56%","48.02%","49.57%","54.80%","57.62%"
"15","51","1423","УИК №1423","359","18.91%","549","29.36%","777","41.55%","887","47.43%","47.70%","48.82%","53.37%","57.59%"
"15","51","1424","УИК №1424","324","18.79%","496","29.01%","703","41.11%","807","47.19%","47.54%","47.66%","51.75%","54.68%"
"15","51","1425","УИК №1425","396","18.91%","606","29.23%","857","41.34%","977","47.13%","48.82%","49.40%","53.93%","58.56%"
"15","51","1426","УИК №1426","350","16.82%","569","27.66%","819","39.82%","944","45.89%","46.68%","46.73%","51.27%","57.82%"
"15","51","1427","УИК №1427","341","18.94%","521","29.40%","737","41.59%","844","47.63%","48.36%","49.72%","52.48%","57.17%"
"15","51","1428","УИК №1428","441","19.04%","672","29.38%","950","41.54%","1077","47.09%","47.27%","48.62%","52.38%","55.01%"
"15","51","1429","УИК №1429","511","18.64%","785","29.01%","1114","41.17%","1272","47.01%","48.05%","48.98%","54.71%","58.13%"
"15","51","1430","УИК №1430","343","18.88%","524","29.21%","742","41.36%","848","47.27%","47.99%","48.99%","54.85%","64.05%"
"15","51","1431","УИК №1431","291","19.08%","444","29.48%","627","41.63%","718","47.68%","48.01%","49.73%","54.52%","57.97%"
"15","51","1432","УИК №1432","393","19.24%","597","29.60%","842","41.75%","958","47.50%","48.34%","51.07%","54.78%","58.25%"
"15","51","1433","УИК №1433","297","18.52%","458","28.88%","650","40.98%","745","46.97%","48.49%","50.38%","53.28%","55.99%"
"15","51","1434","УИК №1434","356","18.40%","550","28.66%","782","40.75%","897","46.74%","47.52%","47.63%","51.85%","54.56%"
"15","51","1435","УИК №1435","361","18.73%","553","29.12%","785","41.34%","899","47.34%","47.76%","49.24%","52.55%","57.66%"
"15","51","1436","УИК №1436","373","19.08%","568","29.41%","803","41.58%","920","47.64%","48.42%","49.82%","54.27%","58.05%"
"15","51","1437","УИК №1437","392","18.81%","601","29.22%","851","41.37%","968","47.06%","47.93%","49.54%","53.33%","58.73%"
"15","51","1438","УИК №1438","333","18.72%","510","29.04%","724","41.23%","839","47.78%","47.95%","50.17%","53.82%","58.14%"
"15","51","1439","УИК №1439","402","19.01%","614","29.39%","868","41.55%","995","47.63%","47.92%","49.31%","53.47%","57.97%"
"15","51","1440","УИК №1440","339","18.89%","518","29.22%","733","41.34%","831","46.87%","47.88%","49.07%","53.02%","55.16%"
"15","51","1441","УИК №1441","429","19.29%","651","29.77%","918","41.98%","1027","46.96%","48.56%","50.98%","55.24%","62.14%"
"15","51","1442","УИК №1442","492","18.84%","753","29.30%","1076","41.87%","1233","47.98%","49.03%","50.51%","56.15%","61.09%"
"15","51","1533","УИК №1533","545","19.22%","829","29.64%","1169","41.79%","1327","47.44%","48.76%","50.20%","55.42%","60.65%"
"15","51","1534","УИК №1534","553","19.10%","842","29.46%","1189","41.60%","1349","47.20%","48.06%","50.28%","55.17%","56.86%"
"15","51","1538","УИК №1538","541","19.12%","824","29.53%","1163","41.68%","1307","46.85%","48.52%","50.33%","56.54%","58.20%"
"15","51","1539","УИК №1539","819","18.97%","1250","29.39%","1768","41.57%","1993","46.86%","47.62%","48.80%","55.22%","57.66%"
"15","51","1540","УИК №1540","","","","","","","","","3.66%","10.45%","35.24%","39.66%"
"15","64","2264","УИК №2264","303","15.75%","481","25.00%","641","33.32%","797","41.42%","42.31%","42.41%","42.83%","45.32%"
"15","64","2265","УИК №2265","176","13.52%","329","25.27%","424","32.57%","516","39.63%","41.32%","41.63%","42.09%","45.55%"
"15","64","2270","УИК №2270","230","12.24%","494","26.29%","602","32.04%","772","41.09%","42.52%","43.27%","43.48%","45.29%"
"15","64","2271","УИК №2271","15","100.00%","47","100.00%","59","100.00%","61","93.85%","93.85%","96.92%","100.00%","100.00%"
"16","6","1061","УИК №1061","183","10.25%","355","19.89%","444","24.87%","498","27.90%","27.90%","28.68%","32.21%","34.92%"
"16","6","1062","УИК №1062","283","14.60%","569","29.33%","667","34.38%","761","39.21%","39.57%","41.22%","46.04%","47.94%"
"16","6","1063","УИК №1063","470","24.42%","546","28.36%","664","34.49%","778","40.46%","40.93%","41.97%","51.22%","54.65%"
"16","6","1064","УИК №1064","250","12.97%","442","22.82%","771","39.80%","794","40.99%","41.20%","42.42%","45.28%","48.62%"
"16","6","1065","УИК №1065","282","15.60%","549","30.35%","658","36.37%","730","40.38%","40.65%","41.48%","44.69%","48.95%"
"16","6","1066","УИК №1066","260","14.25%","558","30.49%","628","34.32%","755","41.26%","41.53%","42.62%","44.70%","48.47%"
"16","6","1071","УИК №1071","160","6.91%","268","11.55%","375","16.16%","446","19.52%","20.09%","20.83%","24.78%","30.13%"
"16","6","1072","УИК №1072","194","9.44%","292","14.18%","364","17.68%","436","21.57%","22.02%","23.75%","27.93%","33.53%"
"16","6","1073","УИК №1073","159","9.05%","328","18.64%","431","24.49%","589","34.03%","34.78%","35.40%","40.58%","46.36%"
"16","6","1074","УИК №1074","252","14.24%","449","25.41%","670","37.92%","754","43.33%","43.91%","44.48%","51.48%","63.83%"
"16","6","1075","УИК №1075","236","13.10%","348","19.30%","425","23.57%","535","30.07%","30.30%","34.38%","39.44%","43.98%"
"16","6","1076","УИК №1076","395","18.06%","648","29.37%","750","34.00%","888","40.07%","40.52%","41.17%","46.21%","51.03%"
"16","6","1077","УИК №1077","236","9.64%","308","12.58%","425","17.35%","487","19.82%","20.76%","21.49%","25.66%","29.99%"
"16","6","1078","УИК №1078","299","15.82%","472","24.99%","656","34.73%","714","37.80%","37.96%","38.12%","39.17%","47.54%"
"16","6","1079","УИК №1079","290","17.57%","461","27.92%","560","33.92%","619","37.49%","38.10%","38.70%","42.28%","47.79%"
"16","6","1080","УИК №1080","379","19.98%","559","29.47%","667","35.16%","816","43.04%","43.67%","45.15%","49.37%","56.01%"
"16","6","1081","УИК №1081","363","17.01%","634","29.74%","733","34.38%","821","38.51%","39.68%","40.85%","45.73%","48.45%"
"16","6","1082","УИК №1082","390","17.56%","651","29.23%","745","33.45%","904","40.57%","41.07%","42.01%","45.33%","50.02%"
"16","41","592","УИК №592","123","9.83%","163","12.95%","196","15.67%","235","18.78%","19.42%","20.46%","25.10%","30.30%"
"16","41","593","УИК №593","167","7.09%","315","13.38%","358","15.20%","438","18.60%","19.28%","19.96%","23.91%","28.70%"
"16","41","594","УИК №594","129","9.16%","166","11.79%","247","17.54%","267","18.96%","20.24%","21.52%","27.20%","34.09%"
"16","41","595","УИК №595","127","9.18%","167","12.07%","220","15.90%","274","19.80%","20.09%","21.53%","27.89%","33.67%"
"16","41","596","УИК №596","132","8.40%","199","12.67%","257","16.36%","317","20.18%","20.69%","21.83%","26.54%","32.46%"
"16","41","597","УИК №597","121","6.24%","199","10.27%","353","18.21%","358","18.47%","23.48%","23.48%","28.48%","32.71%"
"16","41","598","УИК №598","150","7.17%","225","10.76%","309","14.78%","365","17.46%","17.55%","18.70%","24.96%","37.06%"
"16","41","599","УИК №599","133","10.50%","175","13.81%","231","18.23%","269","21.23%","21.86%","22.49%","26.52%","31.10%"
"16","41","600","УИК №600","88","9.28%","134","14.14%","164","17.30%","182","19.20%","20.57%","22.36%","25.00%","29.75%"
"16","41","601","УИК №601","119","8.48%","169","12.05%","219","15.61%","261","18.60%","19.46%","20.74%","24.59%","30.29%"
"16","41","602","УИК №602","146","7.61%","230","11.99%","308","16.05%","375","19.54%","19.59%","20.22%","23.50%","26.42%"
"16","41","603","УИК №603","164","8.77%","253","13.52%","342","18.28%","430","22.98%","23.25%","24.48%","30.46%","34.26%"
"16","41","604","УИК №604","272","10.50%","369","14.25%","474","18.30%","537","20.73%","21.58%","23.05%","26.99%","31.70%"
"16","41","605","УИК №605","164","11.16%","275","18.71%","326","22.18%","386","26.26%","27.14%","27.48%","32.52%","38.10%"
"16","41","606","УИК №606","152","10.63%","208","14.55%","253","17.69%","298","20.84%","21.26%","22.94%","26.01%","30.56%"
"16","41","607","УИК №607","140","8.33%","203","12.08%","317","18.87%","502","29.88%","30.12%","30.24%","31.73%","33.93%"
"16","41","608","УИК №608","127","7.94%","181","11.32%","227","14.20%","281","17.57%","18.01%","19.51%","23.95%","24.64%"
"16","41","609","УИК №609","235","15.90%","342","23.14%","408","27.60%","490","33.15%","40.12%","40.87%","41.68%","46.01%"
"16","41","610","УИК №610","116","7.60%","196","12.84%","244","15.98%","292","19.12%","19.45%","21.74%","28.62%","33.07%"
"16","47","1103","УИК №1103","378","17.46%","651","30.07%","720","33.26%","794","36.67%","37.27%","38.66%","42.12%","47.11%"
"16","47","1104","УИК №1104","315","18.19%","515","29.73%","568","32.79%","657","37.93%","37.93%","40.30%","44.63%","48.21%"
"16","47","1105","УИК №1105","384","17.89%","641","29.86%","710","33.07%","797","37.12%","37.77%","39.45%","42.29%","47.37%"
"16","47","1106","УИК №1106","352","16.41%","637","29.70%","704","32.82%","881","41.07%","41.07%","41.21%","41.49%","46.81%"
"16","47","1107","УИК №1107","195","8.49%","671","29.22%","720","31.36%","795","34.63%","34.80%","35.93%","40.72%","45.64%"
"16","47","1108","УИК №1108","198","8.87%","670","30.03%","735","32.94%","812","36.40%","36.93%","38.23%","43.21%","47.42%"
"16","47","1109","УИК №1109","183","9.28%","591","29.97%","651","33.01%","723","36.66%","36.92%","38.49%","42.75%","47.62%"
"16","47","1110","УИК №1110","401","17.56%","668","29.26%","791","34.65%","807","35.35%","35.39%","36.93%","41.66%","51.38%"
"16","47","1111","УИК №1111","262","13.51%","580","29.90%","640","32.99%","731","37.68%","37.73%","39.54%","43.40%","47.22%"
"16","47","1112","УИК №1112","231","9.49%","727","29.86%","826","33.92%","921","37.82%","38.44%","39.38%","44.19%","50.47%"
"16","47","1113","УИК №1113","284","16.09%","529","29.97%","589","33.37%","632","35.81%","37.56%","38.92%","39.15%","43.74%"
"16","47","1114","УИК №1114","280","15.45%","562","31.02%","698","38.52%","757","41.78%","42.16%","43.05%","47.96%","52.37%"
"16","47","1115","УИК №1115","216","9.94%","645","29.70%","736","33.89%","820","37.75%","37.89%","39.55%","44.20%","48.11%"
"16","47","1116","УИК №1116","349","14.42%","725","29.95%","821","33.91%","997","41.18%","41.72%","42.71%","47.67%","53.37%"
"16","47","1117","УИК №1117","358","15.26%","681","29.03%","761","32.44%","824","35.12%","36.74%","38.11%","43.39%","48.21%"
"16","47","1118","УИК №1118","164","9.07%","233","12.89%","288","15.93%","339","18.75%","19.25%","19.58%","23.95%","28.60%"
"16","47","1119","УИК №1119","233","11.79%","582","29.44%","662","33.49%","738","37.33%","37.53%","38.59%","44.41%","54.32%"
"16","47","1120","УИК №1120","247","11.73%","619","29.39%","703","33.38%","805","38.22%","38.32%","39.55%","43.73%","50.24%"
"16","47","1121","УИК №1121","230","11.21%","604","29.43%","668","32.55%","750","36.55%","36.79%","38.84%","44.44%","55.12%"
"16","47","1122","УИК №1122","198","9.33%","613","28.89%","689","32.47%","730","34.40%","34.40%","35.06%","38.50%","42.41%"
"16","47","1123","УИК №1123","222","9.09%","725","29.68%","790","32.34%","934","38.23%","38.27%","38.85%","42.78%","46.30%"
"16","47","1124","УИК №1124","363","19.60%","531","28.67%","594","32.07%","662","35.75%","35.96%","36.77%","40.82%","46.49%"
"16","47","1125","УИК №1125","334","16.78%","578","29.05%","644","32.36%","717","36.03%","36.43%","37.49%","41.21%","45.83%"
"16","47","1126","УИК №1126","342","16.63%","619","30.11%","671","32.64%","744","36.19%","36.48%","37.89%","41.88%","46.55%"
"16","47","1127","УИК №1127","364","18.04%","597","29.58%","661","32.76%","724","35.88%","36.27%","36.67%","41.77%","43.36%"
"16","47","1128","УИК №1128","234","10.29%","681","29.93%","745","32.75%","789","34.68%","34.99%","36.66%","38.68%","40.53%"
"16","47","1129","УИК №1129","334","13.31%","741","29.52%","816","32.51%","857","34.14%","34.70%","35.06%","38.69%","44.90%"
"16","47","1130","УИК №1130","283","13.74%","617","29.95%","678","32.91%","792","38.45%","38.59%","40.15%","45.83%","57.14%"
"16","47","1131","УИК №1131","482","20.13%","717","29.94%","795","33.19%","972","40.58%","40.84%","43.09%","48.94%","52.23%"
"16","47","1132","УИК №1132","316","16.93%","689","36.90%","767","41.08%","805","43.12%","43.49%","44.51%","52.70%","56.99%"
"16","47","1133","УИК №1133","386","19.09%","609","30.12%","650","32.15%","725","35.86%","36.20%","36.70%","39.52%","43.18%"
"16","47","1134","УИК №1134","386","15.40%","755","30.12%","875","34.90%","993","39.61%","40.21%","41.40%","49.50%","57.48%"
"16","47","1135","УИК №1135","407","19.59%","619","29.79%","731","35.18%","935","45.00%","44.99%","45.09%","46.68%","49.52%"
"16","47","1136","УИК №1136","322","14.57%","651","29.46%","761","34.43%","877","39.68%","40.14%","40.86%","45.93%","51.95%"
"16","47","1137","УИК №1137","298","15.59%","541","28.29%","577","30.18%","680","35.56%","36.04%","36.77%","41.21%","48.80%"
"16","47","1138","УИК №1138","301","14.34%","619","29.49%","678","32.30%","751","35.78%","36.02%","37.07%","41.40%","47.21%"
"16","47","1139","УИК №1139","392","14.88%","790","29.99%","891","33.83%","1117","42.41%","42.56%","43.20%","54.75%","62.49%"
"16","47","2331","УИК №2331","468","20.17%","692","29.83%","800","34.48%","873","37.63%","38.28%","39.05%","45.00%","59.91%"
"16","47","2332","УИК №2332","438","18.64%","701","29.83%","765","32.55%","897","38.17%","38.26%","39.66%","42.43%","49.53%"
"16","47","2333","УИК №2333","283","15.17%","551","29.53%","648","34.73%","726","38.91%","39.23%","40.51%","44.96%","50.91%"
"16","47","2334","УИК №2334","292","12.10%","715","29.62%","786","32.56%","938","38.86%","39.35%","41.51%","44.57%","50.17%"
"16","47","2335","УИК №2335","310","12.37%","750","29.92%","874","34.86%","976","38.93%","41.48%","42.28%","44.91%","48.46%"
"16","47","2336","УИК №2336","449","16.40%","812","29.66%","930","33.97%","1026","37.47%","37.84%","38.86%","44.27%","49.85%"
"16","47","2337","УИК №2337","317","11.09%","841","29.42%","915","32.00%","1039","36.34%","36.94%","37.99%","42.18%","48.65%"
"16","47","2338","УИК №2338","324","18.76%","509","29.47%","543","31.44%","654","37.87%","38.45%","39.90%","42.04%","48.29%"
"16","47","2339","УИК №2339","185","12.42%","418","28.07%","562","37.74%","659","44.26%","44.39%","47.75%","50.64%","55.88%"
"16","47","2340","УИК №2340","113","12.75%","266","30.02%","299","33.75%","299","33.75%","33.75%","34.31%","38.71%","42.66%"
"16","47","2418","УИК №2418","270","14.49%","561","30.11%","628","33.71%","730","39.18%","39.72%","40.31%","41.60%","50.72%"
"16","47","2419","УИК №2419","298","18.04%","473","28.63%","512","30.99%","592","35.84%","36.62%","38.26%","44.19%","49.33%"
"17","3","611","УИК №611","327","18.26%","574","32.05%","709","39.59%","806","45.03%","47.26%","49.16%","54.00%","58.96%"
"17","3","612","УИК №612","334","19.48%","552","32.21%","663","38.68%","775","45.40%","46.46%","48.56%","54.21%","60.77%"
"17","3","613","УИК №613","334","20.11%","536","32.29%","668","40.24%","756","45.57%","47.14%","49.06%","53.46%","58.59%"
"17","3","614","УИК №614","298","18.74%","516","32.47%","571","35.80%","612","38.91%","38.91%","40.50%","48.54%","52.68%"
"17","3","615","УИК №615","280","19.89%","452","32.26%","522","37.39%","669","48.34%","48.99%","50.55%","58.28%","62.92%"
"17","3","616","УИК №616","535","22.53%","726","30.59%","913","38.52%","1073","45.89%","48.46%","49.46%","54.41%","58.94%"
"17","3","617","УИК №617","304","11.55%","758","28.89%","869","33.13%","935","35.65%","35.99%","36.84%","41.29%","46.80%"
"17","3","618","УИК №618","206","16.76%","342","28.01%","389","31.89%","434","35.93%","36.01%","37.14%","40.30%","45.42%"
"17","3","619","УИК №619","497","16.31%","976","32.03%","1084","35.60%","1180","38.75%","38.88%","40.77%","45.62%","47.63%"
"17","3","620","УИК №620","440","17.58%","815","32.57%","891","35.63%","972","38.86%","39.02%","39.55%","44.43%","49.75%"
"17","3","621","УИК №621","282","16.06%","565","32.19%","665","37.93%","797","45.46%","45.75%","47.19%","53.80%","58.01%"
"17","3","622","УИК №622","241","12.40%","589","30.33%","663","34.16%","716","37.57%","37.72%","39.03%","43.82%","49.06%"
"17","3","623","УИК №623","363","16.28%","666","29.87%","836","37.49%","1006","45.25%","45.84%","46.48%","51.31%","57.87%"
"17","3","624","УИК №624","383","21.84%","570","32.52%","643","36.70%","687","39.21%","39.90%","41.13%","48.29%","52.10%"
"17","3","625","УИК №625","332","19.25%","549","31.84%","656","38.07%","768","45.10%","46.27%","47.67%","56.21%","58.93%"
"17","3","626","УИК №626","317","20.36%","504","32.47%","601","38.75%","664","42.95%","43.53%","44.55%","50.83%","54.08%"
"17","3","627","УИК №627","237","16.42%","471","32.66%","531","36.85%","600","41.81%","42.16%","44.31%","49.43%","52.95%"
"17","3","628","УИК №628","392","18.81%","660","31.75%","772","37.15%","836","40.23%","41.15%","42.62%","49.18%","56.51%"
"17","3","629","УИК №629","395","19.36%","656","32.17%","756","37.11%","822","40.88%","41.27%","42.24%","46.56%","50.53%"
"17","3","630","УИК №630","358","20.13%","569","32.09%","695","39.22%","807","45.54%","45.65%","47.76%","53.26%","59.07%"
"17","3","631","УИК №631","352","16.81%","694","34.09%","768","37.72%","839","41.21%","41.70%","41.55%","48.54%","52.78%"
"17","3","632","УИК №632","366","14.42%","820","32.31%","1002","39.50%","1154","45.56%","46.98%","48.51%","55.66%","62.32%"
"17","7","633","УИК №633","250","0.00%","621","15.82%","751","31.93%","1011","42.98%","43.41%","48.00%","50.47%","52.59%"
"17","7","634","УИК №634","159","0.00%","729","12.19%","859","36.37%","1094","46.32%","46.78%","50.97%","52.41%","54.53%"
"17","7","635","УИК №635","180","0.00%","764","13.70%","894","43.29%","1120","54.24%","54.77%","59.13%","59.81%","62.23%"
"17","7","636","УИК №636","145","7.14%","651","10.25%","781","38.47%","1008","49.66%","50.15%","55.02%","55.57%","58.03%"
"17","7","637","УИК №637","167","7.45%","599","12.27%","729","32.52%","965","43.04%","43.49%","47.90%","50.36%","52.59%"
"17","7","638","УИК №638","204","9.48%","541","13.95%","671","31.19%","918","42.68%","43.10%","47.70%","50.49%","52.81%"
"17","7","639","УИК №639","261","10.96%","812","14.69%","942","39.55%","1167","48.99%","49.50%","53.65%","55.08%","57.18%"
"17","7","640","УИК №640","256","0.00%","712","14.08%","842","35.71%","1072","45.46%","45.93%","50.13%","51.57%","53.69%"
"17","7","641","УИК №641","213","11.39%","647","12.57%","777","41.55%","954","51.02%","51.55%","56.84%","57.49%","60.16%"
"17","7","642","УИК №642","287","0.00%","754","28.78%","884","37.08%","1115","46.77%","47.23%","51.47%","52.89%","54.99%"
"17","7","643","УИК №643","65","0.00%","874","13.95%","1004","36.67%","1224","44.70%","45.14%","48.69%","51.39%","53.21%"
"17","7","644","УИК №644","190","0.00%","733","29.65%","863","45.14%","966","50.52%","51.05%","56.22%","57.17%","59.78%"
"17","7","787","УИК №787","326","18.12%","702","23.96%","832","46.25%","941","52.31%","52.81%","58.37%","58.59%","59.14%"
"17","7","788","УИК №788","210","0.00%","655","25.43%","785","33.38%","1025","43.58%","44.01%","48.17%","51.19%","53.32%"
"17","7","789","УИК №789","185","9.75%","530","19.35%","660","34.79%","883","46.55%","47.02%","52.24%","54.03%","56.67%"
"17","7","790","УИК №790","237","11.01%","561","15.51%","691","32.09%","922","42.82%","43.24%","47.84%","51.14%","53.46%"
"17","7","791","УИК №791","199","9.54%","571","13.75%","701","33.59%","933","44.71%","45.14%","49.88%","52.32%","54.72%"
"17","7","792","УИК №792","272","0.00%","473","14.36%","603","31.37%","831","43.24%","43.65%","48.80%","50.57%","53.17%"
"17","7","793","УИК №793","244","10.34%","582","15.77%","712","30.18%","1005","42.60%","43.03%","47.01%","49.22%","51.34%"
"17","7","794","УИК №794","258","0.00%","626","29.04%","756","43.83%","873","50.61%","51.13%","56.87%","57.39%","60.29%"
"17","7","795","УИК №795","298","13.29%","590","17.43%","720","32.10%","966","43.07%","43.51%","48.15%","49.67%","51.89%"
"17","7","796","УИК №796","240","0.00%","730","12.45%","860","32.65%","1127","42.79%","43.20%","46.96%","48.25%","50.15%"
"17","7","797","УИК №797","286","14.81%","583","18.75%","713","36.92%","949","49.15%","49.61%","54.74%","56.50%","59.09%"
"17","7","798","УИК №798","186","9.42%","741","16.10%","871","44.10%","1042","52.76%","53.27%","58.28%","58.58%","61.11%"
"17","7","799","УИК №799","348","18.72%","618","26.41%","748","40.24%","980","52.72%","53.25%","57.93%","58.85%","61.54%"
"17","7","800","УИК №800","525","0.00%","741","30.67%","871","36.49%","1102","46.17%","46.63%","50.78%","52.20%","56.77%"
"17","7","801","УИК №801","119","8.33%","145","10.15%","275","19.24%","564","39.47%","39.89%","47.59%","49.97%","53.46%"
"17","7","802","УИК №802","243","10.69%","577","15.22%","707","31.10%","985","43.33%","43.77%","48.13%","49.63%","51.83%"
"17","7","803","УИК №803","178","8.14%","721","17.93%","851","38.93%","1078","49.31%","49.82%","54.35%","55.17%","57.46%"
"17","7","804","УИК №804","323","0.00%","674","31.60%","804","37.69%","1040","48.76%","49.23%","53.87%","54.85%","57.20%"
"17","7","805","УИК №805","259","14.79%","455","22.16%","585","33.41%","824","47.06%","47.52%","53.17%","55.11%","57.97%"
"17","7","806","УИК №806","218","0.00%","573","10.95%","703","27.02%","1085","41.70%","42.12%","45.93%","47.23%","49.15%"
"17","7","807","УИК №807","208","9.34%","532","13.38%","662","29.73%","995","44.68%","45.13%","49.57%","51.77%","54.02%"
"17","7","808","УИК №808","233","12.24%","536","14.87%","666","35.00%","900","47.29%","47.77%","52.97%","54.76%","57.38%"
"17","7","809","УИК №809","180","9.51%","620","14.26%","750","39.62%","978","51.66%","52.19%","57.42%","58.48%","61.12%"
"17","7","810","УИК №810","247","0.00%","783","14.99%","913","37.70%","1153","47.61%","48.10%","52.19%","53.59%","55.66%"
"17","7","811","УИК №811","163","0.00%","745","12.95%","875","34.75%","1104","43.84%","44.28%","48.21%","50.08%","52.07%"
"17","7","812","УИК №812","202","9.61%","620","18.02%","750","35.66%","982","46.70%","47.17%","51.88%","53.50%","55.87%"
"17","7","813","УИК №813","213","11.35%","741","17.11%","871","46.43%","963","51.33%","51.87%","56.72%","57.52%","59.38%"
"17","7","814","УИК №814","202","7.32%","781","8.99%","911","33.01%","1216","44.06%","44.49%","48.08%","50.22%","52.03%"
"17","7","1863","УИК №1863","","","","","","","","","","","",""
"17","7","1864","УИК №1864","","","","","","","","","","","",""
"17","7","1865","УИК №1865","","","","","","","","","","","",""
"17","7","2479","УИК №2479","0","0.00%","151","96.18%","315","91.30%","332","96.23%","96.81%","97.68%","97.97%","98.55%"
"17","7","2480","УИК №2480","0","0.00%","163","88.59%","363","92.84%","384","98.21%","98.72%","99.49%","99.74%","100.00%"
"17","42","759","УИК №759","121","9.77%","164","13.52%","266","21.93%","281","23.49%","23.91%","23.91%","25.84%","31.35%"
"17","42","760","УИК №760","546","29.58%","597","32.78%","692","38.00%","798","44.24%","45.34%","46.73%","50.64%","54.70%"
"17","42","761","УИК №761","213","9.20%","657","28.70%","1095","47.84%","1110","49.01%","49.18%","50.55%","54.70%","61.01%"
"17","42","762","УИК №762","559","19.01%","941","32.34%","1117","38.38%","1412","48.98%","50.02%","51.99%","55.41%","56.43%"
"17","42","763","УИК №763","289","14.49%","636","32.15%","776","39.23%","866","44.16%","44.52%","45.74%","49.08%","49.08%"
"17","42","765","УИК №765","400","15.73%","810","32.18%","916","36.39%","947","38.00%","38.00%","40.93%","44.62%","49.40%"
"17","42","766","УИК №766","412","18.26%","659","29.46%","745","33.30%","972","43.92%","44.10%","44.78%","48.37%","50.36%"
"17","42","767","УИК №767","403","18.57%","653","30.46%","748","34.89%","973","45.90%","46.23%","48.25%","50.02%","51.82%"
"17","42","768","УИК №768","374","16.22%","736","32.48%","911","40.20%","1081","47.92%","48.14%","49.11%","52.45%","53.94%"
"17","42","769","УИК №769","471","16.26%","936","32.61%","1011","35.23%","1410","49.56%","50.05%","51.56%","56.94%","58.47%"
"17","42","820","УИК №820","","","","","","","","","6.19%","52.21%","65.49%","81.42%"
"18","6","1058","УИК №1058","230","12.46%","433","23.44%","628","34.00%","733","39.69%","40.12%","41.72%","45.41%","53.56%"
"18","6","1059","УИК №1059","349","15.63%","601","26.90%","771","34.51%","942","42.05%","42.41%","44.02%","48.26%","54.25%"
"18","6","1060","УИК №1060","291","14.88%","580","29.67%","684","34.99%","958","49.03%","49.03%","50.36%","56.76%","58.57%"
"18","6","1067","УИК №1067","181","10.46%","386","22.31%","477","27.57%","536","30.98%","32.49%","34.34%","38.15%","42.11%"
"18","6","1068","УИК №1068","100","9.93%","202","20.06%","276","27.41%","318","31.58%","33.47%","34.76%","39.42%","45.28%"
"18","6","1069","УИК №1069","309","13.98%","542","24.50%","788","35.62%","838","37.90%","38.35%","40.03%","50.07%","59.67%"
"18","6","1070","УИК №1070","242","15.36%","546","34.64%","706","44.80%","742","47.08%","50.06%","51.08%","54.89%","59.45%"
"18","6","1144","УИК №1144","","","","","","","","","8.33%","33.33%","53.33%","84.68%"
"18","6","1145","УИК №1145","235","13.06%","472","26.06%","645","35.62%","658","36.62%","36.72%","37.55%","40.03%","42.89%"
"18","6","1146","УИК №1146","327","14.75%","638","28.37%","755","33.57%","829","37.12%","37.44%","38.05%","40.98%","45.46%"
"18","6","1147","УИК №1147","220","11.62%","309","16.25%","435","22.87%","486","25.55%","26.55%","27.55%","32.97%","36.73%"
"18","6","1148","УИК №1148","388","21.04%","534","28.96%","811","43.98%","898","47.06%","48.64%","53.59%","57.85%","66.74%"
"18","6","1149","УИК №1149","387","19.20%","591","29.24%","851","42.11%","954","47.11%","48.10%","53.68%","57.72%","66.99%"
"18","6","1150","УИК №1150","320","13.80%","696","30.00%","863","37.20%","1165","49.79%","49.87%","50.49%","54.40%","57.53%"
"18","6","1151","УИК №1151","380","18.78%","600","29.75%","675","33.47%","827","41.00%","41.07%","41.42%","42.11%","45.13%"
"18","6","1152","УИК №1152","188","9.69%","468","24.14%","650","33.52%","692","35.71%","35.91%","37.36%","37.51%","37.23%"
"18","6","1153","УИК №1153","455","19.47%","802","34.35%","944","40.43%","965","41.33%","42.74%","43.45%","54.09%","54.73%"
"18","6","1154","УИК №1154","322","15.22%","640","30.03%","733","34.40%","804","37.73%","38.81%","40.31%","45.28%","49.88%"
"18","6","1155","УИК №1155","284","18.32%","437","27.99%","544","34.85%","679","43.50%","43.56%","43.45%","43.96%","48.47%"
"18","6","1156","УИК №1156","197","10.47%","568","30.24%","640","34.08%","792","42.19%","42.57%","43.21%","46.24%","52.35%"
"18","6","1157","УИК №1157","176","10.48%","362","21.47%","644","38.20%","751","44.46%","44.94%","46.00%","49.14%","52.40%"
"18","6","1158","УИК №1158","297","14.89%","417","20.86%","665","33.27%","723","36.22%","37.10%","39.10%","44.06%","44.64%"
"18","6","1159","УИК №1159","210","10.53%","839","41.97%","928","46.42%","1036","51.65%","51.69%","51.94%","55.58%","58.33%"
"18","6","1160","УИК №1160","245","10.04%","518","21.12%","531","21.65%","814","33.21%","33.41%","36.80%","40.60%","51.18%"
"18","6","1161","УИК №1161","186","10.47%","302","16.96%","406","22.80%","511","28.71%","28.76%","29.44%","34.91%","38.45%"
"18","6","1162","УИК №1162","251","14.11%","519","29.17%","596","33.50%","682","38.06%","39.40%","44.64%","54.18%","58.97%"
"18","6","1163","УИК №1163","306","18.23%","505","30.13%","570","34.01%","643","39.06%","40.46%","40.83%","45.02%","49.07%"
"18","26","1180","УИК №1180","200","8.78%","343","15.06%","530","23.28%","680","29.86%","30.52%","30.52%","49.41%","49.41%"
"18","26","1181","УИК №1181","272","12.05%","651","28.84%","789","34.96%","968","42.89%","43.55%","43.55%","48.69%","53.17%"
"18","26","1182","УИК №1182","184","9.67%","312","16.40%","433","22.75%","545","28.64%","29.43%","29.43%","40.67%","44.93%"
"18","26","1183","УИК №1183","234","25.05%","310","33.19%","481","51.50%","663","70.99%","72.59%","72.59%","76.66%","81.26%"
"18","26","1184","УИК №1184","784","32.80%","1028","43.01%","1088","45.52%","1226","51.30%","51.92%","51.92%","55.98%","60.79%"
"18","26","1185","УИК №1185","132","12.84%","327","31.81%","470","45.72%","597","58.07%","59.53%","59.53%","64.40%","68.39%"
"18","26","1186","УИК №1186","431","25.19%","612","35.77%","908","53.07%","1112","64.99%","65.87%","65.87%","78.02%","78.02%"
"18","26","1187","УИК №1187","156","7.28%","221","10.31%","321","14.98%","402","18.76%","19.46%","19.46%","23.85%","28.51%"
"18","26","1188","УИК №1188","151","9.28%","207","12.72%","302","18.56%","357","21.94%","22.86%","22.86%","27.66%","31.90%"
"18","26","1189","УИК №1189","273","15.04%","857","47.22%","925","50.96%","985","54.27%","55.10%","55.10%","55.21%","62.87%"
"18","26","1190","УИК №1190","323","16.66%","654","33.73%","905","46.67%","1136","58.59%","59.36%","59.36%","64.41%","69.37%"
"18","26","1191","УИК №1191","310","17.71%","414","23.66%","638","36.46%","865","49.43%","50.29%","50.29%","59.54%","66.11%"
"18","26","1193","УИК №1193","315","24.08%","565","43.20%","824","63.00%","1032","78.90%","80.05%","80.05%","88.61%","92.28%"
"18","26","1194","УИК №1194","300","17.58%","350","20.52%","544","31.89%","725","42.50%","43.38%","43.38%","49.88%","60.79%"
"18","26","1195","УИК №1195","178","10.93%","340","20.88%","502","30.84%","599","36.79%","37.71%","37.71%","43.61%","47.85%"
"18","26","1196","УИК №1196","227","11.62%","412","21.10%","712","36.46%","816","41.78%","42.55%","42.55%","47.62%","52.18%"
"18","26","1197","УИК №1197","407","28.03%","662","45.59%","878","60.47%","917","63.15%","64.19%","64.19%","68.25%","78.17%"
"18","26","1198","УИК №1198","338","19.39%","469","26.91%","627","35.97%","679","38.96%","39.82%","39.82%","48.59%","54.73%"
"18","26","1199","УИК №1199","236","12.45%","434","22.90%","541","28.55%","560","29.55%","30.34%","30.34%","34.25%","41.00%"
"18","26","1200","УИК №1200","331","20.39%","641","39.49%","705","43.44%","833","51.32%","52.25%","52.25%","53.97%","58.84%"
"18","26","1201","УИК №1201","181","10.74%","241","14.29%","335","19.87%","388","23.01%","23.90%","23.90%","30.55%","34.99%"
"18","26","1202","УИК №1202","167","9.91%","236","14.01%","305","18.10%","373","22.14%","23.03%","23.03%","28.13%","31.69%"
"18","26","1203","УИК №1203","324","18.28%","482","27.20%","628","35.44%","748","42.21%","43.06%","43.06%","46.50%","52.54%"
"18","26","1204","УИК №1204","340","19.32%","519","29.49%","675","38.35%","787","44.72%","45.57%","45.57%","50.23%","55.11%"
"18","26","1205","УИК №1205","326","18.59%","507","28.91%","644","36.72%","822","46.86%","47.72%","47.72%","52.51%","57.53%"
"18","26","1206","УИК №1206","371","17.32%","597","27.87%","837","39.08%","1089","50.84%","51.54%","51.54%","56.40%","66.11%"
"18","26","1207","УИК №1207","299","14.61%","538","26.30%","633","30.94%","701","34.26%","34.99%","34.99%","39.69%","43.60%"
"18","26","1208","УИК №1208","154","9.19%","229","13.67%","389","23.22%","405","24.18%","25.97%","25.97%","29.07%","35.40%"
"18","26","1209","УИК №1209","191","12.97%","240","16.29%","292","19.82%","345","23.42%","24.44%","24.44%","29.40%","35.85%"
"18","26","1210","УИК №1210","340","100.00%","340","100.00%","340","100.00%","340","100.00%","100.00%","100.00%","100.00%","100.00%"
"18","26","1211","УИК №1211","234","13.74%","338","19.85%","524","30.77%","945","55.49%","56.37%","56.37%","56.37%","57.96%"
"18","26","1212","УИК №1212","32","7.58%","44","10.43%","60","14.22%","83","19.67%","23.22%","23.22%","29.86%","33.89%"
"18","26","1213","УИК №1213","520","23.64%","837","38.05%","1153","52.41%","1293","58.77%","59.45%","59.45%","65.82%","78.50%"
"18","26","1214","УИК №1214","500","24.40%","800","39.04%","890","43.44%","1001","48.85%","49.59%","49.59%","54.47%","56.56%"
"18","26","1215","УИК №1215","393","18.98%","782","37.76%","919","44.37%","973","46.98%","47.71%","47.71%","54.85%","58.52%"
"18","26","1216","УИК №1216","529","26.81%","797","40.40%","933","47.29%","1063","53.88%","54.64%","54.64%","59.71%","64.57%"
"18","42","757","УИК №757","342","16.80%","439","21.83%","451","22.43%","562","28.18%","28.28%","28.49%","28.82%","33.33%"
"18","42","758","УИК №758","143","7.82%","368","20.42%","440","24.42%","518","29.02%","29.08%","30.76%","34.53%","39.90%"
"18","42","764","УИК №764","153","18.64%","310","32.16%","357","37.03%","395","40.98%","46.78%","46.59%","49.33%","50.88%"
"18","42","770","УИК №770","263","20.91%","405","32.90%","447","36.31%","507","40.85%","43.27%","44.20%","47.97%","51.07%"
"18","42","771","УИК №771","80","7.30%","403","37.63%","458","42.76%","470","42.77%","43.95%","44.69%","50.86%","53.41%"
"18","42","772","УИК №772","289","12.37%","570","24.65%","772","33.39%","877","38.21%","38.30%","39.52%","44.63%","49.73%"
"18","42","773","УИК №773","322","15.59%","657","32.00%","772","37.60%","1024","50.29%","50.49%","51.72%","57.95%","64.40%"
"18","42","774","УИК №774","143","8.39%","387","22.98%","411","24.41%","577","34.32%","34.32%","35.40%","41.40%","48.19%"
"18","42","775","УИК №775","466","19.56%","692","29.35%","760","32.23%","987","42.34%","42.60%","47.53%","49.51%","50.70%"
"18","42","776","УИК №776","211","9.42%","642","28.97%","755","34.07%","925","42.20%","42.20%","46.08%","51.00%","54.11%"
"18","42","777","УИК №777","249","14.69%","534","31.92%","585","34.97%","702","42.39%","42.45%","45.90%","47.24%","48.99%"
"18","42","778","УИК №778","235","18.36%","389","30.99%","448","35.70%","548","44.02%","44.02%","44.98%","45.99%","45.99%"
"18","42","779","УИК №779","224","15.38%","406","28.37%","496","34.66%","642","45.05%","45.05%","46.11%","49.89%","51.07%"
"18","42","780","УИК №780","262","17.01%","462","30.50%","524","34.59%","708","47.26%","47.33%","48.33%","49.03%","49.66%"
"18","42","781","УИК №781","234","10.25%","481","21.26%","597","26.39%","755","33.63%","33.72%","34.70%","40.87%","44.45%"
"18","42","782","УИК №782","282","22.01%","442","35.19%","530","42.20%","577","46.42%","46.42%","48.11%","49.43%","49.51%"
"18","42","783","УИК №783","274","11.94%","498","21.94%","545","24.01%","759","33.75%","33.88%","35.70%","42.56%","47.56%"
"18","42","784","УИК №784","140","7.95%","560","14.71%","631","36.26%","814","47.24%","54.38%","58.82%","63.67%","69.71%"
"18","42","785","УИК №785","234","10.73%","573","26.54%","689","31.91%","920","42.95%","43.04%","44.16%","48.43%","50.05%"
"18","42","786","УИК №786","292","19.19%","489","32.51%","581","38.63%","669","44.99%","44.99%","47.95%","50.98%","52.97%"
"18","46","1165","УИК №1165","183","10.06%","254","13.96%","335","18.42%","503","27.65%","27.98%","28.26%","33.04%","42.66%"
"18","46","1166","УИК №1166","240","11.68%","333","16.21%","420","20.45%","570","27.75%","28.14%","28.38%","31.40%","42.60%"
"18","46","1167","УИК №1167","350","15.02%","692","29.69%","814","34.92%","967","41.48%","42.51%","42.94%","48.86%","59.42%"
"18","46","1168","УИК №1168","333","15.99%","615","29.52%","703","33.75%","854","41.00%","42.01%","42.39%","47.58%","54.63%"
"18","46","1169","УИК №1169","357","16.00%","661","29.63%","745","33.39%","903","40.48%","41.69%","42.04%","42.58%","54.01%"
"18","46","1170","УИК №1170","291","15.99%","295","16.22%","373","20.51%","476","26.17%","27.16%","27.43%","27.54%","29.80%"
"18","46","1172","УИК №1172","291","88.18%","292","88.48%","295","89.39%","303","91.82%","92.12%","92.12%","92.73%","96.67%"
"18","46","1173","УИК №1173","307","15.99%","568","29.60%","640","33.35%","914","47.63%","48.36%","48.83%","53.26%","56.75%"
"18","46","1174","УИК №1174","250","13.99%","524","29.34%","598","33.48%","862","48.26%","49.16%","49.66%","54.14%","56.66%"
"18","46","1175","УИК №1175","277","15.02%","545","29.56%","627","34.00%","756","41.00%","41.92%","42.30%","46.80%","54.93%"
"18","46","1176","УИК №1176","186","10.50%","221","12.48%","287","16.21%","418","23.60%","23.88%","24.11%","28.06%","38.11%"
"18","46","1177","УИК №1177","201","17.01%","346","29.27%","387","32.74%","512","43.32%","44.33%","44.67%","46.19%","51.78%"
"18","46","1178","УИК №1178","316","13.99%","676","29.92%","752","33.29%","923","40.86%","41.83%","42.23%","46.17%","53.17%"
"19","8","1674","УИК №1674","175","7.75%","282","12.55%","406","18.17%","593","27.53%","27.65%","27.65%","28.60%","30.54%"
"19","8","1675","УИК №1675","120","11.13%","179","16.65%","258","24.11%","470","44.09%","44.28%","44.28%","44.32%","44.51%"
"19","8","1676","УИК №1676","197","12.70%","262","16.95%","396","25.73%","599","39.07%","39.33%","40.83%","45.47%","51.60%"
"19","8","1677","УИК №1677","152","9.26%","282","17.23%","498","30.57%","667","41.12%","41.68%","43.59%","50.37%","57.03%"
"19","8","1679","УИК №1679","276","12.52%","363","16.55%","492","22.57%","764","35.26%","35.53%","36.73%","41.21%","46.56%"
"19","8","1680","УИК №1680","319","13.86%","469","20.46%","708","31.08%","960","42.38%","42.78%","44.15%","48.26%","52.94%"
"19","8","1681","УИК №1681","93","58.86%","93","58.86%","157","99.37%","157","99.37%","99.37%","99.37%","99.37%","99.37%"
"19","8","1682","УИК №1682","409","12.91%","595","18.95%","763","24.61%","888","29.50%","30.63%","32.16%","37.40%","37.40%"
"19","8","1683","УИК №1683","265","10.81%","412","16.91%","563","23.31%","918","38.33%","38.50%","39.37%","44.34%","48.18%"
"19","8","1684","УИК №1684","335","15.63%","420","19.71%","588","27.83%","715","34.13%","39.28%","40.14%","46.06%","56.56%"
"19","8","1685","УИК №1685","337","11.06%","524","17.39%","754","25.46%","977","33.81%","33.81%","33.81%","36.42%","41.53%"
"19","8","1686","УИК №1686","311","14.09%","518","23.60%","561","25.78%","911","42.22%","43.23%","43.79%","47.36%","53.75%"
"19","8","1687","УИК №1687","235","12.99%","358","19.88%","440","24.55%","675","37.86%","38.03%","39.93%","44.08%","45.15%"
"19","8","1688","УИК №1688","214","13.66%","292","18.72%","363","23.43%","590","38.36%","38.56%","39.86%","45.12%","46.10%"
"19","8","1689","УИК №1689","355","16.32%","521","24.10%","653","30.47%","785","36.96%","39.08%","40.07%","44.92%","50.61%"
"19","8","1690","УИК №1690","296","14.33%","405","19.68%","522","25.50%","600","29.47%","30.11%","36.10%","44.16%","49.07%"
"19","8","1691","УИК №1691","237","14.11%","342","20.48%","436","26.33%","705","42.94%","43.06%","44.21%","48.23%","50.79%"
"19","8","1692","УИК №1692","248","96.50%","256","99.61%","256","99.61%","256","99.61%","99.22%","99.22%","99.22%","99.22%"
"19","8","1693","УИК №1693","320","12.42%","526","20.54%","676","26.62%","860","34.15%","34.63%","35.19%","41.59%","46.94%"
"19","8","1694","УИК №1694","273","12.83%","437","20.62%","627","29.76%","843","40.24%","40.48%","42.00%","47.45%","50.84%"
"19","8","1695","УИК №1695","317","13.09%","435","18.06%","606","25.39%","730","31.30%","31.99%","33.79%","39.60%","43.96%"
"19","8","1696","УИК №1696","285","12.61%","442","19.66%","604","27.16%","711","32.87%","33.84%","35.09%","42.81%","48.43%"
"19","8","1697","УИК №1697","259","13.40%","360","18.73%","446","23.40%","514","27.59%","28.82%","29.74%","36.14%","40.66%"
"19","8","1698","УИК №1698","240","13.59%","339","19.29%","423","24.25%","544","31.79%","33.61%","34.66%","44.85%","49.70%"
"19","8","1699","УИК №1699","839","22.34%","1379","37.00%","1922","52.14%","2709","74.30%","74.30%","74.30%","74.53%","78.73%"
"19","8","1700","УИК №1700","404","13.76%","563","19.37%","762","26.61%","1240","44.73%","44.73%","44.73%","45.91%","46.27%"
"19","8","1701","УИК №1701","185","9.15%","334","16.61%","430","21.53%","480","24.21%","25.01%","25.97%","30.41%","35.15%"
"19","8","1702","УИК №1702","208","54.17%","251","64.86%","315","81.40%","343","88.63%","90.18%","94.32%","96.90%","98.19%"
"19","8","1703","УИК №1703","408","12.10%","608","18.14%","769","23.15%","1490","46.56%","46.56%","46.56%","47.65%","47.65%"
"19","8","1704","УИК №1704","250","46.04%","487","89.69%","515","94.84%","543","100.00%","100.00%","100.00%","100.00%","100.00%"
"19","15","1220","УИК №1220","169","7.83%","605","28.05%","630","29.21%","922","45.71%","45.96%","46.41%","46.70%","52.16%"
"19","15","1221","УИК №1221","178","11.08%","430","26.77%","506","31.51%","656","41.36%","41.55%","41.99%","45.59%","47.60%"
"19","15","1222","УИК №1222","202","12.77%","418","26.41%","503","31.78%","630","41.37%","41.56%","43.27%","46.88%","51.67%"
"19","15","1223","УИК №1223","214","13.23%","431","26.64%","511","31.58%","634","40.69%","40.89%","41.27%","44.80%","49.74%"
"19","15","1224","УИК №1224","175","14.92%","317","26.98%","379","32.23%","477","41.30%","41.47%","41.78%","45.51%","52.64%"
"19","15","1225","УИК №1225","141","13.15%","304","28.36%","367","34.24%","452","42.97%","43.16%","43.54%","47.72%","53.23%"
"19","15","1226","УИК №1226","187","9.57%","590","30.18%","706","36.11%","894","44.61%","44.81%","45.21%","46.86%","56.84%"
"19","15","1227","УИК №1227","297","16.13%","481","26.16%","576","31.32%","726","40.81%","41.03%","41.43%","45.59%","51.04%"
"19","15","1228","УИК №1228","147","10.30%","358","25.07%","412","28.85%","554","40.50%","40.72%","40.94%","41.30%","42.84%"
"19","15","1229","УИК №1229","287","15.59%","544","29.55%","657","35.69%","812","44.59%","44.81%","45.09%","51.07%","53.38%"
"19","15","1230","УИК №1230","270","15.01%","471","26.17%","565","31.39%","715","40.17%","40.39%","40.79%","45.56%","50.00%"
"19","15","1231","УИК №1231","200","12.93%","407","26.19%","490","31.51%","623","40.59%","40.78%","41.17%","44.36%","48.93%"
"19","15","1232","УИК №1232","201","12.27%","435","26.56%","521","31.67%","659","40.73%","40.91%","41.29%","51.79%","52.35%"
"19","15","1233","УИК №1233","196","16.75%","340","29.06%","416","35.56%","526","47.39%","47.66%","48.11%","48.74%","48.74%"
"19","15","1234","УИК №1234","280","13.53%","534","25.71%","640","30.81%","812","40.06%","40.26%","40.65%","46.42%","50.52%"
"19","15","1235","УИК №1235","225","11.99%","497","26.48%","590","31.47%","746","41.10%","41.32%","41.49%","45.95%","50.36%"
"19","15","1236","УИК №1236","232","12.53%","489","26.28%","596","31.99%","743","41.25%","41.42%","41.87%","47.75%","49.75%"
"19","15","1237","УИК №1237","285","15.80%","479","26.30%","569","31.21%","728","41.29%","41.52%","41.92%","45.09%","52.18%"
"19","15","1238","УИК №1238","266","12.82%","585","28.19%","702","33.83%","893","43.04%","43.23%","43.66%","45.81%","49.13%"
"19","15","2293","УИК №2293","","","","","","","","","0.00%","19.11%","88.62%","100.00%"
"19","15","2295","УИК №2295","230","47.62%","235","48.65%","255","52.80%","267","55.28%","56.31%","83.02%","96.69%","100.00%"
"19","15","2481","УИК №2481","145","100.00%","316","100.00%","412","100.00%","613","100.00%","100.00%","100.00%","100.00%","100.00%"
"19","15","2482","УИК №2482","113","100.00%","304","100.00%","395","100.00%","528","100.00%","100.00%","100.00%","100.00%","100.00%"
"19","15","2487","УИК №2487","109","100.00%","287","100.00%","457","100.00%","632","100.00%","100.00%","100.00%","100.00%","100.00%"
"19","15","2488","УИК №2488","137","100.00%","298","100.00%","421","100.00%","614","100.00%","100.00%","100.00%","100.00%","100.00%"
"19","15","2520","УИК №2520","98","100.00%","309","100.00%","398","100.00%","601","100.00%","100.00%","100.00%","100.00%","100.00%"
"19","15","2521","УИК №2521","102","100.00%","317","100.00%","448","100.00%","624","100.00%","100.00%","100.00%","100.00%","100.00%"
"19","15","2522","УИК №2522","95","100.00%","301","100.00%","439","100.00%","592","100.00%","100.00%","100.00%","100.00%","100.00%"
"19","15","2523","УИК №2523","107","100.00%","308","100.00%","444","100.00%","543","100.00%","100.00%","100.00%","100.00%","100.00%"
"19","15","2524","УИК №2524","113","100.00%","321","100.00%","468","100.00%","562","100.00%","100.00%","100.00%","100.00%","100.00%"
"19","46","1085","УИК №1085","389","15.41%","692","27.42%","784","31.06%","1092","43.26%","44.37%","44.81%","50.08%","57.17%"
"19","46","1086","УИК №1086","404","15.02%","525","19.52%","600","22.30%","719","26.73%","27.92%","28.22%","31.75%","38.88%"
"19","46","1087","УИК №1087","299","14.96%","583","29.18%","675","33.78%","798","39.94%","40.94%","41.39%","47.35%","49.25%"
"19","46","1088","УИК №1088","379","17.01%","1456","65.35%","1461","65.57%","1463","65.66%","65.71%","65.75%","65.80%","66.02%"
"19","46","1089","УИК №1089","233","17.03%","403","29.46%","461","33.70%","531","38.82%","39.47%","39.84%","44.01%","55.26%"
"19","46","1090","УИК №1090","278","20.44%","364","26.76%","408","30.00%","566","41.62%","42.06%","42.21%","46.25%","53.09%"
"19","46","1091","УИК №1091","253","16.02%","469","29.70%","528","33.44%","625","39.58%","40.47%","40.85%","46.93%","54.53%"
"19","46","1092","УИК №1092","276","14.01%","585","29.70%","691","35.08%","779","39.54%","40.41%","40.81%","50.10%","60.25%"
"19","46","1093","УИК №1093","359","15.99%","672","29.93%","748","33.32%","1070","47.66%","48.73%","49.22%","57.95%","58.57%"
"19","46","1094","УИК №1094","400","12.07%","1064","32.11%","1197","36.12%","1258","37.96%","39.14%","39.53%","44.72%","51.99%"
"19","46","1095","УИК №1095","249","13.98%","285","16.00%","372","20.89%","721","40.48%","40.60%","40.71%","41.04%","41.10%"
"19","46","1096","УИК №1096","276","16.01%","519","30.10%","584","33.87%","698","40.49%","41.42%","41.82%","47.68%","54.70%"
"19","46","1097","УИК №1097","243","14.02%","517","29.83%","578","33.35%","787","45.41%","46.22%","47.09%","54.47%","62.72%"
"19","46","1098","УИК №1098","376","16.01%","696","29.64%","809","34.45%","993","42.29%","43.27%","43.70%","48.47%","58.73%"
"19","46","1099","УИК №1099","360","14.00%","831","32.32%","1080","42.01%","1292","50.25%","51.30%","51.81%","52.78%","55.23%"
"19","46","1100","УИК №1100","264","16.03%","487","29.57%","559","33.94%","671","40.74%","41.59%","42.02%","46.39%","55.68%"
"19","46","1101","УИК №1101","209","15.99%","505","38.64%","568","43.46%","629","48.13%","48.89%","49.35%","59.07%","64.58%"
"19","46","1102","УИК №1102","269","15.00%","532","29.67%","595","33.18%","716","39.93%","40.99%","41.38%","48.80%","53.21%"
"19","46","1171","УИК №1171","229","8.58%","296","11.09%","419","15.70%","451","16.90%","17.20%","17.35%","20.57%","25.89%"
"19","46","2323","УИК №2323","494","13.00%","1183","31.14%","1313","34.56%","1445","38.04%","39.17%","39.56%","46.64%","58.52%"
"19","46","2324","УИК №2324","430","12.99%","1025","30.98%","1112","33.61%","1305","39.44%","40.65%","41.04%","46.87%","54.97%"
"19","46","2325","УИК №2325","292","13.01%","689","30.70%","779","34.71%","928","41.35%","42.34%","42.51%","48.57%","56.33%"
"19","46","2326","УИК №2326","418","16.00%","765","29.29%","876","33.54%","1073","41.08%","42.23%","42.42%","47.17%","56.70%"
"19","46","2327","УИК №2327","492","17.01%","894","30.90%","983","33.98%","1053","36.40%","37.54%","37.57%","43.31%","52.68%"
"19","46","2328","УИК №2328","482","13.99%","1055","30.62%","1176","34.14%","1298","37.68%","38.81%","39.19%","44.35%","47.55%"
"19","46","2329","УИК №2329","551","17.68%","958","30.74%","1031","33.09%","1102","35.37%","36.81%","37.16%","42.23%","54.20%"
"19","46","2330","УИК №2330","233","14.97%","460","29.56%","506","32.52%","609","39.14%","39.72%","40.10%","45.50%","55.53%"
"19","46","2454","УИК №2454","279","15.02%","568","30.59%","669","36.03%","847","45.61%","46.58%","47.01%","53.96%","61.07%"
"19","55","1706","УИК №1706","347","13.53%","760","29.78%","991","39.29%","1069","43.07%","43.76%","45.17%","50.64%","55.52%"
"19","55","1708","УИК №1708","327","11.13%","530","18.18%","648","22.50%","817","28.82%","31.04%","33.09%","35.12%","41.79%"
"19","55","1709","УИК №1709","188","14.40%","327","25.04%","394","30.17%","466","35.71%","35.94%","36.87%","43.67%","47.87%"
"19","55","1710","УИК №1710","206","18.41%","385","34.72%","440","39.68%","537","48.47%","48.55%","50.27%","54.25%","63.38%"
"19","55","1711","УИК №1711","390","18.11%","641","29.77%","770","36.93%","896","44.14%","44.19%","45.29%","49.73%","55.38%"
"19","55","1712","УИК №1712","229","19.44%","493","42.28%","720","61.75%","795","68.12%","68.38%","71.72%","75.58%","82.26%"
"19","55","1713","УИК №1713","327","16.71%","530","27.18%","671","34.91%","691","36.56%","37.57%","38.83%","43.68%","49.30%"
"19","55","1714","УИК №1714","292","17.09%","460","27.73%","555","33.80%","642","39.90%","40.09%","41.31%","41.96%","50.85%"
"19","55","1715","УИК №1715","335","22.05%","618","41.20%","702","46.83%","825","55.11%","57.18%","61.52%","61.59%","63.72%"
"19","55","1716","УИК №1716","232","12.08%","370","19.39%","519","27.80%","598","32.71%","33.53%","34.73%","39.98%","44.45%"
"19","55","1717","УИК №1717","207","12.90%","432","26.90%","475","29.60%","528","32.94%","33.75%","35.50%","36.95%","44.63%"
"19","55","1718","УИК №1718","267","13.60%","595","30.42%","672","35.16%","786","41.13%","41.81%","43.64%","49.03%","53.87%"
"19","55","1719","УИК №1719","198","14.28%","389","28.05%","478","34.46%","551","39.73%","40.09%","41.32%","45.47%","50.94%"
"19","55","1720","УИК №1720","200","57.14%","250","71.43%","300","85.71%","320","91.43%","94.00%","99.71%","100.00%","100.00%"
"19","55","1721","УИК №1721","324","19.35%","560","33.71%","656","40.44%","752","46.36%","47.35%","48.33%","53.45%","57.65%"
"19","55","1722","УИК №1722","362","18.81%","542","28.17%","736","39.07%","1014","53.82%","54.09%","55.23%","59.71%","61.43%"
"20","19","1279","УИК №1279","486","17.99%","675","24.99%","713","26.40%","729","26.99%","27.21%","32.84%","44.35%","48.54%"
"20","19","1280","УИК №1280","254","17.98%","353","24.98%","376","26.61%","380","26.89%","26.89%","26.96%","27.03%","27.80%"
"20","19","1281","УИК №1281","298","18.02%","414","25.03%","432","26.12%","450","27.21%","27.33%","27.39%","27.45%","27.51%"
"20","19","1282","УИК №1282","504","18.00%","700","25.00%","974","34.79%","992","34.99%","35.10%","35.13%","35.20%","35.11%"
"20","19","1283","УИК №1283","230","18.01%","319","25.00%","421","32.99%","501","39.17%","39.25%","39.33%","46.21%","48.01%"
"20","19","1284","УИК №1284","304","17.72%","429","25.00%","566","32.98%","568","33.10%","33.16%","33.22%","33.51%","33.49%"
"20","19","1285","УИК №1285","328","18.34%","456","25.00%","492","26.97%","502","27.31%","27.37%","27.42%","27.53%","27.51%"
"20","19","1286","УИК №1286","216","18.02%","300","25.02%","321","26.77%","330","27.48%","27.56%","27.64%","28.06%","28.07%"
"20","19","1287","УИК №1287","197","17.99%","274","25.02%","296","27.03%","304","27.76%","27.95%","28.04%","28.86%","30.96%"
"20","19","1288","УИК №1288","202","18.05%","281","25.04%","293","26.11%","305","27.11%","27.20%","27.29%","27.56%","28.34%"
"20","19","1289","УИК №1289","198","18.00%","275","25.00%","380","34.55%","391","35.55%","35.82%","35.91%","36.09%","36.18%"
"20","19","1290","УИК №1290","363","17.99%","505","25.02%","676","33.50%","698","34.59%","34.84%","34.89%","34.94%","36.72%"
"20","19","1291","УИК №1291","193","18.02%","268","24.98%","349","32.53%","350","32.47%","32.56%","32.65%","32.84%","32.90%"
"20","19","1292","УИК №1292","243","18.03%","337","25.00%","380","28.19%","381","28.26%","28.26%","28.34%","28.41%","28.49%"
"20","19","1293","УИК №1293","200","17.99%","278","25.00%","376","33.81%","378","34.49%","34.49%","34.58%","36.04%","36.06%"
"20","19","1294","УИК №1294","336","18.04%","467","25.03%","672","36.01%","709","38.00%","38.05%","38.10%","38.21%","38.23%"
"20","19","1295","УИК №1295","212","17.97%","295","25.00%","319","27.03%","326","27.63%","27.71%","27.80%","27.88%","27.97%"
"20","19","1296","УИК №1296","255","18.02%","354","25.02%","368","26.01%","380","26.50%","26.57%","26.64%","26.71%","28.06%"
"20","19","1297","УИК №1297","262","18.07%","363","24.98%","509","35.03%","510","35.03%","35.30%","37.64%","49.86%","68.99%"
"20","19","1298","УИК №1298","392","17.98%","545","25.00%","746","34.22%","754","34.59%","34.86%","34.91%","35.09%","35.14%"
"20","19","1299","УИК №1299","284","18.03%","395","25.03%","554","35.11%","568","35.99%","36.06%","36.12%","36.38%","36.40%"
"20","19","1357","УИК №1357","292","17.99%","406","25.02%","428","26.37%","445","27.42%","27.42%","27.48%","27.60%","27.66%"
"20","19","1358","УИК №1358","514","18.02%","713","24.99%","933","32.70%","953","33.40%","33.40%","33.44%","33.47%","33.51%"
"20","26","1179","УИК №1179","196","18.46%","250","23.54%","254","23.92%","438","41.24%","42.66%","42.66%","58.00%","58.00%"
"20","27","1367","УИК №1367","418","18.02%","567","24.81%","678","29.88%","975","43.18%","43.36%","44.75%","50.16%","53.84%"
"20","27","1368","УИК №1368","321","17.01%","446","24.02%","515","27.93%","529","28.83%","28.94%","38.33%","49.40%","55.00%"
"20","27","1369","УИК №1369","296","16.00%","455","25.00%","569","31.51%","573","31.90%","31.90%","49.81%","53.93%","50.51%"
"20","27","1370","УИК №1370","258","14.98%","375","22.11%","468","27.84%","472","28.16%","28.34%","28.43%","28.55%","30.02%"
"20","27","1371","УИК №1371","420","17.51%","520","22.01%","841","35.88%","843","36.12%","36.12%","36.49%","36.86%","42.59%"
"20","27","1372","УИК №1372","223","16.89%","332","25.58%","650","50.54%","657","51.33%","51.33%","51.76%","51.97%","52.09%"
"20","27","1373","УИК №1373","206","20.18%","266","26.44%","539","54.28%","559","56.24%","56.54%","57.88%","58.17%","72.59%"
"20","27","1374","УИК №1374","219","19.85%","282","25.97%","547","51.17%","564","52.56%","52.56%","54.86%","55.35%","55.55%"
"20","27","1375","УИК №1375","411","17.08%","601","25.40%","787","33.50%","791","33.85%","33.85%","34.73%","34.94%","35.06%"
"20","27","1376","УИК №1376","176","19.58%","231","26.13%","271","31.11%","288","33.03%","33.03%","37.28%","40.18%","43.29%"
"20","27","1377","УИК №1377","293","20.97%","353","25.69%","548","40.32%","551","40.63%","40.71%","41.85%","41.91%","45.91%"
"20","27","1378","УИК №1378","256","15.01%","411","24.49%","493","29.66%","614","37.03%","37.03%","37.86%","38.23%","41.75%"
"20","27","1379","УИК №1379","407","19.75%","524","25.80%","568","28.24%","667","33.23%","33.28%","34.63%","36.52%","36.92%"
"20","27","1380","УИК №1380","481","16.60%","742","25.99%","771","27.22%","779","27.62%","27.62%","28.04%","28.17%","29.45%"
"20","27","1381","УИК №1381","473","24.21%","506","26.31%","868","45.52%","873","46.02%","46.07%","46.91%","47.09%","56.66%"
"20","27","1382","УИК №1382","274","17.31%","377","24.18%","736","47.73%","753","48.96%","48.96%","49.48%","49.67%","50.39%"
"20","27","1383","УИК №1383","383","20.02%","476","25.28%","811","43.37%","833","44.83%","44.83%","46.39%","47.29%","51.06%"
"20","27","1384","УИК №1384","296","17.02%","394","23.00%","689","40.55%","701","41.41%","41.41%","42.34%","42.81%","42.92%"
"20","27","1385","УИК №1385","222","19.72%","286","25.81%","488","44.53%","618","56.49%","56.49%","57.78%","58.14%","58.25%"
"20","27","1386","УИК №1386","240","16.00%","392","26.52%","486","33.20%","493","33.77%","33.77%","35.23%","35.74%","35.87%"
"20","27","1387","УИК №1387","245","15.32%","378","24.03%","619","39.53%","849","54.63%","54.63%","54.99%","55.25%","55.68%"
"20","27","1388","УИК №1388","289","16.13%","460","26.08%","649","37.11%","683","39.23%","39.23%","40.25%","40.42%","43.54%"
"20","27","1389","УИК №1389","411","17.28%","527","22.49%","857","36.83%","871","37.66%","37.92%","40.40%","43.73%","47.06%"
"20","27","1390","УИК №1390","346","16.81%","528","25.29%","653","31.64%","706","34.26%","34.45%","38.82%","40.61%","47.36%"
"20","27","1391","УИК №1391","360","16.71%","490","22.50%","660","30.54%","669","31.15%","31.15%","33.04%","34.72%","38.83%"
"20","27","1392","УИК №1392","266","15.09%","414","22.97%","759","42.43%","764","42.97%","43.08%","46.60%","50.82%","54.99%"
"20","27","1393","УИК №1393","481","17.99%","666","24.80%","672","25.33%","674","25.44%","25.44%","25.62%","25.93%","32.95%"
"20","27","1394","УИК №1394","377","18.91%","512","25.42%","996","49.87%","1029","51.79%","51.79%","52.06%","52.30%","52.51%"
"20","27","1395","УИК №1395","231","19.48%","316","25.97%","452","37.20%","472","39.27%","39.27%","40.02%","40.27%","40.77%"
"20","27","1396","УИК №1396","249","20.60%","325","26.27%","451","36.88%","504","41.21%","41.21%","42.18%","42.52%","42.62%"
"20","27","1397","УИК №1397","239","16.99%","386","26.77%","675","47.30%","684","48.07%","48.07%","49.08%","49.89%","57.66%"
"20","27","1398","УИК №1398","373","17.02%","532","24.02%","629","28.55%","871","39.84%","39.98%","40.55%","44.94%","50.81%"
"20","27","1399","УИК №1399","552","16.99%","781","24.01%","816","25.35%","823","25.61%","25.83%","28.16%","33.07%","33.18%"
"20","27","1400","УИК №1400","215","19.20%","308","26.69%","512","44.83%","557","48.90%","48.90%","51.23%","57.12%","61.47%"
"20","27","1401","УИК №1401","290","18.02%","425","25.91%","803","49.51%","819","50.59%","50.59%","51.24%","51.49%","57.41%"
"20","27","1402","УИК №1402","280","17.10%","403","24.12%","847","51.09%","859","52.06%","52.12%","52.79%","55.85%","60.24%"
"20","27","1403","УИК №1403","478","19.11%","637","25.32%","638","25.55%","641","25.83%","26.15%","27.37%","34.66%","46.67%"
"20","27","1404","УИК №1404","542","17.60%","794","25.71%","561","18.29%","613","20.09%","20.09%","20.35%","22.97%","25.36%"
"20","27","1405","УИК №1405","463","20.21%","606","26.29%","1083","47.11%","1091","47.91%","47.91%","49.05%","52.12%","56.42%"
"20","27","1406","УИК №1406","554","19.69%","755","26.79%","1475","52.70%","1491","53.59%","53.59%","53.85%","54.32%","54.75%"
"20","27","1407","УИК №1407","464","17.09%","661","24.19%","1133","41.79%","1142","42.28%","42.47%","43.37%","48.20%","57.07%"
"20","27","1408","УИК №1408","195","20.06%","258","25.65%","449","44.72%","453","45.53%","45.53%","47.48%","47.72%","47.77%"
"20","27","1409","УИК №1409","333","16.91%","459","22.99%","477","24.05%","492","24.96%","24.96%","25.60%","28.35%","28.49%"
"20","27","1410","УИК №1410","436","17.29%","638","25.09%","657","25.90%","659","26.22%","26.22%","26.22%","26.33%","26.43%"
"20","27","1411","УИК №1411","151","27.62%","173","30.14%","289","50.61%","294","51.94%","51.94%","53.90%","54.55%","54.72%"
"20","27","1412","УИК №1412","446","19.58%","553","24.11%","1037","45.50%","1038","45.83%","45.87%","46.81%","48.13%","48.24%"
"20","27","1413","УИК №1413","635","18.91%","813","24.20%","1238","37.04%","1336","40.23%","40.26%","40.73%","44.22%","44.35%"
"20","27","1414","УИК №1414","661","20.11%","723","22.00%","1678","51.33%","1685","51.94%","51.94%","52.58%","55.28%","59.91%"
"20","27","1415","УИК №1415","353","18.09%","474","23.99%","521","26.53%","530","27.14%","27.19%","27.54%","32.41%","36.73%"
"20","27","1416","УИК №1416","120","58.22%","293","40.14%","498","68.22%","536","75.60%","75.60%","78.90%","91.23%","95.62%"
"20","27","1417","УИК №1417","23","11.51%","92","66.19%","104","74.82%","110","81.48%","81.48%","85.61%","85.61%","85.61%"
"20","27","2378","УИК №2378","","","","","","","","","","","",""
"20","27","2379","УИК №2379","","","","","","","","","","","",""
"20","27","2380","УИК №2380","","","","","","","","","","","",""
"20","27","2509","УИК №2509","85","5.65%","482","24.10%","566","28.30%","737","36.85%","36.90%","37.55%","58.95%","75.30%"
"20","27","2510","УИК №2510","92","7.30%","520","26.00%","611","30.55%","844","42.20%","42.25%","43.35%","54.75%","74.35%"
"20","27","2511","УИК №2511","82","6.35%","500","25.00%","581","29.05%","674","33.70%","33.75%","34.90%","58.95%","69.70%"
"21","19","1300","УИК №1300","483","20.02%","603","24.99%","698","28.93%","1068","44.26%","44.34%","44.47%","50.02%","57.23%"
"21","19","1301","УИК №1301","398","18.02%","552","24.99%","647","29.29%","704","31.87%","32.23%","36.53%","43.14%","43.23%"
"21","19","1302","УИК №1302","178","17.99%","247","24.97%","342","34.58%","345","34.88%","35.19%","35.29%","35.39%","43.28%"
"21","19","1303","УИК №1303","397","18.00%","551","24.99%","739","33.51%","741","33.61%","33.61%","33.65%","33.79%","33.83%"
"21","19","1304","УИК №1304","385","17.83%","535","25.01%","630","29.45%","732","34.22%","34.22%","34.27%","41.09%","41.19%"
"21","19","1305","УИК №1305","264","17.98%","367","25.00%","462","31.47%","654","44.52%","44.59%","45.20%","48.20%","52.21%"
"21","19","1306","УИК №1306","266","18.03%","369","25.02%","464","31.46%","504","34.17%","34.17%","34.51%","38.58%","42.98%"
"21","19","1307","УИК №1307","453","18.99%","596","24.99%","691","28.97%","1063","44.57%","44.82%","44.91%","52.12%","57.53%"
"21","19","1308","УИК №1308","392","17.99%","545","25.01%","640","29.37%","975","44.75%","44.75%","44.88%","51.35%","59.43%"
"21","19","1309","УИК №1309","393","18.01%","546","25.02%","831","38.08%","853","39.09%","39.09%","39.18%","39.41%","39.46%"
"21","19","1310","УИК №1310","136","17.99%","189","25.00%","284","37.57%","341","45.11%","45.11%","45.77%","54.37%","61.64%"
"21","19","1311","УИК №1311","227","18.00%","315","24.98%","492","39.02%","517","41.00%","40.99%","41.08%","41.16%","41.24%"
"21","19","1312","УИК №1312","239","17.96%","333","25.04%","475","35.71%","479","36.02%","36.02%","36.09%","36.69%","36.77%"
"21","19","1313","УИК №1313","369","17.98%","513","25.00%","608","29.63%","937","45.66%","45.91%","45.96%","46.59%","54.68%"
"21","19","1314","УИК №1314","331","17.98%","460","24.99%","681","36.99%","684","37.11%","37.17%","37.22%","37.28%","37.33%"
"21","19","1315","УИК №1315","346","18.00%","481","25.03%","576","29.97%","867","45.11%","45.21%","45.37%","48.80%","61.60%"
"21","19","1316","УИК №1316","515","18.98%","678","24.99%","928","34.21%","933","34.39%","34.39%","34.43%","34.54%","34.57%"
"21","19","1317","УИК №1317","359","18.00%","499","25.03%","662","33.20%","718","36.01%","36.11%","36.16%","36.36%","36.41%"
"21","19","1318","УИК №1318","324","18.01%","450","25.01%","640","35.58%","644","35.62%","35.67%","35.73%","35.79%","35.84%"
"21","19","1319","УИК №1319","449","20.08%","561","25.01%","656","29.25%","997","44.45%","44.76%","44.85%","48.64%","52.16%"
"21","19","1320","УИК №1320","287","18.01%","399","25.03%","540","33.88%","574","36.01%","36.01%","36.14%","36.57%","36.64%"
"21","19","1321","УИК №1321","283","18.03%","393","25.03%","488","31.08%","752","47.90%","48.15%","48.47%","55.99%","57.26%"
"21","19","1322","УИК №1322","394","18.99%","519","25.01%","614","29.59%","926","44.63%","44.63%","44.92%","53.54%","57.16%"
"21","19","1323","УИК №1323","323","17.98%","449","25.00%","544","30.29%","824","45.88%","45.88%","46.21%","50.06%","51.95%"
"21","19","1324","УИК №1324","203","17.99%","282","25.00%","377","33.42%","395","35.02%","35.02%","35.11%","40.69%","45.48%"
"21","19","1354","УИК №1354","279","18.01%","387","24.98%","482","31.12%","721","46.55%","46.55%","46.87%","51.97%","54.16%"
"21","19","1355","УИК №1355","340","17.99%","472","24.99%","567","30.02%","711","37.64%","37.69%","37.90%","38.01%","60.61%"
"21","19","1359","УИК №1359","476","18.02%","661","25.02%","972","36.79%","988","37.02%","37.06%","37.09%","37.13%","37.17%"
"21","48","1325","УИК №1325","338","19.79%","504","29.51%","648","37.94%","662","38.76%","39.40%","40.22%","40.28%","40.34%"
"21","48","1326","УИК №1326","302","21.25%","427","30.05%","550","38.71%","695","48.91%","49.96%","50.25%","52.15%","56.30%"
"21","48","1327","УИК №1327","328","23.00%","418","29.31%","539","37.80%","550","38.57%","39.27%","39.62%","39.69%","39.76%"
"21","48","1328","УИК №1328","338","20.69%","474","29.01%","608","37.21%","747","45.72%","46.21%","46.70%","50.18%","54.41%"
"21","48","1329","УИК №1329","153","8.69%","251","14.25%","274","15.56%","338","19.19%","19.48%","21.12%","27.37%","37.02%"
"21","48","1330","УИК №1330","310","20.06%","458","29.64%","590","38.19%","730","47.25%","47.77%","48.61%","51.13%","55.86%"
"21","48","1331","УИК №1331","183","18.60%","289","29.37%","375","38.11%","443","45.02%","45.83%","47.26%","50.81%","55.79%"
"21","48","1332","УИК №1332","301","19.39%","463","29.83%","596","38.40%","626","40.34%","40.91%","41.75%","41.82%","53.29%"
"21","48","1333","УИК №1333","218","18.79%","334","28.79%","431","37.16%","460","39.66%","40.34%","40.69%","40.78%","48.79%"
"21","48","1334","УИК №1334","200","17.51%","332","29.07%","430","37.65%","459","40.19%","40.46%","42.29%","42.38%","42.47%"
"21","48","1335","УИК №1335","308","16.90%","535","29.35%","688","37.74%","720","39.50%","39.99%","41.03%","45.09%","47.23%"
"21","48","1336","УИК №1336","380","18.10%","639","30.44%","818","38.97%","1034","49.26%","49.60%","50.40%","52.45%","56.84%"
"21","48","1337","УИК №1337","589","20.67%","847","29.72%","1083","38.00%","1103","38.70%","39.02%","39.47%","39.51%","39.68%"
"21","48","1338","УИК №1338","450","23.28%","579","29.95%","743","38.44%","880","45.53%","45.99%","46.82%","51.73%","56.29%"
"21","48","1339","УИК №1339","403","22.48%","529","29.50%","678","37.81%","707","39.43%","39.71%","40.99%","41.05%","41.10%"
"21","48","1340","УИК №1340","598","24.66%","707","29.15%","905","37.32%","1143","47.13%","47.46%","48.16%","50.10%","54.60%"
"21","48","1341","УИК №1341","227","19.11%","347","29.21%","448","37.71%","533","44.87%","45.71%","47.05%","50.51%","55.30%"
"21","48","1342","УИК №1342","291","18.21%","474","29.66%","608","38.05%","645","40.36%","40.99%","41.86%","41.93%","42.12%"
"21","48","1343","УИК №1343","588","21.18%","822","29.61%","1048","37.75%","1082","38.98%","39.37%","40.17%","40.17%","40.20%"
"21","48","1344","УИК №1344","481","20.76%","690","29.78%","883","38.11%","896","38.67%","39.06%","39.84%","39.88%","39.92%"
"21","48","1345","УИК №1345","530","21.58%","727","29.60%","928","37.79%","1174","47.80%","48.17%","48.66%","48.74%","55.37%"
"21","48","1346","УИК №1346","504","23.09%","652","29.87%","833","38.16%","856","39.21%","39.81%","40.72%","40.77%","40.82%"
"21","48","1347","УИК №1347","404","19.46%","510","24.57%","785","37.81%","931","44.85%","45.42%","46.48%","50.58%","55.39%"
"21","48","1348","УИК №1348","588","23.27%","750","29.68%","958","37.91%","1209","47.84%","47.92%","48.79%","48.95%","48.99%"
"21","48","1349","УИК №1349","398","20.29%","575","29.31%","738","37.61%","875","44.60%","45.46%","46.13%","50.61%","54.94%"
"21","48","1350","УИК №1350","479","19.05%","739","29.40%","943","37.51%","1118","44.47%","44.91%","45.66%","50.32%","54.89%"
"21","48","1351","УИК №1351","688","20.69%","993","29.86%","1265","38.03%","1568","47.14%","47.47%","47.90%","51.11%","55.68%"
"21","48","1352","УИК №1352","608","22.26%","803","29.40%","1025","37.53%","1054","38.59%","38.92%","72.87%","43.94%","45.77%"
"21","48","1353","УИК №1353","695","25.17%","811","29.37%","1035","37.49%","1228","44.48%","44.66%","45.67%","50.34%","54.87%"
"21","48","1361","УИК №1361","403","19.78%","599","29.41%","770","37.80%","973","47.77%","48.16%","48.75%","50.47%","55.18%"
"21","48","1362","УИК №1362","689","23.77%","862","29.73%","1100","37.94%","1362","46.98%","47.02%","47.71%","51.02%","55.54%"
"21","48","1363","УИК №1363","612","22.85%","819","30.58%","1045","39.02%","1295","48.36%","48.84%","49.33%","52.32%","57.09%"
"21","48","1364","УИК №1364","708","23.32%","902","29.71%","1153","37.98%","1363","44.89%","45.26%","45.78%","50.99%","55.47%"
"21","48","1365","УИК №1365","234","15.89%","423","28.72%","543","36.86%","578","39.24%","39.58%","40.94%","41.00%","41.07%"
"21","48","1366","УИК №1366","698","23.79%","866","29.52%","1105","37.66%","1370","46.69%","47.14%","47.65%","50.68%","55.15%"
"21","48","2461","УИК №2461","","","","","","","","","0.00%","0.00%","0.00%","0.00%"
"21","48","2462","УИК №2462","","","","","","","","","0.00%","0.00%","0.00%","0.00%"
"21","61","2081","УИК №2081","171","9.44%","459","25.49%","532","29.62%","678","37.94%","38.57%","39.40%","43.32%","54.92%"
"21","61","2082","УИК №2082","147","8.11%","208","11.48%","258","14.24%","324","17.88%","18.21%","18.90%","22.64%","26.24%"
"21","61","2083","УИК №2083","237","13.37%","413","23.31%","543","30.71%","720","40.77%","40.84%","42.17%","43.80%","53.50%"
"21","61","2084","УИК №2084","243","14.05%","421","24.41%","540","31.36%","669","39.03%","39.79%","40.42%","41.75%","48.51%"
"21","61","2085","УИК №2085","312","11.94%","620","23.84%","868","33.55%","980","37.98%","38.47%","40.46%","46.47%","57.49%"
"21","61","2086","УИК №2086","228","11.94%","484","25.35%","569","29.81%","688","36.25%","36.72%","38.54%","45.25%","55.76%"
"21","61","2087","УИК №2087","174","6.22%","714","25.53%","860","30.87%","1021","36.78%","37.24%","40.55%","46.14%","51.75%"
"21","61","2088","УИК №2088","166","9.23%","459","25.53%","563","31.38%","787","44.02%","44.35%","45.96%","51.64%","59.89%"
"21","61","2089","УИК №2089","247","14.76%","420","25.10%","545","32.71%","634","38.31%","38.98%","40.25%","46.05%","51.09%"
"21","61","2090","УИК №2090","222","13.64%","571","35.14%","718","44.32%","783","48.57%","48.79%","49.84%","54.16%","56.37%"
"21","61","2091","УИК №2091","230","12.69%","503","27.81%","586","32.43%","725","40.32%","40.66%","41.18%","46.26%","55.76%"
"21","61","2092","УИК №2092","233","12.90%","458","25.36%","583","32.28%","714","39.80%","40.56%","42.59%","49.15%","60.05%"
"21","61","2093","УИК №2093","170","9.69%","407","23.19%","519","29.42%","622","35.52%","35.67%","37.47%","42.48%","47.64%"
"21","61","2094","УИК №2094","165","9.07%","448","24.66%","536","29.50%","668","36.95%","37.31%","38.46%","39.01%","49.07%"
"21","61","2095","УИК №2095","317","13.66%","604","26.06%","734","31.73%","846","36.75%","37.20%","38.68%","39.86%","47.52%"
"21","61","2096","УИК №2096","225","12.63%","448","25.18%","553","31.19%","712","40.41%","40.90%","42.05%","47.15%","56.21%"
"21","61","2097","УИК №2097","174","7.52%","287","12.45%","384","16.71%","456","19.95%","20.25%","21.79%","26.44%","35.25%"
"21","61","2098","УИК №2098","209","11.22%","422","22.71%","552","29.74%","754","40.82%","41.09%","42.42%","47.39%","57.23%"
"21","61","2099","УИК №2099","220","12.87%","378","22.18%","467","27.44%","677","39.99%","40.11%","42.00%","46.46%","52.71%"
"21","61","2100","УИК №2100","309","16.05%","499","25.92%","557","29.03%","670","34.97%","35.30%","35.32%","40.02%","45.90%"
"21","61","2101","УИК №2101","200","88.50%","279","100.00%","360","100.00%","406","100.00%","99.75%","100.00%","100.00%","100.00%"
"22","29","2105","УИК №2105","218","9.76%","492","22.03%","639","28.62%","761","34.08%","35.41%","38.20%","44.03%","48.86%"
"22","29","2106","УИК №2106","225","10.79%","554","26.57%","701","33.62%","804","38.56%","40.19%","40.73%","44.30%","45.58%"
"22","29","2107","УИК №2107","268","9.46%","634","22.38%","806","28.45%","952","33.60%","34.59%","36.02%","41.05%","42.94%"
"22","29","2108","УИК №2108","342","12.21%","719","25.68%","932","33.29%","1062","37.93%","39.52%","41.07%","46.90%","49.12%"
"22","29","2110","УИК №2110","316","11.67%","629","23.24%","783","28.93%","946","34.95%","36.22%","39.77%","46.63%","48.52%"
"22","29","2111","УИК №2111","323","11.72%","747","27.11%","908","32.96%","1051","38.15%","39.03%","40.16%","44.40%","47.33%"
"22","29","2112","УИК №2112","386","15.04%","625","24.35%","771","30.04%","870","33.89%","35.29%","36.99%","45.16%","46.85%"
"22","29","2113","УИК №2113","413","15.02%","709","25.78%","882","32.07%","1020","37.09%","37.83%","38.61%","42.23%","44.39%"
"22","29","2114","УИК №2114","421","15.15%","614","22.09%","830","29.87%","934","33.61%","35.33%","37.70%","44.16%","47.36%"
"22","29","2115","УИК №2115","448","16.05%","688","24.65%","827","29.63%","978","35.04%","36.17%","37.55%","42.56%","44.79%"
"22","29","2116","УИК №2116","365","13.47%","687","25.35%","879","32.44%","957","35.31%","36.35%","38.18%","44.09%","48.12%"
"22","29","2118","УИК №2118","310","10.73%","683","23.64%","830","28.73%","941","32.57%","33.99%","36.30%","40.78%","45.29%"
"22","29","2119","УИК №2119","369","13.39%","737","26.75%","910","33.03%","1059","38.44%","39.78%","41.94%","47.11%","50.28%"
"22","29","2120","УИК №2120","452","16.28%","727","26.18%","968","34.86%","1080","38.89%","40.07%","42.07%","43.90%","46.35%"
"22","29","2122","УИК №2122","292","10.31%","662","23.38%","815","28.78%","938","33.12%","34.30%","39.22%","45.89%","48.95%"
"22","29","2124","УИК №2124","306","10.57%","650","22.46%","874","30.20%","995","34.38%","35.43%","37.10%","42.98%","45.64%"
"22","29","2125","УИК №2125","450","15.59%","748","25.91%","928","32.14%","1056","36.58%","37.83%","38.81%","44.35%","46.75%"
"22","29","2126","УИК №2126","457","16.15%","718","25.38%","920","32.52%","1006","35.56%","36.77%","39.02%","45.50%","50.59%"
"22","29","2127","УИК №2127","349","14.32%","622","25.52%","812","33.32%","900","36.93%","38.96%","42.25%","49.10%","50.68%"
"22","29","2128","УИК №2128","256","12.05%","508","23.92%","621","29.24%","716","33.71%","35.14%","36.95%","43.18%","46.99%"
"22","29","2129","УИК №2129","313","11.82%","574","21.68%","719","27.15%","838","31.65%","33.82%","36.75%","43.85%","47.34%"
"22","29","2131","УИК №2131","355","12.37%","727","25.32%","862","30.02%","1003","34.94%","36.18%","38.82%","45.33%","48.85%"
"22","29","2133","УИК №2133","445","15.59%","727","25.46%","969","33.94%","1089","38.14%","39.31%","41.85%","46.84%","49.67%"
"22","29","2175","УИК №2175","274","10.04%","595","21.80%","773","28.33%","894","32.76%","33.64%","35.35%","39.19%","44.35%"
"22","62","1862","УИК №1862","29","76.32%","29","76.32%","31","81.58%","32","84.21%","86.84%","92.11%","94.74%","100.00%"
"22","62","2134","УИК №2134","464","16.29%","785","27.55%","934","32.78%","1011","35.49%","38.96%","42.24%","47.72%","50.72%"
"22","62","2135","УИК №2135","456","15.91%","707","24.64%","887","31.16%","999","35.09%","38.52%","42.43%","47.89%","50.77%"
"22","62","2137","УИК №2137","380","10.04%","920","24.17%","1120","29.34%","1279","33.51%","35.98%","38.98%","46.12%","50.05%"
"22","62","2138","УИК №2138","345","11.69%","692","23.45%","856","29.97%","997","34.91%","38.40%","42.32%","46.58%","48.88%"
"22","62","2139","УИК №2139","424","15.70%","638","23.63%","757","27.99%","879","32.48%","34.06%","41.00%","45.86%","43.91%"
"22","62","2140","УИК №2140","359","14.91%","604","25.08%","709","30.31%","802","34.29%","36.80%","39.73%","46.93%","49.55%"
"22","62","2141","УИК №2141","341","12.52%","697","25.59%","812","29.81%","905","33.19%","38.28%","41.18%","46.94%","49.37%"
"22","62","2142","УИК №2142","271","12.82%","498","23.52%","631","29.81%","707","33.40%","37.76%","40.21%","45.23%","48.18%"
"22","62","2144","УИК №2144","449","15.35%","760","25.96%","880","30.05%","1004","35.38%","38.45%","40.66%","45.83%","47.60%"
"22","62","2145","УИК №2145","418","15.04%","691","24.86%","879","32.62%","966","35.84%","40.38%","42.43%","46.61%","48.16%"
"22","62","2146","УИК №2146","360","11.78%","682","22.27%","863","28.17%","985","32.15%","35.64%","39.59%","45.97%","48.81%"
"22","62","2148","УИК №2148","433","15.47%","664","23.72%","774","27.65%","931","33.26%","37.16%","40.27%","45.09%","47.69%"
"22","62","2149","УИК №2149","357","12.91%","700","25.32%","795","29.80%","894","33.51%","37.11%","41.12%","45.80%","47.79%"
"22","62","2176","УИК №2176","412","12.15%","870","25.66%","998","29.54%","1140","33.75%","37.74%","41.45%","49.61%","49.89%"
"22","62","2177","УИК №2177","452","15.62%","747","25.14%","886","29.82%","974","32.72%","38.98%","45.01%","49.61%","49.73%"
"22","63","2150","УИК №2150","253","9.70%","833","32.56%","946","36.80%","1087","42.00%","42.39%","43.04%","47.64%","49.03%"
"22","63","2151","УИК №2151","477","18.01%","927","35.01%","1084","41.37%","1149","43.85%","44.08%","44.16%","46.37%","49.46%"
"22","63","2152","УИК №2152","389","20.13%","611","31.63%","664","35.95%","761","41.20%","41.20%","41.85%","45.97%","47.75%"
"22","63","2153","УИК №2153","250","14.98%","492","29.48%","546","33.62%","631","38.85%","38.85%","40.21%","43.23%","43.97%"
"22","63","2154","УИК №2154","264","15.08%","540","30.98%","675","39.75%","735","43.29%","45.29%","45.88%","48.23%","50.47%"
"22","63","2155","УИК №2155","280","11.17%","582","23.22%","885","35.41%","1057","42.55%","42.75%","45.01%","47.23%","48.87%"
"22","63","2156","УИК №2156","400","19.84%","592","29.37%","754","37.68%","774","39.23%","39.64%","41.87%","45.16%","46.78%"
"22","63","2157","УИК №2157","314","15.73%","483","24.20%","605","31.19%","765","39.51%","41.22%","42.25%","46.07%","51.08%"
"22","63","2158","УИК №2158","203","11.89%","393","23.06%","473","28.27%","590","35.31%","36.45%","38.46%","42.71%","46.52%"
"22","63","2159","УИК №2159","233","9.70%","798","33.24%","902","37.93%","998","42.00%","42.04%","42.17%","43.43%","45.17%"
"22","63","2160","УИК №2160","420","16.16%","804","31.14%","1052","40.97%","1074","41.99%","41.99%","43.62%","47.04%","47.86%"
"22","63","2161","УИК №2161","245","9.71%","535","21.33%","789","31.78%","1038","41.79%","42.23%","43.52%","44.57%","48.55%"
"22","63","2162","УИК №2162","439","17.39%","803","31.80%","937","38.07%","1059","42.62%","43.08%","44.22%","47.95%","49.01%"
"22","63","2163","УИК №2163","269","12.56%","694","32.84%","764","35.60%","811","37.86%","39.64%","42.02%","43.96%","48.52%"
"22","63","2164","УИК №2164","393","17.82%","771","34.97%","878","39.82%","889","40.32%","40.32%","40.50%","45.26%","48.93%"
"22","63","2165","УИК №2165","212","10.16%","396","19.45%","600","29.47%","771","37.87%","38.65%","39.69%","44.06%","48.13%"
"22","63","2166","УИК №2166","172","9.95%","347","20.07%","500","29.45%","690","41.12%","42.15%","42.99%","45.58%","48.83%"
"22","63","2167","УИК №2167","242","11.87%","431","21.35%","601","30.28%","690","34.74%","35.10%","36.61%","40.33%","45.50%"
"22","63","2168","УИК №2168","272","17.09%","539","34.20%","595","37.75%","653","41.43%","42.01%","43.85%","47.17%","48.52%"
"22","63","2169","УИК №2169","198","16.43%","380","31.51%","423","35.10%","504","41.83%","42.16%","43.07%","43.07%","44.90%"
"22","63","2170","УИК №2170","310","16.44%","522","28.13%","639","34.92%","741","40.89%","41.06%","41.61%","46.69%","49.12%"
"22","63","2171","УИК №2171","341","17.49%","541","27.99%","672","35.00%","762","39.96%","40.17%","40.85%","46.14%","47.62%"
"22","63","2172","УИК №2172","313","20.05%","529","33.89%","597","39.20%","653","41.83%","42.09%","43.11%","43.24%","44.27%"
"22","63","2173","УИК №2173","267","9.74%","825","30.26%","925","34.25%","1017","37.83%","38.95%","40.81%","43.93%","50.17%"
"22","63","2174","УИК №2174","236","9.89%","682","28.75%","805","34.15%","832","35.57%","36.43%","37.71%","41.51%","48.06%"
"22","63","2381","УИК №2381","","","","","","","","","","","",""
"22","63","2383","УИК №2383","91","22.09%","150","36.41%","241","58.50%","255","61.89%","62.86%","63.35%","63.35%","63.59%"
"22","63","2384","УИК №2384","61","19.74%","94","30.42%","134","43.37%","138","33.50%","45.63%","46.60%","46.60%","46.93%"
"22","63","2385","УИК №2385","","","","","","","","","","","",""
"22","63","2388","УИК №2388","","","","","","","","","","","",""
"22","63","2475","УИК №2475","377","73.47%","572","100.00%","852","100.00%","869","100.00%","100.00%","100.00%","100.00%","100.00%"
"22","63","2494","УИК №2494","479","100.00%","715","100.00%","936","100.00%","951","100.00%","100.00%","100.00%","100.00%","100.00%"
"23","23","2055","УИК №2055","391","21.47%","596","33.17%","715","40.17%","773","43.52%","43.92%","44.59%","50.34%","52.36%"
"23","23","2056","УИК №2056","317","15.00%","582","27.89%","736","35.59%","819","39.70%","40.18%","41.25%","45.42%","50.07%"
"23","23","2057","УИК №2057","301","15.13%","592","30.17%","709","36.47%","811","41.83%","45.18%","50.13%","53.48%","55.23%"
"23","23","2058","УИК №2058","323","13.48%","688","29.12%","807","34.47%","906","38.80%","39.01%","40.99%","44.84%","48.48%"
"23","23","2059","УИК №2059","304","12.10%","688","27.76%","815","33.20%","964","39.36%","41.20%","45.28%","51.53%","52.59%"
"23","23","2060","УИК №2060","249","14.08%","528","30.26%","652","37.71%","709","41.10%","41.10%","41.28%","45.80%","50.43%"
"23","23","2061","УИК №2061","242","12.55%","553","29.07%","649","34.45%","742","39.47%","39.95%","40.16%","45.69%","46.44%"
"23","23","2062","УИК №2062","278","14.50%","531","28.08%","640","34.17%","757","40.50%","43.66%","46.28%","51.58%","57.09%"
"23","23","2063","УИК №2063","228","12.50%","521","28.94%","625","35.05%","688","38.67%","38.95%","39.91%","40.02%","41.77%"
"23","23","2064","УИК №2064","349","18.46%","563","30.17%","665","35.98%","718","38.94%","38.94%","39.05%","42.35%","43.17%"
"23","23","2065","УИК №2065","344","16.15%","532","25.32%","633","30.42%","741","35.69%","36.18%","37.24%","40.80%","43.98%"
"23","23","2066","УИК №2066","252","14.35%","527","30.41%","629","36.63%","712","41.56%","41.56%","41.56%","41.68%","50.15%"
"23","23","2067","УИК №2067","229","13.73%","441","26.79%","535","32.80%","633","38.91%","39.03%","39.03%","44.25%","49.23%"
"23","23","2068","УИК №2068","285","15.83%","533","30.03%","616","35.04%","681","38.83%","39.11%","39.97%","46.64%","50.91%"
"23","23","2069","УИК №2069","299","16.86%","576","32.93%","578","33.37%","585","33.85%","34.43%","35.36%","36.52%","37.73%"
"23","23","2070","УИК №2070","229","15.77%","395","27.56%","462","32.56%","526","37.15%","42.23%","51.27%","54.38%","57.27%"
"23","23","2071","УИК №2071","234","14.81%","440","28.24%","512","33.18%","594","38.57%","41.17%","42.27%","47.27%","49.94%"
"23","23","2072","УИК №2072","334","18.87%","521","29.84%","632","36.53%","726","42.09%","42.55%","43.77%","46.67%","50.49%"
"23","23","2073","УИК №2073","291","16.18%","497","28.02%","626","35.63%","701","39.99%","40.27%","40.96%","43.47%","44.84%"
"23","23","2074","УИК №2074","308","20.16%","460","30.50%","480","32.11%","485","32.55%","32.68%","32.82%","38.46%","41.01%"
"23","23","2075","УИК №2075","279","18.92%","451","30.99%","527","36.62%","530","36.86%","40.47%","44.99%","49.65%","52.29%"
"23","23","2076","УИК №2076","223","15.61%","442","31.37%","528","37.80%","575","41.31%","43.25%","43.89%","44.25%","44.61%"
"23","23","2077","УИК №2077","452","18.54%","751","31.23%","901","37.83%","969","40.77%","40.89%","40.89%","45.31%","49.52%"
"23","23","2078","УИК №2078","326","14.38%","711","31.78%","817","36.87%","907","41.02%","42.15%","43.33%","46.81%","50.88%"
"23","23","2079","УИК №2079","341","13.62%","758","30.70%","873","35.69%","996","40.82%","41.02%","42.62%","46.07%","51.39%"
"23","23","2080","УИК №2080","491","19.77%","735","30.00%","842","34.69%","964","39.82%","41.88%","41.88%","46.34%","50.56%"
"23","24","1557","УИК №1557","349","17.86%","571","29.51%","813","42.02%","835","43.15%","49.92%","50.54%","55.71%","59.64%"
"23","24","1558","УИК №1558","566","17.92%","900","28.87%","1290","41.39%","1931","61.95%","64.10%","64.74%","65.74%","70.48%"
"23","24","1559","УИК №1559","431","18.17%","685","29.22%","987","42.11%","1069","45.61%","48.04%","50.04%","56.91%","62.67%"
"23","24","1560","УИК №1560","259","18.33%","402","28.69%","585","41.76%","652","46.54%","50.04%","51.68%","63.17%","74.09%"
"23","24","1561","УИК №1561","283","17.99%","453","29.09%","652","41.88%","658","42.26%","42.84%","44.57%","49.45%","54.34%"
"23","24","1562","УИК №1562","322","18.16%","508","28.98%","728","41.53%","787","44.89%","51.06%","51.17%","55.79%","64.46%"
"23","24","1563","УИК №1563","213","18.21%","336","28.97%","495","42.67%","538","46.38%","49.66%","51.29%","53.88%","58.62%"
"23","24","1564","УИК №1564","254","18.23%","406","29.44%","587","42.57%","591","42.86%","49.60%","51.56%","58.16%","61.78%"
"23","24","1565","УИК №1565","221","18.10%","354","29.28%","510","42.18%","560","46.32%","48.22%","50.12%","55.09%","59.31%"
"23","24","1566","УИК №1566","217","17.89%","344","28.62%","511","42.51%","610","50.75%","54.74%","57.65%","61.40%","67.64%"
"23","24","1567","УИК №1567","252","18.26%","400","29.30%","578","42.34%","613","44.91%","49.23%","50.84%","57.80%","61.98%"
"23","24","1568","УИК №1568","231","18.06%","368","29.04%","523","41.28%","551","43.49%","44.75%","46.80%","52.41%","56.43%"
"23","24","1569","УИК №1569","345","18.02%","550","29.02%","791","41.74%","915","48.28%","55.46%","56.41%","61.64%","66.49%"
"23","24","1570","УИК №1570","308","17.92%","504","29.65%","718","42.24%","813","47.82%","54.18%","56.12%","61.35%","64.12%"
"23","24","1571","УИК №1571","326","18.11%","515","28.88%","747","41.90%","813","45.60%","49.24%","50.87%","55.19%","57.38%"
"23","24","1572","УИК №1572","370","18.06%","591","29.19%","852","42.07%","973","48.05%","48.20%","52.10%","57.19%","63.01%"
"23","24","1573","УИК №1573","335","18.19%","541","29.68%","762","41.80%","858","47.07%","49.26%","50.96%","54.25%","57.93%"
"23","24","1574","УИК №1574","262","18.18%","423","29.66%","594","41.65%","742","52.03%","54.63%","56.38%","60.59%","65.01%"
"23","24","1575","УИК №1575","252","18.26%","406","29.70%","577","42.21%","580","42.43%","42.43%","42.50%","45.21%","50.99%"
"23","24","1576","УИК №1576","303","17.84%","493","29.33%","707","42.06%","748","44.50%","48.66%","49.79%","54.13%","60.38%"
"23","24","1577","УИК №1577","288","18.16%","464","29.54%","650","41.37%","691","43.98%","48.76%","49.78%","51.37%","63.14%"
"23","24","1578","УИК №1578","496","18.15%","779","28.85%","1122","41.56%","1249","46.26%","48.56%","50.07%","55.11%","60.11%"
"23","24","1579","УИК №1579","486","17.97%","774","29.17%","1100","41.46%","1148","43.27%","46.59%","46.63%","54.32%","62.04%"
"23","24","1580","УИК №1580","341","17.84%","558","29.52%","787","41.64%","813","43.02%","45.29%","45.87%","53.23%","58.15%"
"23","24","1581","УИК №1581","260","17.91%","418","29.13%","608","42.37%","642","44.74%","48.99%","51.43%","55.82%","59.58%"
"23","24","1582","УИК №1582","243","17.10%","409","29.07%","594","42.22%","597","42.43%","43.28%","44.71%","50.75%","54.94%"
"23","24","1583","УИК №1583","338","17.86%","547","29.24%","787","42.06%","877","46.87%","48.85%","50.56%","55.64%","59.38%"
"23","24","1584","УИК №1584","347","17.97%","561","29.36%","806","42.18%","890","46.57%","48.77%","50.81%","53.58%","56.04%"
"23","24","1585","УИК №1585","324","18.15%","512","29.01%","730","41.36%","822","46.57%","47.99%","50.48%","54.16%","58.64%"
"23","24","2366","УИК №2366","314","17.96%","497","28.76%","730","42.25%","758","43.87%","46.70%","49.07%","59.49%","76.22%"
"23","24","2367","УИК №2367","306","18.26%","480","28.93%","697","42.01%","732","44.12%","48.46%","50.63%","59.07%","64.92%"
"23","53","1586","УИК №1586","501","18.23%","765","28.23%","1115","41.14%","1254","46.22%","46.89%","47.95%","50.76%","54.99%"
"23","53","1587","УИК №1587","411","17.66%","668","29.04%","930","40.43%","1067","46.49%","47.10%","47.97%","52.09%","55.47%"
"23","53","1588","УИК №1588","438","17.84%","705","29.13%","1033","42.69%","1093","44.92%","45.58%","46.57%","49.13%","55.09%"
"23","53","1589","УИК №1589","381","17.95%","576","27.49%","938","44.77%","943","44.88%","45.41%","46.83%","49.40%","54.55%"
"23","53","1590","УИК №1590","334","17.40%","553","29.14%","812","42.78%","869","45.74%","45.89%","47.11%","52.25%","55.14%"
"23","53","1591","УИК №1591","350","17.63%","543","27.68%","700","35.68%","897","45.77%","46.12%","47.45%","51.02%","55.22%"
"23","53","1592","УИК №1592","318","17.60%","515","28.90%","713","40.01%","788","44.44%","45.18%","46.98%","51.87%","54.98%"
"23","53","1593","УИК №1593","354","17.36%","582","28.93%","796","39.56%","896","44.44%","44.49%","45.59%","49.28%","54.15%"
"23","53","1594","УИК №1594","322","16.70%","546","28.72%","794","41.77%","861","45.39%","45.81%","47.13%","50.61%","54.81%"
"23","53","1595","УИК №1595","431","17.59%","674","27.86%","945","39.07%","1086","44.73%","45.06%","46.21%","49.98%","54.86%"
"23","53","1596","УИК №1596","378","17.71%","612","29.10%","871","41.42%","984","46.75%","46.94%","48.08%","51.26%","54.94%"
"23","53","1597","УИК №1597","429","17.31%","724","29.60%","1048","42.85%","1113","45.32%","45.81%","47.35%","50.82%","55.22%"
"23","53","1598","УИК №1598","327","18.52%","501","28.78%","702","40.32%","788","45.39%","45.91%","47.52%","52.80%","54.94%"
"23","53","1599","УИК №1599","354","17.69%","558","28.28%","787","39.89%","898","45.35%","46.11%","47.73%","50.76%","54.76%"
"23","53","1600","УИК №1600","371","19.22%","561","29.43%","795","41.71%","878","45.87%","46.29%","48.22%","52.96%","55.34%"
"23","53","1601","УИК №1601","315","17.86%","501","28.76%","682","39.15%","806","45.87%","46.22%","48.32%","52.51%","54.93%"
"23","53","1602","УИК №1602","376","17.20%","624","28.93%","831","38.53%","984","45.20%","45.80%","47.13%","50.90%","55.12%"
"23","53","1603","УИК №1603","390","17.80%","632","29.22%","968","44.75%","1023","46.99%","47.22%","48.97%","51.93%","54.91%"
"23","53","1604","УИК №1604","377","18.27%","602","29.55%","845","41.48%","909","44.04%","44.96%","46.61%","49.85%","54.74%"
"23","53","1605","УИК №1605","587","18.26%","939","29.63%","1394","43.99%","1511","46.97%","47.12%","47.93%","50.56%","54.84%"
"23","53","1606","УИК №1606","643","18.01%","1035","29.32%","1633","46.26%","1644","46.18%","46.46%","47.25%","49.03%","54.76%"
"23","53","1607","УИК №1607","812","18.68%","1286","29.94%","1864","43.40%","2107","47.75%","47.88%","48.54%","50.43%","54.64%"
"23","53","2347","УИК №2347","","","","","","","","","","","",""
"23","53","2348","УИК №2348","","","","","","","","","","","",""
"23","53","2495","УИК №2495","251","100.00%","356","100.00%","748","100.00%","1002","100.00%","100.00%","100.00%","100.00%","100.00%"
"23","53","2496","УИК №2496","123","46.42%","375","100.00%","734","100.00%","1322","100.00%","100.00%","100.00%","100.00%","100.00%"
"23","53","2504","УИК №2504","135","71.05%","210","100.00%","436","100.00%","702","100.00%","100.00%","100.00%","100.00%","100.00%"
"23","53","2505","УИК №2505","103","47.91%","215","100.00%","477","100.00%","803","100.00%","100.00%","100.00%","100.00%","100.00%"
"24","20","1949","УИК №1949","232","13.56%","453","27.11%","540","33.11%","707","43.35%","43.47%","46.90%","53.82%","54.81%"
"24","20","1950","УИК №1950","341","14.37%","695","29.54%","829","35.23%","993","42.20%","42.37%","42.58%","49.64%","52.49%"
"24","20","1951","УИК №1951","427","19.45%","621","28.55%","724","33.29%","895","41.84%","41.89%","45.02%","49.03%","53.12%"
"24","20","1952","УИК №1952","470","18.19%","701","27.45%","864","34.37%","1043","42.09%","42.17%","48.14%","52.69%","58.65%"
"24","20","1953","УИК №1953","326","12.78%","449","17.89%","639","25.46%","1130","45.02%","45.10%","45.62%","47.37%","49.36%"
"24","20","1954","УИК №1954","420","18.02%","688","29.77%","724","31.33%","1037","44.87%","45.22%","45.26%","49.59%","53.87%"
"24","20","1955","УИК №1955","211","10.61%","437","22.19%","541","28.05%","749","39.57%","39.67%","44.22%","48.48%","54.51%"
"24","20","1956","УИК №1956","213","15.72%","339","25.20%","461","34.28%","563","43.01%","43.32%","43.77%","49.65%","52.93%"
"24","20","1957","УИК №1957","206","11.27%","422","23.21%","531","29.87%","729","41.85%","42.19%","44.55%","50.59%","55.61%"
"24","20","1958","УИК №1958","138","8.98%","392","25.67%","457","29.93%","654","42.83%","42.96%","45.97%","51.21%","55.73%"
"24","20","1959","УИК №1959","228","13.61%","501","30.09%","603","37.11%","758","47.70%","47.95%","49.40%","54.39%","58.67%"
"24","20","1960","УИК №1960","235","12.74%","397","21.65%","524","29.21%","704","40.05%","40.27%","42.83%","45.68%","56.56%"
"24","20","1961","УИК №1961","271","11.13%","448","18.71%","609","25.44%","938","39.78%","39.91%","43.47%","48.19%","55.99%"
"24","20","1962","УИК №1962","246","12.63%","488","25.31%","544","28.22%","759","39.37%","39.47%","42.79%","46.06%","51.14%"
"24","20","1963","УИК №1963","333","12.32%","596","22.39%","677","25.43%","1060","39.82%","40.05%","40.87%","47.18%","51.47%"
"24","20","1964","УИК №1964","282","10.98%","425","16.81%","536","21.19%","664","26.26%","26.37%","26.61%","30.80%","37.09%"
"24","20","1965","УИК №1965","272","11.28%","599","25.18%","720","30.78%","975","42.34%","42.68%","43.55%","48.36%","54.26%"
"24","20","1966","УИК №1966","204","11.09%","401","22.17%","508","28.08%","673","37.20%","37.42%","39.47%","44.78%","50.47%"
"24","20","1967","УИК №1967","211","11.97%","395","22.53%","549","31.32%","710","40.50%","40.67%","40.67%","47.63%","47.63%"
"24","20","1968","УИК №1968","205","11.41%","449","25.14%","529","30.83%","722","42.98%","43.33%","45.54%","49.03%","49.76%"
"24","20","1969","УИК №1969","306","14.54%","510","24.52%","597","29.26%","715","35.68%","35.78%","40.07%","47.33%","53.11%"
"24","20","1970","УИК №1970","174","11.52%","360","23.98%","487","32.45%","603","40.17%","40.44%","46.90%","50.43%","58.76%"
"24","20","1971","УИК №1971","258","12.88%","420","21.23%","601","30.38%","809","40.90%","41.05%","45.45%","51.77%","56.83%"
"24","20","1972","УИК №1972","218","12.96%","425","25.88%","431","26.90%","510","32.57%","32.82%","34.70%","42.96%","55.36%"
"24","20","1973","УИК №1973","169","17.62%","381","39.73%","451","47.03%","546","56.93%","57.14%","48.69%","50.52%","54.01%"
"24","20","1974","УИК №1974","345","13.61%","602","24.03%","761","30.38%","963","38.44%","38.60%","42.44%","48.90%","53.93%"
"24","20","1975","УИК №1975","401","21.09%","463","24.68%","578","31.48%","805","44.72%","44.78%","48.72%","50.22%","56.18%"
"24","20","1976","УИК №1976","135","10.84%","312","25.06%","325","26.10%","523","43.62%","43.87%","47.12%","49.62%","50.55%"
"24","20","1977","УИК №1977","383","12.79%","749","25.42%","841","28.55%","1066","36.18%","36.35%","43.41%","48.44%","55.97%"
"24","20","1978","УИК №1978","301","11.73%","641","25.28%","702","28.13%","1057","43.20%","43.48%","47.61%","51.19%","63.66%"
"24","20","1979","УИК №1979","283","15.45%","547","30.02%","626","35.33%","959","55.24%","55.47%","58.64%","64.68%","65.98%"
"24","20","1980","УИК №1980","249","16.38%","473","31.32%","541","36.80%","679","47.35%","47.56%","49.02%","54.48%","57.51%"
"24","20","1981","УИК №1981","215","14.01%","331","21.70%","360","23.61%","531","34.82%","35.02%","38.49%","45.64%","50.56%"
"24","20","1982","УИК №1982","252","12.19%","550","26.99%","707","34.69%","802","40.06%","40.26%","45.95%","51.49%","54.74%"
"24","20","1983","УИК №1983","63","62.38%","101","100.00%","101","100.00%","101","100.00%","100.00%","100.00%","100.00%","100.00%"
"24","20","1984","УИК №1984","299","13.14%","458","20.48%","578","25.85%","695","31.08%","31.17%","36.27%","42.67%","46.56%"
"24","20","1985","УИК №1985","205","15.95%","352","27.61%","438","35.47%","521","43.45%","43.70%","48.71%","55.73%","66.50%"
"24","20","1986","УИК №1986","288","14.64%","460","23.51%","653","34.06%","828","44.02%","44.18%","46.20%","52.66%","58.46%"
"24","20","1987","УИК №1987","97","30.99%","160","51.12%","164","52.40%","205","65.50%","65.50%","67.41%","68.37%","97.12%"
"24","20","1988","УИК №1988","217","12.51%","359","20.93%","458","26.71%","572","33.35%","33.59%","35.98%","42.04%","47.06%"
"24","20","1989","УИК №1989","237","15.92%","365","24.68%","392","26.50%","614","42.26%","42.40%","43.22%","47.56%","49.00%"
"24","20","1990","УИК №1990","169","13.36%","250","20.08%","340","27.31%","403","32.37%","32.45%","40.80%","46.35%","53.25%"
"24","20","1991","УИК №1991","194","18.42%","334","32.02%","383","36.72%","444","42.57%","42.76%","43.72%","47.65%","50.91%"
"24","20","1992","УИК №1992","201","9.16%","439","20.38%","514","23.86%","564","26.18%","26.32%","41.46%","44.24%","46.56%"
"24","20","1993","УИК №1993","128","15.82%","203","25.09%","245","30.28%","253","31.27%","31.27%","41.41%","50.93%","55.01%"
"24","20","2010","УИК №2010","485","14.46%","776","23.49%","987","29.87%","1139","34.47%","34.65%","37.26%","40.50%","62.59%"
"24","20","2023","УИК №2023","37","37.00%","43","43.00%","77","77.00%","96","96.00%","96.00%","98.00%","100.00%","100.00%"
"24","20","2024","УИК №2024","598","68.42%","815","93.25%","851","97.37%","854","97.71%","97.71%","97.71%","97.71%","97.71%"
"24","20","2489","УИК №2489","350","23.33%","430","28.67%","1125","100.00%","1125","100.00%","100.00%","100.00%","100.00%","100.00%"
"24","20","2490","УИК №2490","350","23.33%","430","28.67%","1184","100.00%","1184","100.00%","100.00%","100.00%","100.00%","100.00%"
"24","20","2531","УИК №2531","0","0.00%","0","0.00%","525","100.00%","525","100.00%","100.00%","100.00%","100.00%","100.00%"
"24","20","2534","УИК №2534","","","","","490","100.00%","490","100.00%","100.00%","100.00%","100.00%","100.00%"
"24","20","2536","УИК №2536","0","0.00%","0","0.00%","502","100.00%","502","100.00%","100.00%","100.00%","100.00%","100.00%"
"24","20","2537","УИК №2537","","","","","401","100.00%","401","100.00%","100.00%","100.00%","100.00%","100.00%"
"24","20","2546","УИК №2546","","","","","420","100.00%","420","100.00%","100.00%","100.00%","100.00%","100.00%"
"24","20","2548","УИК №2548","0","0.00%","0","0.00%","470","100.00%","470","100.00%","100.00%","100.00%","100.00%","100.00%"
"24","59","1994","УИК №1994","295","10.38%","496","17.46%","630","22.36%","817","28.99%","28.99%","33.22%","39.50%","47.27%"
"24","59","1995","УИК №1995","296","8.68%","893","26.36%","962","28.55%","1483","44.32%","44.47%","44.93%","49.23%","53.70%"
"24","59","1996","УИК №1996","269","8.73%","810","26.43%","899","29.47%","1380","45.51%","45.65%","46.15%","46.96%","57.31%"
"24","59","1997","УИК №1997","343","10.88%","775","24.78%","906","29.16%","1227","39.49%","39.49%","41.58%","50.34%","56.87%"
"24","59","1998","УИК №1998","429","11.06%","661","17.12%","816","21.37%","1460","38.57%","38.65%","40.33%","44.99%","53.12%"
"24","59","1999","УИК №1999","289","14.28%","527","26.23%","682","34.08%","880","44.29%","44.29%","47.41%","54.10%","62.28%"
"24","59","2000","УИК №2000","395","11.94%","835","25.38%","1053","32.23%","1428","44.07%","44.17%","45.10%","46.63%","49.41%"
"24","59","2001","УИК №2001","314","9.25%","717","21.31%","888","26.60%","1073","32.38%","32.41%","35.82%","41.49%","50.12%"
"24","59","2003","УИК №2003","379","12.43%","735","24.25%","968","32.07%","1159","38.72%","38.79%","39.93%","44.66%","51.77%"
"24","59","2004","УИК №2004","341","12.39%","486","17.80%","646","23.69%","872","32.20%","32.20%","33.05%","41.24%","42.87%"
"24","59","2005","УИК №2005","419","15.61%","715","26.89%","804","30.49%","1058","40.80%","40.88%","45.30%","52.32%","54.67%"
"24","59","2006","УИК №2006","208","8.10%","590","23.06%","770","30.31%","1092","43.30%","43.38%","46.23%","49.62%","52.98%"
"24","59","2007","УИК №2007","412","20.05%","592","28.89%","702","34.62%","804","40.18%","40.18%","44.38%","53.27%","55.94%"
"24","59","2008","УИК №2008","405","20.99%","584","30.45%","693","36.49%","853","45.32%","45.32%","48.62%","53.21%","55.64%"
"24","59","2009","УИК №2009","418","16.13%","777","30.23%","854","33.54%","1146","45.44%","45.56%","46.27%","50.44%","53.37%"
"24","59","2011","УИК №2011","376","12.07%","809","26.05%","1137","37.08%","1411","46.52%","46.69%","48.93%","53.83%","57.08%"
"24","59","2012","УИК №2012","426","14.07%","580","19.21%","711","23.74%","1351","45.49%","45.56%","46.40%","49.85%","53.73%"
"24","59","2013","УИК №2013","344","12.23%","679","24.17%","986","35.20%","1218","43.84%","43.88%","44.99%","49.78%","50.42%"
"24","59","2014","УИК №2014","419","12.34%","927","27.47%","1051","31.30%","1490","44.79%","44.85%","45.18%","54.15%","59.28%"
"24","59","2015","УИК №2015","343","12.42%","725","26.33%","797","28.99%","1181","43.40%","43.44%","46.12%","50.78%","51.95%"
"24","59","2016","УИК №2016","337","11.70%","702","24.49%","892","31.30%","1212","42.96%","42.99%","45.59%","46.01%","47.99%"
"24","59","2017","УИК №2017","418","13.11%","892","28.18%","965","30.69%","1385","44.51%","44.51%","45.21%","54.01%","60.01%"
"24","59","2018","УИК №2018","481","14.07%","743","21.81%","894","26.29%","1232","36.48%","36.48%","37.10%","41.47%","46.79%"
"24","59","2019","УИК №2019","416","11.93%","928","26.75%","1204","34.97%","1525","44.75%","44.89%","45.54%","48.54%","51.47%"
"24","59","2020","УИК №2020","213","10.19%","389","18.75%","489","24.01%","708","35.22%","35.22%","37.36%","43.82%","49.70%"
"24","59","2021","УИК №2021","211","10.57%","296","14.96%","369","18.66%","488","24.92%","24.92%","26.51%","32.94%","36.31%"
"24","59","2022","УИК №2022","381","7.87%","1163","24.24%","1240","26.33%","1896","41.02%","41.13%","41.58%","45.42%","52.13%"
"24","59","2028","УИК №2028","590","16.29%","953","26.55%","1025","29.03%","1629","46.89%","46.98%","47.85%","52.25%","55.94%"
"24","59","2029","УИК №2029","428","14.07%","761","25.17%","907","30.26%","1288","42.98%","43.01%","46.88%","52.45%","57.86%"
"25","21","826","УИК №826","276","12.94%","661","30.95%","1026","48.03%","1212","56.74%","56.79%","57.52%","61.00%","64.61%"
"25","21","827","УИК №827","185","10.14%","262","14.36%","405","22.19%","473","25.92%","25.97%","30.61%","34.79%","39.47%"
"25","21","828","УИК №828","220","11.90%","308","16.67%","355","19.21%","463","25.05%","25.16%","27.47%","32.74%","37.18%"
"25","21","829","УИК №829","203","10.36%","498","25.41%","570","29.08%","826","42.14%","42.19%","46.28%","50.15%","53.57%"
"25","21","830","УИК №830","233","11.53%","312","15.44%","461","22.81%","532","26.32%","26.47%","28.01%","34.04%","36.96%"
"25","21","831","УИК №831","221","9.90%","441","19.76%","547","24.51%","701","31.41%","31.50%","33.20%","43.59%","48.66%"
"25","21","832","УИК №832","215","11.03%","401","20.57%","514","26.37%","742","38.07%","38.22%","42.84%","47.10%","52.59%"
"25","21","833","УИК №833","207","10.55%","351","17.72%","571","29.09%","822","41.49%","41.60%","42.45%","47.65%","50.28%"
"25","21","834","УИК №834","259","13.71%","662","35.05%","763","40.39%","927","49.07%","49.18%","55.74%","60.51%","65.59%"
"25","21","835","УИК №835","286","11.79%","409","16.87%","525","21.65%","627","25.86%","25.90%","26.52%","32.08%","35.46%"
"25","21","836","УИК №836","205","9.29%","636","28.82%","778","35.25%","917","41.57%","41.66%","43.38%","47.46%","52.63%"
"25","21","837","УИК №837","161","6.67%","340","14.08%","486","20.12%","564","23.35%","23.44%","23.81%","28.70%","32.80%"
"25","21","838","УИК №838","320","14.66%","627","28.68%","718","32.85%","936","42.82%","42.91%","46.29%","48.58%","56.86%"
"25","21","839","УИК №839","258","10.79%","435","18.11%","555","23.22%","673","27.91%","27.96%","31.05%","37.29%","41.61%"
"25","21","840","УИК №840","227","9.73%","757","32.32%","880","37.74%","954","40.61%","40.74%","43.51%","47.81%","53.64%"
"25","21","841","УИК №841","212","10.23%","345","16.52%","469","22.64%","528","25.28%","25.32%","25.37%","33.32%","38.82%"
"25","21","842","УИК №842","268","11.91%","451","20.04%","512","22.76%","616","27.38%","27.47%","33.02%","41.82%","49.11%"
"25","21","843","УИК №843","179","13.70%","373","28.45%","437","33.31%","638","48.59%","48.82%","49.43%","53.50%","58.64%"
"25","21","844","УИК №844","170","7.00%","683","28.39%","918","38.15%","1052","43.72%","43.81%","47.88%","51.66%","55.53%"
"25","21","845","УИК №845","700","25.02%","897","31.96%","1045","37.23%","1415","50.41%","50.52%","51.52%","55.57%","60.28%"
"25","21","846","УИК №846","362","16.56%","634","28.92%","792","36.13%","931","42.47%","42.52%","43.16%","47.31%","53.27%"
"25","21","847","УИК №847","253","10.49%","411","16.85%","533","22.11%","728","29.85%","29.93%","32.14%","38.91%","39.49%"
"25","21","848","УИК №848","154","6.18%","380","15.25%","545","21.87%","645","25.88%","26.00%","27.09%","30.90%","36.08%"
"25","21","849","УИК №849","374","17.73%","618","29.14%","779","36.69%","922","43.43%","43.57%","45.21%","50.24%","54.76%"
"25","21","850","УИК №850","236","10.40%","431","18.99%","523","23.05%","798","35.23%","35.36%","36.16%","39.38%","45.92%"
"25","21","851","УИК №851","200","9.82%","492","24.17%","613","30.11%","828","40.67%","40.72%","41.11%","45.24%","49.36%"
"25","21","852","УИК №852","133","6.45%","324","15.64%","429","20.71%","503","24.29%","24.38%","26.22%","30.03%","35.30%"
"25","21","853","УИК №853","143","6.99%","412","20.16%","624","30.53%","973","47.60%","47.70%","48.92%","53.18%","59.30%"
"25","21","854","УИК №854","192","8.79%","523","24.17%","656","30.31%","686","31.70%","31.79%","41.73%","46.63%","51.99%"
"25","21","855","УИК №855","568","27.18%","673","32.20%","899","43.01%","1119","53.54%","53.68%","53.68%","58.47%","62.90%"
"25","21","856","УИК №856","307","15.26%","730","36.28%","835","41.50%","884","43.94%","44.09%","50.99%","52.49%","54.08%"
"25","21","857","УИК №857","222","13.14%","653","38.94%","733","43.71%","807","48.12%","48.18%","50.86%","55.69%","59.39%"
"25","21","858","УИК №858","234","11.92%","336","17.15%","532","27.16%","665","33.95%","34.05%","38.41%","39.07%","39.07%"
"25","21","859","УИК №859","210","9.96%","1121","53.15%","1207","57.29%","1284","60.94%","61.03%","61.98%","66.45%","75.38%"
"25","21","860","УИК №860","350","16.03%","723","33.23%","821","37.73%","1012","46.51%","46.55%","46.55%","48.16%","51.98%"
"25","21","861","УИК №861","254","12.58%","410","20.31%","779","38.58%","925","45.81%","45.91%","50.37%","56.91%","62.75%"
"25","21","862","УИК №862","192","11.19%","301","17.54%","383","22.32%","495","28.85%","28.90%","30.01%","35.96%","40.03%"
"25","21","863","УИК №863","165","9.48%","581","33.37%","761","43.71%","848","48.74%","48.85%","50.75%","51.67%","52.53%"
"25","21","864","УИК №864","167","9.03%","487","26.32%","634","34.27%","885","47.84%","48.00%","48.59%","53.03%","53.03%"
"25","21","865","УИК №865","253","11.20%","473","20.83%","645","28.40%","721","31.75%","31.88%","32.40%","35.54%","40.07%"
"25","21","866","УИК №866","185","9.60%","373","19.35%","471","24.43%","599","31.07%","31.12%","32.83%","37.34%","41.44%"
"25","21","867","УИК №867","163","8.89%","357","19.40%","474","25.76%","490","26.63%","26.79%","26.85%","28.97%","37.07%"
"25","21","868","УИК №868","184","10.10%","286","15.65%","470","25.73%","703","38.48%","38.59%","42.69%","49.26%","53.53%"
"25","21","869","УИК №869","197","10.94%","308","16.98%","431","24.00%","503","28.01%","28.12%","29.57%","34.86%","38.53%"
"25","21","870","УИК №870","253","13.26%","361","18.76%","578","30.04%","727","37.79%","37.94%","39.45%","48.86%","48.86%"
"25","21","871","УИК №871","336","19.04%","539","30.54%","791","44.82%","860","48.73%","48.84%","49.75%","55.92%","57.22%"
"25","21","872","УИК №872","52","3.25%","538","33.67%","789","49.37%","978","61.20%","61.26%","61.26%","61.26%","62.08%"
"25","21","873","УИК №873","157","7.58%","403","19.47%","426","20.58%","884","42.71%","42.80%","44.15%","44.15%","44.15%"
"25","21","874","УИК №874","211","9.00%","590","25.01%","682","28.91%","705","29.89%","30.01%","46.38%","51.46%","55.57%"
"25","21","875","УИК №875","215","8.72%","498","20.24%","500","20.33%","531","21.24%","21.32%","23.83%","27.60%","32.20%"
"25","21","893","УИК №893","164","7.83%","266","12.46%","341","15.97%","510","23.89%","24.03%","23.87%","28.52%","28.52%"
"25","21","894","УИК №894","241","9.93%","697","28.71%","918","37.81%","1357","55.89%","56.01%","56.05%","58.03%","58.86%"
"25","21","895","УИК №895","216","7.56%","469","16.40%","586","20.50%","977","33.49%","33.53%","34.86%","45.15%","50.22%"
"25","21","896","УИК №896","98","8.30%","618","52.33%","1103","93.40%","1181","100.00%","100.00%","100.00%","100.00%","100.00%"
"25","21","897","УИК №897","","","","","","","","","2.21%","26.55%","48.67%","66.37%"
"25","43","876","УИК №876","204","17.94%","303","26.65%","380","33.42%","436","38.35%","38.87%","40.46%","45.82%","55.76%"
"25","43","877","УИК №877","178","10.83%","383","23.41%","476","29.10%","697","42.68%","43.54%","45.01%","48.28%","55.12%"
"25","43","878","УИК №878","219","14.48%","323","21.36%","474","31.35%","611","40.41%","40.94%","42.72%","46.83%","54.82%"
"25","43","879","УИК №879","198","11.87%","386","23.09%","486","29.05%","592","35.36%","36.54%","38.21%","41.31%","45.85%"
"25","43","880","УИК №880","136","9.77%","345","24.75%","410","29.58%","619","44.79%","45.43%","46.88%","50.51%","55.00%"
"25","43","881","УИК №881","242","15.93%","344","22.65%","524","34.50%","597","39.30%","42.07%","45.34%","51.80%","53.98%"
"25","43","882","УИК №882","254","13.97%","453","24.92%","623","34.50%","800","44.49%","45.77%","47.10%","51.90%","55.52%"
"25","43","883","УИК №883","379","17.53%","594","27.47%","816","38.27%","978","46.53%","48.19%","49.90%","55.28%","59.94%"
"25","43","884","УИК №884","187","10.33%","548","30.26%","678","37.40%","833","45.84%","46.06%","47.28%","51.62%","53.38%"
"25","43","885","УИК №885","205","11.95%","408","23.78%","467","27.21%","651","37.94%","38.05%","39.69%","43.65%","48.19%"
"25","43","886","УИК №886","201","10.26%","537","27.45%","672","34.36%","822","42.02%","42.74%","43.71%","49.39%","53.43%"
"25","43","887","УИК №887","195","8.21%","580","24.43%","685","28.85%","950","40.02%","40.56%","41.36%","46.34%","49.37%"
"25","43","888","УИК №888","124","7.69%","449","27.85%","515","31.95%","775","48.08%","48.33%","49.59%","53.20%","54.03%"
"25","43","889","УИК №889","209","12.92%","425","26.27%","577","35.66%","803","49.63%","50.49%","51.48%","54.82%","59.83%"
"25","43","890","УИК №890","211","12.94%","425","26.14%","554","34.07%","659","40.53%","42.07%","43.46%","49.56%","53.74%"
"25","43","891","УИК №891","542","20.39%","1046","39.35%","1060","39.88%","1100","41.38%","41.50%","41.57%","44.92%","49.96%"
"25","43","892","УИК №892","106","8.60%","250","20.28%","353","28.65%","533","43.26%","43.51%","45.37%","52.76%","57.79%"
"25","43","2372","УИК №2372","","","","","","","","","","","",""
"25","43","2373","УИК №2373","","","","","","","","","","","",""
"25","43","2374","УИК №2374","","","","","","","","","","","",""
"25","43","2525","УИК №2525","320","91.95%","564","94.16%","1154","99.23%","1248","99.28%","99.41%","99.47%","99.53%","99.53%"
"25","43","2526","УИК №2526","270","86.54%","518","98.85%","1117","99.47%","1202","99.50%","99.59%","99.64%","99.68%","99.79%"
"25","59","2002","УИК №2002","212","12.53%","354","20.96%","518","30.80%","670","40.10%","40.10%","42.85%","50.63%","58.08%"
