uik_id,uik_name,district,address,coord
1,УИК №1,Адмиралтейский,"190068, наб. Крюкова кан., д. 15","[59.922152,30.297066]"
2,УИК №2,Адмиралтейский,"190068, Лермонтовский пр., д. 21","[59.919364,30.295045]"
3,УИК №3,Адмиралтейский,"190121, Канонерская ул., д. 33","[59.918945,30.286278]"
4,УИК №4,Адмиралтейский,"190121, Садовая ул., д. 108–110","[59.917439,30.287634]"
5,УИК №5,Адмиралтейский,"190068, Лермонтовский пр., д. 21","[59.919364,30.295045]"
6,УИК №6,Адмиралтейский,"190121, Канонерская ул., д. 33","[59.918945,30.286278]"
7,УИК №7,Адмиралтейский,"190121, Лоцманская ул., д. 10","[59.918683,30.276729]"
8,УИК №8,Адмиралтейский,"190068, наб. Крюкова кан., д. 15","[59.922152,30.297066]"
9,УИК №9,Адмиралтейский,"190121, наб. Крюкова кан., д. 3","[59.926846,30.293725]"
10,УИК №10,Адмиралтейский,"190121, наб. Крюкова кан., д. 3","[59.926846,30.293725]"
11,УИК №11,Адмиралтейский,"190121, наб. р. Пряжки, д. 4–6","[59.926251,30.280609]"
12,УИК №12,Адмиралтейский,"190121, Витебская ул., д. 7","[59.92148,30.281067]"
14,УИК №14,Адмиралтейский,"190121, ул. Союза Печатников, д. 26","[59.922278,30.286412]"
15,УИК №15,Адмиралтейский,"190068, пер. Бойцова, д. 3","[59.922147,30.30976]"
16,УИК №16,Адмиралтейский,"190068, Садовая ул., д. 52","[59.923004,30.310478]"
17,УИК №17,Адмиралтейский,"190031, пер. Гривцова, д. 18","[59.928505,30.315976]"
18,УИК №18,Адмиралтейский,"190031, пер. Гривцова, д. 18","[59.928505,30.315976]"
19,УИК №19,Адмиралтейский,"190068, пр. Вознесенский, д. 38/4","[59.923992,30.308421]"
20,УИК №20,Адмиралтейский,"190000, Казанская ул., д. 27","[59.930187,30.315383]"
21,УИК №21,Адмиралтейский,"190031, Казанская ул., д. 48","[59.92832,30.310361]"
22,УИК №22,Адмиралтейский,"190031, Гражданская ул., д. 26","[59.927026,30.309436]"
23,УИК №23,Адмиралтейский,"190068, наб. кан. Грибоедова, д. 123","[59.92304,30.303444]"
24,УИК №24,Адмиралтейский,"190068, наб. кан. Грибоедова, д. 88–90","[59.926634,30.304235]"
25,УИК №25,Адмиралтейский,"190068, наб. кан. Грибоедова, д. 88–90","[59.926634,30.304235]"
26,УИК №26,Адмиралтейский,"190000, Большая Морская ул., д. 58","[59.930967,30.302645]"
27,УИК №27,Адмиралтейский,"190000, Фонарный переулок, д. 4, лит. А","[59.92961,30.304846]"
28,УИК №28,Адмиралтейский,"190000, Фонарный переулок, д. 4, лит. А","[59.92961,30.304846]"
29,УИК №29,Адмиралтейский,"190031, Большая Морская ул., д. 33, лит. А","[59.933438,30.310873]"
30,УИК №30,Адмиралтейский,"190000, наб. Адмиралтейского кан., д. 11–13","[59.93094,30.289467]"
31,УИК №31,Адмиралтейский,"190098, Адмиралтейская наб., д. 4","[59.938937,30.309104]"
32,УИК №32,Адмиралтейский,"190000, Большая Морская ул., д. 58","[59.930967,30.302645]"
33,УИК №33,Адмиралтейский,"191180, Бородинская ул., д. 11","[59.924763,30.332478]"
34,УИК №34,Адмиралтейский,"191180, Бородинская ул., д. 11","[59.924763,30.332478]"
35,УИК №35,Адмиралтейский,"190013, Можайская ул., д. 1","[59.918435,30.324591]"
36,УИК №36,Адмиралтейский,"190013, Верейская ул., д. 20","[59.916189,30.325974]"
37,УИК №37,Адмиралтейский,"190013, Верейская ул., д. 20","[59.916189,30.325974]"
38,УИК №38,Адмиралтейский,"190013, Серпуховская ул., д. 39, лит. А","[59.912138,30.326127]"
39,УИК №39,Адмиралтейский,"190013, Серпуховская ул., д. 39, лит. А","[59.912138,30.326127]"
40,УИК №40,Адмиралтейский,"190013, Малодетскосельский пр., 17–9/34","[59.91305,30.32477]"
41,УИК №41,Адмиралтейский,"190013, Московский пр., д. 24–26/49","[59.919288,30.318401]"
42,УИК №42,Адмиралтейский,"190013, Малодетскосельский пр., д. 23","[59.912445,30.322713]"
43,УИК №43,Адмиралтейский,"190005, Советский пер., д. 4","[59.914917,30.31029]"
44,УИК №44,Адмиралтейский,"190005, наб. р. Фонтанки, д. 134 б, лит. А","[59.91673,30.298872]"
45,УИК №45,Адмиралтейский,"190103, 8-я Красноармейская ул., д. 3","[59.914637,30.305232]"
46,УИК №46,Адмиралтейский,"190103, 10-я Красноармейская ул., д. 5 а","[59.913483,30.302124]"
47,УИК №47,Адмиралтейский,"190005, 2-я Красноармейская ул., д. 4","[59.915188,30.316892]"
48,УИК №48,Адмиралтейский,"190005, 5-я Красноармейская ул., д. 23, лит. А","[59.91342,30.309418]"
49,УИК №49,Адмиралтейский,"190005, ул. Егорова, д. 24","[59.910866,30.314826]"
50,УИК №50,Адмиралтейский,"190005, наб. Обводного кан., д. 143","[59.909242,30.313631]"
51,УИК №51,Адмиралтейский,"190005, 12-я Красноармейская ул., д. 2/23","[59.911417,30.306597]"
52,УИК №52,Адмиралтейский,"190005, Московский пр., д. 79","[59.900863,30.316973]"
88,УИК №88,Адмиралтейский,"196084, Московский пр., д. 73, лит. А, корп. 5","[59.905006,30.317943]"
89,УИК №89,Адмиралтейский,"196084, Парфеновская ул., д. 11, корп. 1, строение 1, пом. 18-Н","[59.899094,30.311493]"
90,УИК №90,Адмиралтейский,"198095, Альбуминная ул., д. 10","[59.900638,30.303292]"
53,УИК №53,Адмиралтейский,"190103, Дровяная ул., д. 7 а","[59.910862,30.292081]"
54,УИК №54,Адмиралтейский,"190103, ул. Циолковского, д. 8","[59.912454,30.286331]"
55,УИК №55,Адмиралтейский,"190103, ул. Циолковского, д. 8","[59.912454,30.286331]"
56,УИК №56,Адмиралтейский,"190020, Курляндская ул., д. 39","[59.911719,30.272363]"
57,УИК №57,Адмиралтейский,"190103, Дровяная ул., д. 7 а","[59.910862,30.292081]"
59,УИК №59,Адмиралтейский,"190020, Нарвский пр., д. 6","[59.905389,30.275076]"
60,УИК №60,Адмиралтейский,"190020, Старо- Петергофский пр., д. 33","[59.904559,30.276225]"
61,УИК №61,Адмиралтейский,"190020, Бумажная ул., д. 5","[59.904469,30.270809]"
104,УИК №104,Василеостровский,"Кадетская линия, В. О., дом 3, лит. А","[59.942507,30.290257]"
105,УИК №105,Василеостровский,"Кадетская линия, В. О., дом 3, лит. А","[59.942507,30.290257]"
106,УИК №106,Василеостровский,"3-я линия, В. О., дом 10Б","[59.941651,30.28555]"
107,УИК №107,Василеостровский,"5-я линия, В. О., дом 16/17","[59.940371,30.28475]"
108,УИК №108,Василеостровский,"5-я линия, В. О., дом 16/17","[59.940371,30.28475]"
109,УИК №109,Василеостровский,"9-я линия, В. О., дом 6","[59.936841,30.282029]"
110,УИК №110,Василеостровский,"9-я линия, В. О., дом 6","[59.936841,30.282029]"
111,УИК №111,Василеостровский,"Лейтенанта Шмидта набережная, дом 15/1","[59.935543,30.281508]"
112,УИК №112,Василеостровский,"13-я линия, В. О., дом 28А","[59.939302,30.27247]"
113,УИК №113,Василеостровский,"13-я линия, В. О., дом 28А","[59.939302,30.27247]"
114,УИК №114,Василеостровский,"Лейтенанта Шмидта набережная, дом 15/1","[59.935543,30.281508]"
115,УИК №115,Василеостровский,"Большой проспект, В. О., дом 65","[59.934979,30.266569]"
116,УИК №116,Василеостровский,"Большой проспект, В. О., дом 65","[59.934979,30.266569]"
117,УИК №117,Василеостровский,"Большой проспект, В. О., дом 65","[59.934979,30.266569]"
118,УИК №118,Василеостровский,"Большой проспект, В. О., дом 88","[59.929551,30.251252]"
125,УИК №125,Василеостровский,"Большой проспект, В. О., дом 85А","[59.930205,30.250632]"
119,УИК №119,Василеостровский,"2-я линия, В. О., дом 43, литера В","[59.945792,30.282738]"
120,УИК №120,Василеостровский,"2-я линия, В. О., дом 43, литера В","[59.945792,30.282738]"
121,УИК №121,Василеостровский,"Средний проспект, В. О., дом 20","[59.943891,30.282091]"
122,УИК №122,Василеостровский,"7-я линия, В. О., дом 66","[59.945243,30.275085]"
123,УИК №123,Василеостровский,"Средний проспект, В. О., дом 31/52","[59.943151,30.277851]"
124,УИК №124,Василеостровский,"Средний проспект, В. О., дом 31/52","[59.943151,30.277851]"
126,УИК №126,Василеостровский,"Малый проспект, В. О., дом 34","[59.944846,30.267494]"
127,УИК №127,Василеостровский,"17-я линия, В. О., дом 34","[59.94001,30.264745]"
128,УИК №128,Василеостровский,"16-я линия, В. О., дом 55","[59.941696,30.26399]"
129,УИК №129,Василеостровский,"Малый проспект, В. О., дом 34","[59.944846,30.267494]"
130,УИК №130,Василеостровский,"Малый проспект, В. О., дом 34","[59.944846,30.267494]"
131,УИК №131,Василеостровский,"Нахимова улица, дом 8, корпус 3","[59.942737,30.23555]"
132,УИК №132,Василеостровский,"Канареечная улица, дом 11","[59.931923,30.247587]"
133,УИК №133,Василеостровский,"Гаванская улица, дом 3","[59.928302,30.242619]"
134,УИК №134,Василеостровский,"Шевченко улица, дом 3, лит. А","[59.92993,30.247327]"
135,УИК №135,Василеостровский,"Опочинина улица, дом 10","[59.931824,30.237939]"
180,УИК №180,Василеостровский,"Малый проспект, В. О., дом 66","[59.939045,30.248432]"
141,УИК №141,Василеостровский,"Гаванская улица , дом 47","[59.938085,30.238981]"
142,УИК №142,Василеостровский,"Малый просп. В. О., дом 66","[59.939045,30.248432]"
144,УИК №144,Василеостровский,"Нахимова улица, дом 1","[59.944229,30.235496]"
145,УИК №145,Василеостровский,"Морская набережная, дом 15, корпус 2","[59.941466,30.211726]"
181,УИК №181,Василеостровский,"Нахимова улица, дом 3, корпус 2","[59.943557,30.225929]"
191,УИК №191,Василеостровский,"Миклухо-Маклая набережная, дом 3, корпус 2","[59.932229,30.196383]"
136,УИК №136,Василеостровский,"Опочинина улица, дом 10","[59.931824,30.237939]"
137,УИК №137,Василеостровский,"Опочинина улица, дом 35","[59.93658,30.236538]"
138,УИК №138,Василеостровский,"Гаванская улица, дом 29","[59.933086,30.239942]"
139,УИК №139,Василеостровский,"Остоумова улица , дом 19 В","[59.937062,30.242089]"
140,УИК №140,Василеостровский,"Остоумова улица , дом 19 В","[59.937062,30.242089]"
143,УИК №143,Василеостровский,"Опочинина улица , дом 35","[59.93658,30.236538]"
146,УИК №146,Василеостровский,"Беринга улица, дом 38","[59.946459,30.233493]"
147,УИК №147,Василеостровский,"Нахимова улица, дом 1","[59.944229,30.235496]"
148,УИК №148,Василеостровский,"Кораблестроителей улица, дом 21, корпус 3","[59.944625,30.221329]"
149,УИК №149,Василеостровский,"Наличная улица, дом 32, корпус 2","[59.944075,30.224878]"
150,УИК №150,Василеостровский,"Кораблестроителей улица, дом 21, корпус 3","[59.944625,30.221329]"
151,УИК №151,Василеостровский,"Наличная улица, дом 32, корпус 2","[59.944075,30.224878]"
153,УИК №153,Василеостровский,"Кораблестроителей улица, дом 21, корпус 3","[59.944625,30.221329]"
152,УИК №152,Василеостровский,"Наличная улица, дом 32, корпус 2","[59.944075,30.224878]"
154,УИК №154,Василеостровский,"Морская набережная, дом 17","[59.944337,30.207019]"
155,УИК №155,Василеостровский,"Морская набережная, дом 15","[59.939978,30.212436]"
156,УИК №156,Василеостровский,"Кораблестроителей улица, дом 18","[59.942277,30.209741]"
157,УИК №157,Василеостровский,"Морская набережная, дом 17","[59.944337,30.207019]"
183,УИК №183,Василеостровский,"Морская набережная, дом 15, корпус 2","[59.941466,30.211726]"
189,УИК №189,Василеостровский,"Морская набережная, дом 15, корпус 2","[59.941466,30.211726]"
159,УИК №159,Василеостровский,"Наличная улица, дом 44, корпус 4","[59.952633,30.228219]"
160,УИК №160,Василеостровский,"Наличная улица, дом 44, корпус 4","[59.952633,30.228219]"
161,УИК №161,Василеостровский,"Наличная улица, дом 44, корпус 4","[59.952633,30.228219]"
162,УИК №162,Василеостровский,"Наличная улица, дом 44, корпус 5","[59.953245,30.2253]"
163,УИК №163,Василеостровский,"Наличная улица, дом 44, корпус 5","[59.953245,30.2253]"
164,УИК №164,Василеостровский,"Наличная улица, дом 44, корпус 5","[59.953245,30.2253]"
165,УИК №165,Василеостровский,"Кораблестроителей улица, дом 37, корпус 5","[59.953209,30.228669]"
166,УИК №166,Василеостровский,"Кораблестроителей улица, дом 37, корпус 5","[59.953209,30.228669]"
167,УИК №167,Василеостровский,"Кораблестроителей улица, дом 38, корпус 2","[59.957345,30.21841]"
168,УИК №168,Василеостровский,"Кораблестроителей улица, дом 38, корпус 2","[59.957345,30.21841]"
169,УИК №169,Василеостровский,"Кораблестроителей улица, дом 38, корпус 2","[59.957345,30.21841]"
170,УИК №170,Василеостровский,"Кораблестроителей улица, дом 38, корпус 2","[59.957345,30.21841]"
158,УИК №158,Василеостровский,"Наличная улица, дом 46, корпус 1","[59.953047,30.232873]"
171,УИК №171,Василеостровский,"Кораблестроителей улица, дом 38, корпус 2","[59.957345,30.21841]"
172,УИК №172,Василеостровский,"Кораблестроителей улица, дом 42, корпус 2","[59.958818,30.227689]"
173,УИК №173,Василеостровский,"Кораблестроителей улица, дом 42, корпус 2","[59.958818,30.227689]"
174,УИК №174,Василеостровский,"Кораблестроителей улица, дом 42, корпус 2","[59.958818,30.227689]"
175,УИК №175,Василеостровский,"КИМа проспект, дом 11 Б","[59.953457,30.246913]"
176,УИК №176,Василеостровский,"Каховского переулок, дом 7","[59.952168,30.239089]"
177,УИК №177,Василеостровский,"Каховского переулок , дом 2 Б","[59.951677,30.242943]"
178,УИК №178,Василеостровский,"Каховского переулок , дом 2 Б","[59.951677,30.242943]"
179,УИК №179,Василеостровский,"Уральская ул., д. 23, стр. 1, пом. 85-Н","[59.956277,30.250516]"
182,УИК №182,Василеостровский,"Набережная реки Смоленки, дом 3, корпус 1","[59.949474,30.264044]"
184,УИК №184,Василеостровский,"КИМа проспект, дом 11 Б","[59.953457,30.246913]"
199,УИК №199,Выборгский,"Руднева ул., дом № 23, лит. А","[60.049312,30.372462]"
200,УИК №200,Выборгский,"Руднева ул., дом № 23, лит. А","[60.049312,30.372462]"
201,УИК №201,Выборгский,"Сиреневый бул., дом № 18 корпус 2, лит. А","[60.052991,30.364835]"
202,УИК №202,Выборгский,"Сиреневый бул., дом № 18 корпус 2, лит. А","[60.052991,30.364835]"
203,УИК №203,Выборгский,"Сиреневый бул., дом № 8 корпус 2, лит. А","[60.054446,30.355071]"
204,УИК №204,Выборгский,"Сиреневый бул., дом № 18 корпус 2, лит. А","[60.052991,30.364835]"
205,УИК №205,Выборгский,"Кустодиева ул., дом № 18 корпус 2, лит. А","[60.049163,30.3602]"
206,УИК №206,Выборгский,"Кустодиева ул., дом № 18 корпус 2, лит. А","[60.049163,30.3602]"
207,УИК №207,Выборгский,"Кустодиева ул., дом № 18 корпус 2, лит. А","[60.049163,30.3602]"
208,УИК №208,Выборгский,"Сиреневый бул., дом № 18 корпус 2, лит. А","[60.052991,30.364835]"
209,УИК №209,Выборгский,"Руднева ул., дом № 23, лит. А","[60.049312,30.372462]"
210,УИК №210,Выборгский,"Руднева ул., дом № 23, лит. А","[60.049312,30.372462]"
211,УИК №211,Выборгский,"Руднева ул., дом № 5 корпус 3, лит. А","[60.040559,30.365087]"
212,УИК №212,Выборгский,"Художников пр., дом № 29 корпус 3, лит. А","[60.044415,30.354406]"
213,УИК №213,Выборгский,"Художников пр., дом № 29 корпус 3, лит. А","[60.044415,30.354406]"
214,УИК №214,Выборгский,"Художников пр., дом № 29 корпус 3, лит. А","[60.044415,30.354406]"
215,УИК №215,Выборгский,"Поэтический бул., дом № 15, корпус 2, лит. А","[60.04038,30.354388]"
216,УИК №216,Выборгский,"Поэтический бул., дом № 15, корпус 2, лит. А","[60.04038,30.354388]"
217,УИК №217,Выборгский,"Поэтический бул., дом № 15, корпус 2, лит. А","[60.04038,30.354388]"
218,УИК №218,Выборгский,"Руднева ул., дом № 5 корпус 3, лит. А","[60.040559,30.365087]"
219,УИК №219,Выборгский,"Руднева ул., дом № 5 корпус 3, лит. А","[60.040559,30.365087]"
220,УИК №220,Выборгский,"Руднева ул., дом № 5 корпус 3, лит. А","[60.040559,30.365087]"
249,УИК №249,Выборгский,"Поэтический бул., дом № 22 строение 1","[60.042051,30.360784]"
221,УИК №221,Выборгский,"Есенина ул., дом № 34 корпус 2, лит. А","[60.053867,30.341515]"
222,УИК №222,Выборгский,"Есенина ул., дом № 36 корпус 2, лит. А","[60.055079,30.34218]"
223,УИК №223,Выборгский,"Есенина ул., дом № 34 корпус 2, лит. А","[60.053867,30.341515]"
224,УИК №224,Выборгский,"Есенина ул., дом № 34 корпус 2, лит. А","[60.053867,30.341515]"
225,УИК №225,Выборгский,"Есенина ул., дом № 34 корпус 2, лит. А","[60.053867,30.341515]"
226,УИК №226,Выборгский,"Есенина ул., дом № 36 корпус 2, лит. А","[60.055079,30.34218]"
227,УИК №227,Выборгский,"Сиреневый бул., дом № 8 корпус 2, лит. А","[60.054446,30.355071]"
228,УИК №228,Выборгский,"Сиреневый бул., дом № 8 корпус 2, лит. А","[60.054446,30.355071]"
229,УИК №229,Выборгский,"Просвещения пр., дом № 46, корпус 4, лит. А","[60.051297,30.351298]"
230,УИК №230,Выборгский,"Просвещения пр., дом № 46, корпус 4, лит. А","[60.051297,30.351298]"
231,УИК №231,Выборгский,"Просвещения пр., дом № 46, корпус 4, лит. А","[60.051297,30.351298]"
232,УИК №232,Выборгский,"Художников пр., дом № 24 корпус 2, лит. А","[60.046684,30.349465]"
233,УИК №233,Выборгский,"Художников пр., дом № 24 корпус 2, лит. А","[60.046684,30.349465]"
234,УИК №234,Выборгский,"Художников пр., дом № 24 корпус 2, лит. А","[60.046684,30.349465]"
235,УИК №235,Выборгский,"Поэтический бул., дом № 3 корпус 2, лит. А","[60.04357,30.341335]"
236,УИК №236,Выборгский,"Поэтический бул., дом № 3 корпус 2, лит. А","[60.04357,30.341335]"
237,УИК №237,Выборгский,"Поэтический бул., дом № 5 корпус 3, лит. А","[60.042941,30.343833]"
238,УИК №238,Выборгский,"Поэтический бул., дом № 5 корпус 3, лит. А","[60.042941,30.343833]"
239,УИК №239,Выборгский,"Поэтический бул., дом № 5 корпус 3, лит. А","[60.042941,30.343833]"
240,УИК №240,Выборгский,"Есенина ул., дом № 24, лит. А","[60.04751,30.336754]"
241,УИК №241,Выборгский,"Есенина ул., дом № 24, лит. А","[60.04751,30.336754]"
242,УИК №242,Выборгский,"Есенина ул., дом № 24, лит. А","[60.04751,30.336754]"
243,УИК №243,Выборгский,"Есенина ул., дом № 22 корпус 3, лит. А","[60.046549,30.33511]"
244,УИК №244,Выборгский,"Есенина ул., дом № 22 корпус 3, лит. А","[60.046549,30.33511]"
252,УИК №252,Выборгский,"Выборгское ш., дом № 7 корпус 2, лит. А","[60.042577,30.32133]"
253,УИК №253,Выборгский,"Выборгское ш., дом № 7 корпус 2, лит. А","[60.042577,30.32133]"
254,УИК №254,Выборгский,"Выборгское ш., дом № 7 корпус 2, лит. А","[60.042577,30.32133]"
255,УИК №255,Выборгский,"Асафьева ул., дом № 7 корпус 2, лит. А","[60.046854,30.325264]"
256,УИК №256,Выборгский,"Асафьева ул., дом № 7 корпус 2, лит. А","[60.046854,30.325264]"
257,УИК №257,Выборгский,"Асафьева ул., дом № 7 корпус 2, лит. А","[60.046854,30.325264]"
258,УИК №258,Выборгский,"Асафьева ул., дом № 6, корпус 1, лит. А","[60.049617,30.324725]"
259,УИК №259,Выборгский,"Асафьева ул., дом № 6, корпус 1, лит. А","[60.049617,30.324725]"
260,УИК №260,Выборгский,"Асафьева ул., дом № 7 корпус 2, лит. А","[60.046854,30.325264]"
261,УИК №261,Выборгский,"Асафьева ул., дом № 7 корпус 2, лит. А","[60.046854,30.325264]"
262,УИК №262,Выборгский,"Асафьева ул., дом № 6, корпус 1, лит. А","[60.049617,30.324725]"
263,УИК №263,Выборгский,"Асафьева ул., дом № 6, корпус 1, лит. А","[60.049617,30.324725]"
264,УИК №264,Выборгский,"Композиторов ул., дом № 11, корпус 2, лит. А","[60.053799,30.318842]"
265,УИК №265,Выборгский,"Композиторов ул., дом № 11, корпус 2, лит. А","[60.053799,30.318842]"
266,УИК №266,Выборгский,"Композиторов ул., дом № 11, корпус 2, лит. А","[60.053799,30.318842]"
267,УИК №267,Выборгский,"Композиторов ул., дом № 11, корпус 2, лит. А","[60.053799,30.318842]"
268,УИК №268,Выборгский,"Композиторов ул., дом № 11, корпус 2, лит. А","[60.053799,30.318842]"
269,УИК №269,Выборгский,"Просвещения пр., дом № 32, корпус 4, лит. А","[60.056072,30.3299]"
270,УИК №270,Выборгский,"Просвещения пр., дом № 32, корпус 4, лит. А","[60.056072,30.3299]"
271,УИК №271,Выборгский,"Шостаковича ул., дом № 3, корпус 2, лит. А","[60.056903,30.329397]"
272,УИК №272,Выборгский,"Шостаковича ул., дом № 3, корпус 2, лит. А","[60.056903,30.329397]"
273,УИК №273,Выборгский,"Просвещения пр., дом № 32, корпус 4, лит. А","[60.056072,30.3299]"
274,УИК №274,Выборгский,"Симонова ул., дом № 8, корпус 1, лит. А","[60.059108,30.3231]"
275,УИК №275,Выборгский,"Симонова ул., дом № 8, корпус 1, лит. А","[60.059108,30.3231]"
276,УИК №276,Выборгский,"Симонова ул., дом № 8, корпус 1, лит. А","[60.059108,30.3231]"
277,УИК №277,Выборгский,"Симонова ул., дом № 8, корпус 1, лит. А","[60.059108,30.3231]"
278,УИК №278,Выборгский,"Симонова ул., дом № 8, корпус 1, лит. А","[60.059108,30.3231]"
279,УИК №279,Выборгский,"Композиторов ул., дом № 22, корпус 2, лит. А","[60.06006,30.314592]"
280,УИК №280,Выборгский,"Композиторов ул., дом № 22, корпус 2, лит. А","[60.06006,30.314592]"
281,УИК №281,Выборгский,"Композиторов ул., дом № 22, корпус 2, лит. А","[60.06006,30.314592]"
282,УИК №282,Выборгский,"Композиторов ул., дом № 22, корпус 2, лит. А","[60.06006,30.314592]"
283,УИК №283,Выборгский,"Композиторов ул., дом № 22, корпус 2, лит. А","[60.06006,30.314592]"
284,УИК №284,Выборгский,"Жени Егоровой ул., дом № 10, корпус 2, лит. А","[60.06465,30.309257]"
285,УИК №285,Выборгский,"Жени Егоровой ул., дом № 10, корпус 2, лит. А","[60.06465,30.309257]"
286,УИК №286,Выборгский,"Жени Егоровой ул., дом № 10, корпус 2, лит. А","[60.06465,30.309257]"
287,УИК №287,Выборгский,"Жени Егоровой ул., дом № 10, корпус 2, лит. А","[60.06465,30.309257]"
288,УИК №288,Выборгский,"Поклонногорская ул., дом № 17/2, лит. А","[60.026986,30.311556]"
289,УИК №289,Выборгский,"пос. Левашово, Первомайская ул., дом № 37, лит. А","[60.101997,30.195754]"
290,УИК №290,Выборгский,"пос. Левашово, Первомайская ул., дом № 37, лит. А","[60.101997,30.195754]"
291,УИК №291,Выборгский,"пос. Парголово, Архитектора Белова ул., дом № 5, корпус 2, cтроение 1","[60.070374,30.31435]"
292,УИК №292,Выборгский,"Выборгское ш., дом № 369, корпус 3, лит. А","[60.076906,30.276648]"
293,УИК №293,Выборгский,"пос. Парголово, Тихоокеанская ул., дом № 10, корпус 2","[60.070083,30.239188]"
294,УИК №294,Выборгский,"пос. Парголово, Тихоокеанская ул., дом № 10, корпус 2","[60.070083,30.239188]"
295,УИК №295,Выборгский,"пос. Парголово, Шишкина ул., дом № 30","[60.088476,30.270548]"
296,УИК №296,Выборгский,"пос. Парголово, Осиновая Роща, Школьный пер., дом № 1, лит. А","[60.109572,30.246356]"
297,УИК №297,Выборгский,"пос. Парголово, Осиновая Роща, Юкковское ш., дом № 6, корпус 1, лит. А","[60.109226,30.265904]"
298,УИК №298,Выборгский,"пос. Парголово, Осиновая Роща, Юкковское ш., дом № 6, корпус 1, лит. А","[60.109226,30.265904]"
299,УИК №299,Выборгский,"пос. Парголово, Осиновая Роща, Юкковское ш., дом № 6, корпус 1, лит. А","[60.109226,30.265904]"
300,УИК №300,Выборгский,"пос. Парголово, Осиновая Роща, Юкковское ш., дом № 6, корпус 2, лит. А","[60.107908,30.264565]"
301,УИК №301,Выборгский,"пос. Парголово, Осиновая Роща, Юкковское ш., дом № 6, корпус 2, лит. А","[60.107908,30.264565]"
302,УИК №302,Выборгский,"Федора Абрамова ул., дом № 6, строение 2","[60.072592,30.334814]"
303,УИК №303,Выборгский,"Федора Абрамова ул., дом № 6, строение 2","[60.072592,30.334814]"
304,УИК №304,Выборгский,"Федора Абрамова ул., дом № 20, корпус 2","[60.080371,30.338003]"
305,УИК №305,Выборгский,"Федора Абрамова ул., дом № 6, лит. А","[60.071353,30.333942]"
306,УИК №306,Выборгский,"Федора Абрамова ул., дом № 6, лит. А","[60.071353,30.333942]"
307,УИК №307,Выборгский,"Федора Абрамова ул., дом № 6, лит. А","[60.071353,30.333942]"
308,УИК №308,Выборгский,"Федора Абрамова ул., дом № 6, лит. А","[60.071353,30.333942]"
309,УИК №309,Выборгский,"пос. Парголово, Тихоокеанская ул., дом № 10, корпус 2","[60.070083,30.239188]"
310,УИК №310,Выборгский,"Федора Абрамова ул., дом № 6, строение 2","[60.072592,30.334814]"
311,УИК №311,Выборгский,"Федора Абрамова ул., дом № 16, корпус 3","[60.078706,30.33997]"
312,УИК №312,Выборгский,"Толубеевский пр-д, дом № 22, строение 1","[60.079478,30.350139]"
313,УИК №313,Выборгский,"Федора Абрамова ул., дом № 20, корпус 2","[60.080371,30.338003]"
314,УИК №314,Выборгский,"Толубеевский пр-д, дом № 22, строение 1","[60.079478,30.350139]"
315,УИК №315,Выборгский,"Федора Абрамова ул., дом № 16, корпус 3","[60.078706,30.33997]"
316,УИК №316,Выборгский,"Толубеевский пр-д, дом № 22, строение 1","[60.079478,30.350139]"
317,УИК №317,Выборгский,"Толубеевский пр-д, дом № 22, строение 1","[60.079478,30.350139]"
318,УИК №318,Выборгский,"пос. Парголово, Шишкина ул., дом № 303, корпус 2","[60.085972,30.352214]"
319,УИК №319,Выборгский,"пос. Парголово, Архитектора Белова ул., дом № 5, корпус 2, строение 1","[60.070374,30.31435]"
320,УИК №320,Выборгский,"пос. Парголово, Шишкина ул., дом № 303, корпус 2","[60.085972,30.352214]"
321,УИК №321,Выборгский,"пос. Парголово, Шишкина ул., дом № 303, корпус 2","[60.085972,30.352214]"
330,УИК №330,Выборгский,"Комиссара Смирнова ул., дом № 17, лит. А","[59.962197,30.345647]"
331,УИК №331,Выборгский,"Выборгская ул., дом № 3, лит. А","[59.964696,30.345701]"
332,УИК №332,Выборгский,"Выборгская ул., дом № 3, лит. А","[59.964696,30.345701]"
333,УИК №333,Выборгский,"Смолячкова ул., дом № 13","[59.970722,30.343321]"
334,УИК №334,Выборгский,"Тобольская ул., дом № 12а","[59.972942,30.343662]"
335,УИК №335,Выборгский,"Большой Сампсониевский пр., дом № 67, корпус 2","[59.981006,30.338371]"
336,УИК №336,Выборгский,"Александра Матросова ул., дом № 11, лит. А","[59.98318,30.348719]"
337,УИК №337,Выборгский,"Александра Матросова ул., дом № 11, лит. А","[59.98318,30.348719]"
338,УИК №338,Выборгский,"Харченко ул., дом № 27, лит. А","[59.98701,30.349267]"
339,УИК №339,Выборгский,"Харченко ул., дом № 27, лит. А","[59.98701,30.349267]"
340,УИК №340,Выборгский,"Харченко ул., дом № 27, лит. А","[59.98701,30.349267]"
341,УИК №341,Выборгский,"Харченко ул., дом № 27, лит. А","[59.98701,30.349267]"
342,УИК №342,Выборгский,"Большой Сампсониевский пр., дом № 67, корпус 2","[59.981006,30.338371]"
343,УИК №343,Выборгский,"Нейшлотский пер., дом № 2 лит. А","[59.967191,30.343896]"
344,УИК №344,Выборгский,"Болотная ул., дом № 18, лит. А","[60.003165,30.353921]"
345,УИК №345,Выборгский,"Болотная ул., дом № 18, лит. А","[60.003165,30.353921]"
346,УИК №346,Выборгский,"Болотная ул., дом № 18, лит. А","[60.003165,30.353921]"
347,УИК №347,Выборгский,"Раевского пр., дом № 18, лит. А","[60.014171,30.361961]"
348,УИК №348,Выборгский,"Раевского пр., дом № 18, лит. А","[60.014171,30.361961]"
349,УИК №349,Выборгский,"Тореза пр., дом № 37 корпус 1, лит. А","[60.00899,30.352367]"
350,УИК №350,Выборгский,"Тореза пр., дом № 37 корпус 1, лит. А","[60.00899,30.352367]"
351,УИК №351,Выборгский,"Пархоменко пр., дом № 17, лит. А","[59.998967,30.339682]"
352,УИК №352,Выборгский,"Пархоменко пр., дом № 17, лит. А","[59.998967,30.339682]"
353,УИК №353,Выборгский,"Пархоменко пр., дом № 17, лит. А","[59.998967,30.339682]"
354,УИК №354,Выборгский,"Энгельса пр., дом № 23","[60.003565,30.329334]"
355,УИК №355,Выборгский,"Институтский пер., дом № 5","[59.994945,30.344677]"
356,УИК №356,Выборгский,"Пархоменко пр., дом № 24/9","[60.000155,30.340949]"
357,УИК №357,Выборгский,"2-й Муринский пр., дом № 43","[59.998787,30.354316]"
358,УИК №358,Выборгский,"Новороссийская ул., дом № 48","[59.995129,30.353301]"
УКИ №359,УКИ №359,Выборгский,"Энгельса пр., дом № 23","[60.003565,30.329334]"
360,УИК №360,Выборгский,"Орбели ул. дом № 24, лит. А","[60.005333,30.34059]"
361,УИК №361,Выборгский,"Светлановский пр., дом № 31, лит. А","[60.006894,30.346321]"
362,УИК №362,Выборгский,"Светлановский пр., дом № 31, лит. А","[60.006894,30.346321]"
363,УИК №363,Выборгский,"Орбели ул. дом № 24, лит. А","[60.005333,30.34059]"
364,УИК №364,Выборгский,"Дрезденская ул., дом 19, лит. А","[60.013632,30.334311]"
365,УИК №365,Выборгский,"Дрезденская ул., дом 19, лит. А","[60.013632,30.334311]"
366,УИК №366,Выборгский,"Гданьская ул., дом № 19 корпус 2","[60.015619,30.332774]"
367,УИК №367,Выборгский,"Дрезденская ул., дом 19, лит. А","[60.013632,30.334311]"
368,УИК №368,Выборгский,"Тореза пр., дом № 94, корпус 1, лит. А","[60.017553,30.334086]"
369,УИК №369,Выборгский,"Энгельса пр., дом № 42","[60.010555,30.323935]"
370,УИК №370,Выборгский,"Энгельса пр., дом № 42","[60.010555,30.323935]"
371,УИК №371,Выборгский,"Ярославский пр., дом № 20, лит. А","[60.0145,30.320144]"
372,УИК №372,Выборгский,"Костромской пр., дом № 46","[60.021231,30.315006]"
373,УИК №373,Выборгский,"Тореза пр., дом № 94, корпус 1, лит. А","[60.017553,30.334086]"
374,УИК №374,Выборгский,"Тореза пр., дом № 94, корпус 1, лит. А","[60.017553,30.334086]"
375,УИК №375,Выборгский,"Поклонногорская ул., дом № 17/2, лит. А","[60.026986,30.311556]"
376,УИК №376,Выборгский,"Лиственная ул., дом № 13","[60.027404,30.338021]"
378,УИК №378,Выборгский,"Сикейроса ул., дом № 17, корпус 1, лит. А","[60.034659,30.336134]"
379,УИК №379,Выборгский,"Сикейроса ул., дом № 19, корпус 1, лит. А","[60.034753,30.337769]"
380,УИК №380,Выборгский,"Сикейроса ул., дом № 17, корпус 1, лит. А","[60.034659,30.336134]"
381,УИК №381,Выборгский,"Художников пр., дом № 9 корпус 3, лит. А","[60.035342,30.349303]"
382,УИК №382,Выборгский,"Сикейроса ул., дом № 19, корпус 1, лит. А","[60.034753,30.337769]"
383,УИК №383,Выборгский,"Сикейроса ул., дом № 5, корпус 2, лит. А","[60.033472,30.325777]"
384,УИК №384,Выборгский,"Сикейроса ул., дом № 5, корпус 2, лит. А","[60.033472,30.325777]"
385,УИК №385,Выборгский,"Сантьяго-де-Куба ул., дом № 4, корпус 2, лит. А","[60.03442,30.350399]"
386,УИК №386,Выборгский,"Сантьяго-де-Куба ул., дом № 4, корпус 2, лит. А","[60.03442,30.350399]"
387,УИК №387,Выборгский,"Художников пр., дом № 9 корпус 3, лит. А","[60.035342,30.349303]"
388,УИК №388,Выборгский,"Художников пр., дом № 9 корпус 3, лит. А","[60.035342,30.349303]"
389,УИК №389,Выборгский,"Художников пр., дом № 9 корпус 3, лит. А","[60.035342,30.349303]"
390,УИК №390,Выборгский,"Сикейроса ул., дом № 5, корпус 2, лит. А","[60.033472,30.325777]"
391,УИК №391,Выборгский,"Сикейроса ул., дом № 5, корпус 2, лит. А","[60.033472,30.325777]"
392,УИК №392,Выборгский,"Энгельса пр., дом № 115, корпус 2, лит. А","[60.03927,30.32734]"
393,УИК №393,Выборгский,"Энгельса пр., дом № 115, корпус 2, лит. А","[60.03927,30.32734]"
394,УИК №394,Выборгский,"Сикейроса ул., дом № 17, корпус 1, лит. А","[60.034659,30.336134]"
395,УИК №395,Выборгский,"Энгельса пр., дом № 115, корпус 2, лит. А","[60.03927,30.32734]"
396,УИК №396,Выборгский,"Есенина ул., дом № 7","[60.03802,30.332208]"
397,УИК №397,Выборгский,"Энгельса пр., дом № 115, корпус 2, лит. А","[60.03927,30.32734]"
398,УИК №398,Выборгский,"Учебный пер., дом № 8, корпус 2, лит. А","[60.039238,30.338425]"
399,УИК №399,Выборгский,"Учебный пер., дом № 8, корпус 2, лит. А","[60.039238,30.338425]"
400,УИК №400,Выборгский,"Учебный пер., дом № 8, корпус 2, лит. А","[60.039238,30.338425]"
401,УИК №401,Выборгский,"Учебный пер., дом № 8, корпус 2, лит. А","[60.039238,30.338425]"
469,УИК №469,Калининский,"проспект Культуры, дом 27, корпус 3, литера А","[60.047169,30.384598]"
470,УИК №470,Калининский,"улица Демьяна Бедного, дом 22, корпус 5, литера А","[60.04485,30.384679]"
471,УИК №471,Калининский,"улица Демьяна Бедного, дом 22, корпус 5, литера А","[60.04485,30.384679]"
472,УИК №472,Калининский,"проспект Культуры, дом 27, корпус 3, литера А","[60.047169,30.384598]"
473,УИК №473,Калининский,"проспект Культуры, дом 27, корпус 3, литера А","[60.047169,30.384598]"
474,УИК №474,Калининский,"проспект Культуры, дом 27, корпус 3, литера А","[60.047169,30.384598]"
475,УИК №475,Калининский,"улица Демьяна Бедного, дом 22, корпус 5, литера А","[60.04485,30.384679]"
476,УИК №476,Калининский,"улица Демьяна Бедного, дом 12, корпус 2, литера А","[60.039162,30.380888]"
477,УИК №477,Калининский,"улица Демьяна Бедного, дом 6, корпус 2, литера А","[60.037131,30.379271]"
478,УИК №478,Калининский,"проспект Культуры, дом 11, корпус 4, литера А","[60.038784,30.373567]"
479,УИК №479,Калининский,"проспект Культуры, дом 11, корпус 4, литера А","[60.038784,30.373567]"
480,УИК №480,Калининский,"улица Демьяна Бедного, дом 12, корпус 2, литера А","[60.039162,30.380888]"
481,УИК №481,Калининский,"улица Демьяна Бедного, дом 6, корпус 2, литера А","[60.037131,30.379271]"
482,УИК №482,Калининский,"проспект Культуры, дом 11, корпус 4, литера А","[60.038784,30.373567]"
483,УИК №483,Калининский,"улица Демьяна Бедного, дом 12, корпус 2, литера А","[60.039162,30.380888]"
484,УИК №484,Калининский,"улица Брянцева, дом 24, литера А","[60.040753,30.406849]"
485,УИК №485,Калининский,"улица Брянцева, дом 24, литера А","[60.040753,30.406849]"
486,УИК №486,Калининский,"улица Брянцева, дом 24, литера А","[60.040753,30.406849]"
487,УИК №487,Калининский,"проспект Суздальский, дом 93, корпус 2, литера А","[60.045026,30.411278]"
488,УИК №488,Калининский,"проспект Суздальский, дом 93, корпус 2, литера А","[60.045026,30.411278]"
489,УИК №489,Калининский,"улица Ушинского, дом 16, литера А","[60.040375,30.411817]"
490,УИК №490,Калининский,"улица Тимуровская, дом 8, корпус 2, литера А","[60.047313,30.396824]"
491,УИК №491,Калининский,"улица Тимуровская, дом 8, корпус 2, литера А","[60.047313,30.396824]"
492,УИК №492,Калининский,"улица Тимуровская, дом 8, корпус 2, литера А","[60.047313,30.396824]"
493,УИК №493,Калининский,"улица Ольги Форш, дом 17, корпус 2, литера А","[60.043574,30.396106]"
494,УИК №494,Калининский,"улица Ольги Форш, дом 17, корпус 2, литера А","[60.043574,30.396106]"
495,УИК №495,Калининский,"улица Ольги Форш, дом 17, корпус 2, литера А","[60.043574,30.396106]"
496,УИК №496,Калининский,"улица Учительская, дом 9, корпус 3, литера А","[60.032964,30.38944]"
497,УИК №497,Калининский,"улица Учительская, дом 3, литера А","[60.035212,30.383924]"
498,УИК №498,Калининский,"улица Учительская, дом 1/5, литера А","[60.036025,30.38237]"
499,УИК №499,Калининский,"улица Ольги Форш, дом 9, строение 1","[60.038456,30.391425]"
500,УИК №500,Калининский,"улица Ольги Форш, дом 9, строение 1","[60.038456,30.391425]"
501,УИК №501,Калининский,"проспект Светлановский, дом 62, корпус 1, литера А","[60.038447,30.396761]"
502,УИК №502,Калининский,"улица Ушинского, дом 10, корпус 2, литера А","[60.034236,30.406733]"
503,УИК №503,Калининский,"улица Ушинского, дом 10, корпус 2, литера А","[60.034236,30.406733]"
504,УИК №504,Калининский,"улица Брянцева, дом 10, литера А","[60.03602,30.401747]"
505,УИК №505,Калининский,"улица Брянцева, дом 10, литера А","[60.03602,30.401747]"
506,УИК №506,Калининский,"улица Брянцева, дом 10, литера А","[60.03602,30.401747]"
512,УИК №512,Калининский,"набережная Арсенальная, дом 13/1, литера А","[59.953268,30.357487]"
513,УИК №513,Калининский,"набережная Арсенальная, дом 13/1, литера А","[59.953268,30.357487]"
514,УИК №514,Калининский,"Финский переулок, дом 7, литера А","[59.956512,30.353813]"
515,УИК №515,Калининский,"Кондратьевский проспект, дом 46","[59.97183,30.386745]"
516,УИК №516,Калининский,"улица Лабораторная, дом 15, литера А","[59.976607,30.383799]"
517,УИК №517,Калининский,"улица Замшина, дом 14, литера А","[59.97051,30.394659]"
518,УИК №518,Калининский,"улица Федосеенко, дом 28, литера А","[59.974563,30.394848]"
519,УИК №519,Калининский,"Кондратьевский проспект, дом 51, корпус 1, литера А","[59.973316,30.38962]"
520,УИК №520,Калининский,"улица Федосеенко, дом 28, литера А","[59.974563,30.394848]"
521,УИК №521,Калининский,"проспект Полюстровский, дом 33, корпус 3, литера А","[59.968425,30.40013]"
522,УИК №522,Калининский,"проспект Пискаревский, дом 14, литера А","[59.966638,30.407469]"
523,УИК №523,Калининский,"проспект Пискаревский, дом 14, литера А","[59.966638,30.407469]"
524,УИК №524,Калининский,"улица Антоновская, дом 16, литера А","[59.972321,30.408943]"
525,УИК №525,Калининский,"улица Замшина, дом 17, литера А","[59.974311,30.401882]"
526,УИК №526,Калининский,"улица Антоновская, дом 16, литера А","[59.972321,30.408943]"
527,УИК №527,Калининский,"улица Замшина, дом 58, корпус 2, литера А","[59.98079,30.401585]"
528,УИК №528,Калининский,"улица Герасимовская, дом 5, литера А","[59.981965,30.401504]"
529,УИК №529,Калининский,"улица Замшина, дом 58, корпус 2, литера А","[59.98079,30.401585]"
530,УИК №530,Калининский,"улица Замшина, дом 31, корпус 2, литера А","[59.980546,30.409302]"
531,УИК №531,Калининский,"улица Замшина, дом 31, корпус 2, литера А","[59.980546,30.409302]"
573,УИК №573,Калининский,"набережная Арсенальная, дом 13/1, литера А","[59.953268,30.357487]"
2283,УИК №2283,Калининский,"проспект Полюстровский, дом 61, литера А","[59.975486,30.375867]"
2284,УИК №2284,Калининский,"проспект Маршала Блюхера, дом 3, корпус 4, литера А","[59.982392,30.368689]"
549,УИК №549,Калининский,"улица Софьи Ковалевской, дом 13, корпус 6, литера А","[60.015493,30.420333]"
550,УИК №550,Калининский,"улица Карпинского, дом 38, корпус 8, литера А","[60.014765,30.424115]"
551,УИК №551,Калининский,"улица Карпинского, дом 38, корпус 8, литера А","[60.014765,30.424115]"
552,УИК №552,Калининский,"улица Карпинского, дом 38, корпус 8, литера А","[60.014765,30.424115]"
553,УИК №553,Калининский,"улица Софьи Ковалевской, дом 13, корпус 6, литера А","[60.015493,30.420333]"
554,УИК №554,Калининский,"проспект Науки, дом 30, корпус 3, литера А","[60.009584,30.418869]"
555,УИК №555,Калининский,"улица Верности, дом 28, корпус 4, литера А","[60.00594,30.416012]"
556,УИК №556,Калининский,"улица Верности, дом 28, корпус 4, литера А","[60.00594,30.416012]"
557,УИК №557,Калининский,"проспект Науки, дом 24, корпус 3, литера А","[60.010546,30.41497]"
558,УИК №558,Калининский,"проспект Науки, дом 30, корпус 3, литера А","[60.009584,30.418869]"
559,УИК №559,Калининский,"проспект Науки, дом 38","[60.007713,30.421034]"
560,УИК №560,Калининский,"проспект Гражданский, дом 31, корпус 5, литера А","[60.006597,30.396932]"
561,УИК №561,Калининский,"проспект Гражданский, дом 31, корпус 5, литера А","[60.006597,30.396932]"
562,УИК №562,Калининский,"улица Верности, дом 14, корпус 4, литера А","[60.007218,30.410991]"
563,УИК №563,Калининский,"улица Верности, дом 14, корпус 4, литера А","[60.007218,30.410991]"
564,УИК №564,Калининский,"проспект Науки, дом 24, корпус 3, литера А","[60.010546,30.41497]"
565,УИК №565,Калининский,"проспект Гражданский, дом 7, литера А","[59.998139,30.383933]"
566,УИК №566,Калининский,"улица Фаворского, дом 16, литера А","[60.001131,30.391407]"
567,УИК №567,Калининский,"улица Бутлерова, дом 22, литера А","[60.003826,30.39766]"
568,УИК №568,Калининский,"улица Бутлерова, дом 22, литера А","[60.003826,30.39766]"
569,УИК №569,Калининский,"улица Фаворского, дом 16, литера А","[60.001131,30.391407]"
570,УИК №570,Калининский,"проспект Гражданский, дом 31, корпус 5, литера А","[60.006597,30.396932]"
571,УИК №571,Калининский,"улица Бутлерова, дом 22, литера А","[60.003826,30.39766]"
414,УИК №414,Калининский,"проспект Непокоренных, дом 2, литера А","[59.998436,30.365707]"
415,УИК №415,Калининский,"проспект Науки, дом 13, корпус 4, литера А","[60.015017,30.376109]"
416,УИК №416,Калининский,"проспект Науки, дом 13, корпус 4, литера А","[60.015017,30.376109]"
417,УИК №417,Калининский,"проспект Науки, дом 13, корпус 4, литера А","[60.015017,30.376109]"
418,УИК №418,Калининский,"улица Вавиловых, дом 8, корпус 2, литера А","[60.019954,30.384922]"
419,УИК №419,Калининский,"улица Академика Константинова, дом 10, корпус 2, литера А","[60.021128,30.379433]"
420,УИК №420,Калининский,"улица Академика Константинова, дом 10, корпус 2, литера А","[60.021128,30.379433]"
421,УИК №421,Калининский,"проспект Науки, дом 13, корпус 4, литера А","[60.015017,30.376109]"
422,УИК №422,Калининский,"проспект Светлановский, дом 38, корпус 2, литера А","[60.024131,30.373926]"
423,УИК №423,Калининский,"проспект Светлановский, дом 38, корпус 2, литера А","[60.024131,30.373926]"
424,УИК №424,Калининский,"проспект Светлановский, дом 40, корпус 3, литера А","[60.025003,30.375426]"
425,УИК №425,Калининский,"проспект Светлановский, дом 40, корпус 3, литера А","[60.025003,30.375426]"
426,УИК №426,Калининский,"проспект Светлановский, дом 40, корпус 3, литера А","[60.025003,30.375426]"
427,УИК №427,Калининский,"проспект Светлановский, дом 38, корпус 2, литера А","[60.024131,30.373926]"
428,УИК №428,Калининский,"улица Академика Константинова, дом 10, корпус 2, литера А","[60.021128,30.379433]"
429,УИК №429,Калининский,"улица Вавиловых, дом 8, корпус 2, литера А","[60.019954,30.384922]"
430,УИК №430,Калининский,"улица Вавиловых, дом 5, корпус 5, литера А","[60.016914,30.392971]"
431,УИК №431,Калининский,"улица Вавиловых, дом 5, корпус 5, литера А","[60.016914,30.392971]"
432,УИК №432,Калининский,"улица Вавиловых, дом 5, корпус 5, литера А","[60.016914,30.392971]"
433,УИК №433,Калининский,"улица Вавиловых, дом 13, корпус 3, литера А","[60.021146,30.396249]"
434,УИК №434,Калининский,"проспект Гражданский, дом 92, корпус 3, литера А","[60.020435,30.398828]"
435,УИК №435,Калининский,"улица Вавиловых, дом 13, корпус 3, литера А","[60.021146,30.396249]"
436,УИК №436,Калининский,"проспект Гражданский, дом 92, корпус 3, литера А","[60.020435,30.398828]"
437,УИК №437,Калининский,"проспект Гражданский, дом 92, корпус 3, литера А","[60.020435,30.398828]"
438,УИК №438,Калининский,"улица Софьи Ковалевской, дом 8, корпус 3, литера А","[60.013964,30.405538]"
439,УИК №439,Калининский,"улица Софьи Ковалевской, дом 16, корпус 6, литера А","[60.018614,30.410092]"
440,УИК №440,Калининский,"улица Софьи Ковалевской, дом 16, корпус 6, литера А","[60.018614,30.410092]"
441,УИК №441,Калининский,"проспект Науки, дом 16, корпус 2, литера А","[60.011896,30.406787]"
442,УИК №442,Калининский,"проспект Науки, дом 16, корпус 2, литера А","[60.011896,30.406787]"
443,УИК №443,Калининский,"улица Софьи Ковалевской, дом 8, корпус 3, литера А","[60.013964,30.405538]"
509,УИК №509,Калининский,"проспект Тихорецкий, дом 9, корпус 6, литера А","[60.014419,30.373163]"
532,УИК №532,Калининский,"улица Руставели, дом 26, литера А","[60.00832,30.432425]"
533,УИК №533,Калининский,"проспект Меншиковский, дом 2","[59.98994,30.422498]"
534,УИК №534,Калининский,"проспект Меншиковский, дом 15, корпус 3, литера А","[59.996097,30.433808]"
535,УИК №535,Калининский,"проспект Меншиковский, дом 15, корпус 3, литера А","[59.996097,30.433808]"
536,УИК №536,Калининский,"улица Верности, дом 38, корпус 4, литера А","[60.00294,30.425957]"
537,УИК №537,Калининский,"улица Верности, дом 38, корпус 4, литера А","[60.00294,30.425957]"
538,УИК №538,Калининский,"улица Руставели, дом 26, литера А","[60.00832,30.432425]"
539,УИК №539,Калининский,"проспект Науки, дом 44, литера А","[60.006377,30.426379]"
540,УИК №540,Калининский,"проспект Кондратьевский, дом 68, корпус 3","[59.983752,30.394641]"
541,УИК №541,Калининский,"проспект Мечникова, дом 16, литера А","[59.985417,30.405224]"
542,УИК №542,Калининский,"проспект Мечникова, дом 2, литера А","[59.984301,30.416066]"
543,УИК №543,Калининский,"проспект Мечникова, дом 5, литера А","[59.985224,30.42036]"
544,УИК №544,Калининский,"улица Брюсовская, дом 10, литера А","[59.986803,30.420495]"
545,УИК №545,Калининский,"улица Брюсовская, дом 10, литера А","[59.986803,30.420495]"
546,УИК №546,Калининский,"проспект Меншиковский, дом 2","[59.98994,30.422498]"
547,УИК №547,Калининский,"проспект Кондратьевский, дом 68, корпус 3","[59.983752,30.394641]"
548,УИК №548,Калининский,"проспект Маршала Блюхера, дом 14, литера А","[59.980263,30.382074]"
572,УИК №572,Калининский,"улица Бестужевская, дом 5, корпус 1","[59.986389,30.385793]"
574,УИК №574,Калининский,"улица Бестужевская, дом 3, корпус 4","[59.987213,30.382954]"
575,УИК №575,Калининский,"улица Бестужевская, дом 5, корпус 1","[59.986389,30.385793]"
2311,УИК №2311,Калининский,"улица Бестужевская, дом 3, корпус 4","[59.987213,30.382954]"
2312,УИК №2312,Калининский,"проспект Кондратьевский, дом 68, корпус 3","[59.983752,30.394641]"
444,УИК №444,Калининский,"улица Черкасова, дом 8, корпус 2, литера А","[60.028663,30.420495]"
445,УИК №445,Калининский,"улица Черкасова, дом 8, корпус 2, литера А","[60.028663,30.420495]"
446,УИК №446,Калининский,"улица Черкасова, дом 8, корпус 2, литера А","[60.028663,30.420495]"
447,УИК №447,Калининский,"улица Черкасова, дом 4, корпус 2, литера А","[60.025988,30.416982]"
448,УИК №448,Калининский,"улица Черкасова, дом 4, корпус 2, литера А","[60.025988,30.416982]"
449,УИК №449,Калининский,"улица Черкасова, дом 4, корпус 2, литера А","[60.025988,30.416982]"
450,УИК №450,Калининский,"улица Черкасова, дом 7, корпус 2, литера А","[60.024495,30.423154]"
451,УИК №451,Калининский,"улица Черкасова, дом 7, корпус 2, литера А","[60.024495,30.423154]"
452,УИК №452,Калининский,"улица Черкасова, дом 15, корпус 1, литера А","[60.027283,30.425948]"
453,УИК №453,Калининский,"улица Черкасова, дом 15, корпус 1, литера А","[60.027283,30.425948]"
454,УИК №454,Калининский,"проспект Просвещения, дом 106, корпус 2, литера А","[60.035176,30.428526]"
455,УИК №455,Калининский,"проспект Просвещения, дом 106, корпус 2, литера А","[60.035176,30.428526]"
456,УИК №456,Калининский,"улица Ушинского, дом 33, корпус 2, литера А","[60.039688,30.417171]"
457,УИК №457,Калининский,"улица Ушинского, дом 33, корпус 2, литера А","[60.039688,30.417171]"
458,УИК №458,Калининский,"улица Ушинского, дом 35, корпус 2, литера А","[60.040932,30.418078]"
459,УИК №459,Калининский,"улица Ушинского, дом 35, корпус 2, литера А","[60.040932,30.418078]"
460,УИК №460,Калининский,"улица Ушинского, дом 33, корпус 2, литера А","[60.039688,30.417171]"
461,УИК №461,Калининский,"проспект Просвещения, дом 106, корпус 2, литера А","[60.035176,30.428526]"
462,УИК №462,Калининский,"улица Черкасова, дом 8, корпус 2, литера А","[60.028663,30.420495]"
463,УИК №463,Калининский,"улица Ушинского, дом 13, литера А","[60.031665,30.409383]"
464,УИК №464,Калининский,"улица Ушинского, дом 13, литера А","[60.031665,30.409383]"
465,УИК №465,Калининский,"улица Ушинского, дом 13, литера А","[60.031665,30.409383]"
466,УИК №466,Калининский,"улица Ушинского, дом 21, литера А","[60.034277,30.412123]"
467,УИК №467,Калининский,"улица Ушинского, дом 21, литера А","[60.034277,30.412123]"
468,УИК №468,Калининский,"улица Ушинского, дом 21, литера А","[60.034277,30.412123]"
576,УИК №576,Кировский,"ул. Ивана Черных, д. 11, лит. А","[59.8995,30.279334]"
577,УИК №577,Кировский,"ул. Балтийская, д. 35","[59.898738,30.286942]"
578,УИК №578,Кировский,"ул. Балтийская, д. 35","[59.898738,30.286942]"
579,УИК №579,Кировский,"Маршала Говорова, д. 34, лит. З","[59.890956,30.277555]"
580,УИК №580,Кировский,"Огородный переулок, д. 9, лит. А","[59.885774,30.271393]"
581,УИК №581,Кировский,"Огородный переулок, д. 9, лит. А","[59.885774,30.271393]"
582,УИК №582,Кировский,"пр. Стачек, д. 5, лит. А","[59.897501,30.274707]"
583,УИК №583,Кировский,"ул. Промышленная, д.18/2, лит. А","[59.897772,30.268554]"
584,УИК №584,Кировский,"ул. Зои Космодемьянской, д. 4, лит. А","[59.892825,30.27186]"
585,УИК №585,Кировский,"ул. Зои Космодемьянской, д. 4, лит. А","[59.892825,30.27186]"
586,УИК №586,Кировский,"ул. Промышленная, д.18/2, лит. А","[59.897772,30.268554]"
587,УИК №587,Кировский,"ул. Турбинная, д. 50, лит. А","[59.887277,30.265724]"
588,УИК №588,Кировский,"Двинская ул., д. 10","[59.908958,30.248953]"
589,УИК №589,Кировский,"Двинская ул., д. 10","[59.908958,30.248953]"
590,УИК №590,Кировский,"Канонерский остров, д. 32, лит. Б","[59.903571,30.217907]"
591,УИК №591,Кировский,"Канонерский остров, д. 32, лит. Б","[59.903571,30.217907]"
592,УИК №592,Кировский,"ул. Кронштадтская, д.7, лит. А","[59.871418,30.255582]"
593,УИК №593,Кировский,"ул. Кронштадтская, д.7, лит. А","[59.871418,30.255582]"
594,УИК №594,Кировский,"ул. Краснопутиловская, д. 22, лит. А","[59.871902,30.269856]"
595,УИК №595,Кировский,"ул. Маринеско, д. 7, лит. А","[59.867959,30.264467]"
596,УИК №596,Кировский,"ул. Маринеско, д. 7, лит. А","[59.867959,30.264467]"
597,УИК №597,Кировский,"ул. Маршала Говорова, д. 9","[59.877231,30.266649]"
598,УИК №598,Кировский,"ул. Краснопутиловская, д. 2","[59.876328,30.260244]"
599,УИК №599,Кировский,"ул. Зайцева, д. 14, лит. А","[59.873451,30.267287]"
600,УИК №600,Кировский,"ул. Кронштадтская , д. 5","[59.873261,30.254181]"
601,УИК №601,Кировский,"ул. Зайцева, д. 14, лит. А","[59.873451,30.267287]"
602,УИК №602,Кировский,"ул. Маршала Говорова, д. 18","[59.882686,30.270234]"
603,УИК №603,Кировский,"ул. Маршала Говорова, д. 9","[59.877231,30.266649]"
604,УИК №604,Кировский,"ул. Новостроек, д. 26, лит. А","[59.874309,30.272264]"
605,УИК №605,Кировский,"ул. Краснопутиловская, д. 22, лит. А","[59.871902,30.269856]"
606,УИК №606,Кировский,"ул. Зайцева, д. 28","[59.879389,30.272183]"
607,УИК №607,Кировский,"ул. Примакова, д. 10","[59.869146,30.27574]"
608,УИК №608,Кировский,"ул. Автовская, д. 5","[59.86659,30.267808]"
609,УИК №609,Кировский,"ул. Автовская, д. 5","[59.86659,30.267808]"
610,УИК №610,Кировский,"ул. Автовская, д. 5","[59.86659,30.267808]"
611,УИК №611,Кировский,"Ленинский проспект, д. 124, корп. 2, лит. А","[59.85308,30.261996]"
612,УИК №612,Кировский,"Ленинский проспект, д. 124, корп. 2, лит. А","[59.85308,30.261996]"
613,УИК №613,Кировский,"Ленинский проспект, д. 124, корп. 2, лит. А","[59.85308,30.261996]"
614,УИК №614,Кировский,"Трамвайный пр., д. 22, лит. А","[59.854689,30.274824]"
615,УИК №615,Кировский,"Трамвайный пр., д. 22, лит. А","[59.854689,30.274824]"
616,УИК №616,Кировский,"Ленинский пр., д. 133, корп. 4, лит. А","[59.849772,30.274582]"
617,УИК №617,Кировский,"Ленинский пр., д. 123, корп. 4, лит. А","[59.849754,30.262158]"
618,УИК №618,Кировский,"Ленинский пр., д. 123, корп. 4, лит. А","[59.849754,30.262158]"
619,УИК №619,Кировский,"Бульвар Новаторов, д. 40, лит. А","[59.846558,30.275138]"
620,УИК №620,Кировский,"Бульвар Новаторов, д. 40, лит. А","[59.846558,30.275138]"
621,УИК №621,Кировский,"Бульвар Новаторов, д. 40, лит. А","[59.846558,30.275138]"
622,УИК №622,Кировский,"Бульвар Новаторов, д. 43","[59.847024,30.264314]"
623,УИК №623,Кировский,"Бульвар Новаторов, д. 43","[59.847024,30.264314]"
624,УИК №624,Кировский,"ул. Подводника Кузьмина, д. 52, лит. А","[59.842255,30.269452]"
625,УИК №625,Кировский,"ул. Подводника Кузьмина, д. 52, лит. А","[59.842255,30.269452]"
626,УИК №626,Кировский,"пр. Народного Ополчения, д. 103","[59.840049,30.267521]"
627,УИК №627,Кировский,"пр. Народного Ополчения, д. 103","[59.840049,30.267521]"
628,УИК №628,Кировский,"пр. Ветеранов, д. 14, лит. А","[59.844918,30.256894]"
629,УИК №629,Кировский,"пр. Ветеранов, д. 14, лит. А","[59.844918,30.256894]"
630,УИК №630,Кировский,"пр. Ветеранов, д. 14, лит. А","[59.844918,30.256894]"
631,УИК №631,Кировский,"Дачный пр., д. 34 корп. 2, лит. А","[59.83966,30.263164]"
632,УИК №632,Кировский,"Дачный пр., д. 34 корп. 2, лит. А","[59.83966,30.263164]"
633,УИК №633,Кировский,"ул. Морской Пехоты, д. 8, корп. 3, лит. А","[59.861724,30.246312]"
634,УИК №634,Кировский,"ул. Морской Пехоты, д. 8, корп. 3, лит. А","[59.861724,30.246312]"
635,УИК №635,Кировский,"ул. Маршала Казакова, д. 3, корп. 2, лит. А","[59.860789,30.244811]"
636,УИК №636,Кировский,"ул. Маршала Казакова, д. 3, корп. 2, лит. А","[59.860789,30.244811]"
637,УИК №637,Кировский,"пр. Стачек, д. 103, корп. 2, лит. А","[59.857201,30.242278]"
638,УИК №638,Кировский,"пр. Стачек, д. 103, корп. 2, лит. А","[59.857201,30.242278]"
639,УИК №639,Кировский,"пр. Стачек, д. 103, корп. 2, лит. А","[59.857201,30.242278]"
640,УИК №640,Кировский,"пр. Стачек, д. 103, корп. 2, лит. А","[59.857201,30.242278]"
641,УИК №641,Кировский,"Ленинский пр., д. 110, корп. 3","[59.854359,30.232567]"
642,УИК №642,Кировский,"пр. Стачек, д. 107, корп. 4, лит. А","[59.855543,30.233726]"
643,УИК №643,Кировский,"Ленинский пр., д. 110, корп. 3","[59.854359,30.232567]"
644,УИК №644,Кировский,"пр. Стачек, д. 107, корп. 4, лит. А","[59.855543,30.233726]"
757,УИК №757,Кировский,"пр. Ветеранов, д. 87, корп. 2, лит. А","[59.835763,30.219685]"
758,УИК №758,Кировский,"пр. Ветеранов, д. 87, корп. 2, лит. А","[59.835763,30.219685]"
759,УИК №759,Кировский,"ул. Козлова, д. 37, корп. 1, лит. А","[59.831847,30.22486]"
760,УИК №760,Кировский,"ул. Козлова, д. 37, корп. 1, лит. А","[59.831847,30.22486]"
761,УИК №761,Кировский,"ул. Козлова, д. 47, корп. 1, лит. А","[59.829043,30.227689]"
762,УИК №762,Кировский,"ул. Козлова, д. 47, корп. 1, лит. А","[59.829043,30.227689]"
763,УИК №763,Кировский,"ул. Солдата Корзуна, д. 15, корп. 2, лит. А","[59.827257,30.219883]"
764,УИК №764,Кировский,"ул. Солдата Корзуна, д. 15, корп. 2, лит. А","[59.827257,30.219883]"
765,УИК №765,Кировский,"пр. Ветеранов, д. 80, лит. А","[59.831996,30.215841]"
766,УИК №766,Кировский,"пр. Ветеранов, д. 80, лит. А","[59.831996,30.215841]"
767,УИК №767,Кировский,"пр. Ветеранов, д. 80, лит. А","[59.831996,30.215841]"
768,УИК №768,Кировский,"ул. Стойкости, д. 17, корп. 2","[59.829812,30.211556]"
769,УИК №769,Кировский,"ул. Стойкости, д. 17, корп. 2","[59.829812,30.211556]"
770,УИК №770,Кировский,"ул. Солдата Корзуна, д. 15, корп. 2, лит. А","[59.827257,30.219883]"
771,УИК №771,Кировский,"пр. Ветеранов, д. 87, корп. 2, лит. А","[59.835763,30.219685]"
772,УИК №772,Кировский,"ул. Бурцева, д. 12, лит. А","[59.836911,30.207244]"
773,УИК №773,Кировский,"ул. Бурцева, д. 12, лит. А","[59.836911,30.207244]"
774,УИК №774,Кировский,"ул. Бурцева, д. 12, лит. А","[59.836911,30.207244]"
775,УИК №775,Кировский,"ул. Бурцева, д. 9, лит. А","[59.835541,30.204342]"
776,УИК №776,Кировский,"ул. Бурцева, д. 9, лит. А","[59.835541,30.204342]"
777,УИК №777,Кировский,"пр. Ветеранов, д. 114, корп. 2, лит. А,","[59.831548,30.198791]"
778,УИК №778,Кировский,"пр. Ветеранов, д. 114, корп. 2, лит. А,","[59.831548,30.198791]"
779,УИК №779,Кировский,"пр. Ветеранов, д. 114, корп. 2, лит. А,","[59.831548,30.198791]"
780,УИК №780,Кировский,"ул. Стойкости, д. 30, корп. 2","[59.826447,30.194964]"
781,УИК №781,Кировский,"ул. Стойкости, д. 33, лит. А","[59.828523,30.198827]"
782,УИК №782,Кировский,"ул. Стойкости, д. 30, корп. 2","[59.826447,30.194964]"
783,УИК №783,Кировский,"ул. Стойкости, д. 33, лит. А","[59.828523,30.198827]"
784,УИК №784,Кировский,"ул. Стойкости, д. 28, корп. 2","[59.825524,30.19809]"
785,УИК №785,Кировский,"ул. Стойкости, д. 17, корп. 2","[59.829812,30.211556]"
786,УИК №786,Кировский,"пр. Ветеранов, д. 114, корп. 2, лит. А","[59.831548,30.198791]"
787,УИК №787,Кировский,"ул. Зины Портновой, д. 15, лит. А","[59.854549,30.252384]"
788,УИК №788,Кировский,"ул. Зины Портновой, д. 15, лит. А","[59.854549,30.252384]"
789,УИК №789,Кировский,"пр. Стачек, д. 158","[59.854576,30.24606]"
790,УИК №790,Кировский,"ул. Зины Портновой, 25, корп. 2","[59.848457,30.252663]"
791,УИК №791,Кировский,"ул. Зины Портновой, 25, корп. 2","[59.848457,30.252663]"
792,УИК №792,Кировский,"ул. Зины Портновой, 25, корп. 2","[59.848457,30.252663]"
793,УИК №793,Кировский,"ул. Зины Портновой, 25, корп. 2","[59.848457,30.252663]"
794,УИК №794,Кировский,"пр. Ветеранов, д. 39, лит. А","[59.84329,30.239601]"
795,УИК №795,Кировский,"Дачный пр., д. 3, корп. 2, лит. А","[59.848647,30.239233]"
796,УИК №796,Кировский,"Дачный пр., д. 3, корп. 2, лит. А","[59.848647,30.239233]"
797,УИК №797,Кировский,"пр. Стачек, д. 206, лит. А","[59.848565,30.231067]"
798,УИК №798,Кировский,"пр. Стачек, д. 206, лит. А","[59.848565,30.231067]"
799,УИК №799,Кировский,"пр. Ветеранов, д. 39, лит. А","[59.84329,30.239601]"
800,УИК №800,Кировский,"пр. Ветеранов, д. 39, лит. А","[59.84329,30.239601]"
801,УИК №801,Кировский,"ул. Зины Портновой, д. 21, корп. 4","[59.849677,30.251109]"
802,УИК №802,Кировский,"Бульвар Новаторов, д. 104, лит. А","[59.839976,30.252609]"
803,УИК №803,Кировский,"Бульвар Новаторов, д. 104, лит. А","[59.839976,30.252609]"
804,УИК №804,Кировский,"пр. Народного Ополчения, д. 135, лит. А","[59.835573,30.260514]"
805,УИК №805,Кировский,"пр. Народного Ополчения, д. 135, лит. А","[59.835573,30.260514]"
806,УИК №806,Кировский,"Бульвар Новаторов, д. 104, лит. А","[59.839976,30.252609]"
807,УИК №807,Кировский,"ул. Танкиста Хрустицкого, д. 31, лит. А","[59.834162,30.255564]"
808,УИК №808,Кировский,"ул. Лени Голикова, д. 78, лит. А","[59.837752,30.245934]"
809,УИК №809,Кировский,"ул. Лени Голикова, д. 78, лит. А","[59.837752,30.245934]"
810,УИК №810,Кировский,"пр. Ветеранов, д. 57, лит. А","[59.840103,30.232136]"
811,УИК №811,Кировский,"пр. Ветеранов, д. 57, лит. А","[59.840103,30.232136]"
812,УИК №812,Кировский,"ул. Лёни Голикова, д. 15, корп. 2, лит. А","[59.844795,30.225875]"
813,УИК №813,Кировский,"ул. Лёни Голикова, д. 15, корп. 2, лит. А","[59.844795,30.225875]"
814,УИК №814,Кировский,"ул. Лёни Голикова, д. 15, корп. 2, лит. А","[59.844795,30.225875]"
826,УИК №826,Колпинский,"Колпино, ул. Труда, д.  1","[59.749221,30.603464]"
827,УИК №827,Колпинский,"Колпино, ул. Труда, д.  1","[59.749221,30.603464]"
828,УИК №828,Колпинский,"Колпино, Тверская ул., д.  18, лит. А","[59.744583,30.61215]"
829,УИК №829,Колпинский,"Колпино, Тверская ул., д. 13, лит. А","[59.744325,30.607461]"
830,УИК №830,Колпинский,"Колпино, Тверская ул., д.  18, лит. А","[59.744583,30.61215]"
831,УИК №831,Колпинский,"Колпино, Тверская ул., д. 23, лит. А","[59.740348,30.609411]"
832,УИК №832,Колпинский,"Колпино, Октябрьская ул., д.  71, корп. 2, лит. А","[59.739006,30.616921]"
833,УИК №833,Колпинский,"Колпино, Октябрьская ул., д.  71, корп. 2, лит. А","[59.739006,30.616921]"
834,УИК №834,Колпинский,"Колпино, Тверская ул., д.  54, корп. 2, лит. А","[59.737972,30.616355]"
835,УИК №835,Колпинский,"Колпино, Октябрьская ул., д.  71, корп. 2, лит. А","[59.739006,30.616921]"
836,УИК №836,Колпинский,"Колпино, Тверская ул., д.  54, корп. 2, лит. А","[59.737972,30.616355]"
837,УИК №837,Колпинский,"Колпино, Тверская ул., д.  54, корп. 2, лит. А","[59.737972,30.616355]"
838,УИК №838,Колпинский,"Колпино, Тверская ул., д.  62, лит. А","[59.732915,30.613633]"
839,УИК №839,Колпинский,"Колпино, Тверская ул., д.  62, лит. А","[59.732915,30.613633]"
840,УИК №840,Колпинский,"Колпино, ул. Тверская, д. 37","[59.734149,30.610623]"
841,УИК №841,Колпинский,"Колпино, Тверская ул., д.  62, лит. А","[59.732915,30.613633]"
842,УИК №842,Колпинский,"Колпино, Советский бульвар, д. 29","[59.746242,30.59413]"
843,УИК №843,Колпинский,"Колпино, Советский бульвар, д. 29","[59.746242,30.59413]"
844,УИК №844,Колпинский,"Колпино, ул. Вавилова, д.  9, лит. А","[59.743028,30.586791]"
845,УИК №845,Колпинский,"Колпино, ул. Вавилова, д.  9, лит. А","[59.743028,30.586791]"
846,УИК №846,Колпинский,"Колпино, Павловская ул., д. 21, лит. А","[59.74835,30.581895]"
847,УИК №847,Колпинский,"Колпино, пр. Ленина, д. 31, лит. А","[59.751623,30.576263]"
848,УИК №848,Колпинский,"Колпино, пр. Ленина, д. 31, лит. А","[59.751623,30.576263]"
849,УИК №849,Колпинский,"Колпино, Павловская ул., д. 21, лит. А","[59.74835,30.581895]"
850,УИК №850,Колпинский,"Колпино, Павловская ул., д. 21, лит. А","[59.74835,30.581895]"
851,УИК №851,Колпинский,"Колпино, ул. Танкистов, д. 26, лит. А","[59.745227,30.565609]"
852,УИК №852,Колпинский,"Колпино, ул. Танкистов, д. 26, лит. А","[59.745227,30.565609]"
853,УИК №853,Колпинский,"Колпино, Павловская ул., д. 80, лит. А","[59.746075,30.569112]"
854,УИК №854,Колпинский,"Колпино, Павловская ул., д. 80, лит. А","[59.746075,30.569112]"
855,УИК №855,Колпинский,"Колпино, ул. Братьев Радченко, д. 21","[59.746773,30.577736]"
856,УИК №856,Колпинский,"Колпино, бульвар Трудящихся, д. 10, лит. А","[59.738978,30.573694]"
857,УИК №857,Колпинский,"Колпино, бульвар Трудящихся, д. 10, лит. А","[59.738978,30.573694]"
858,УИК №858,Колпинский,"Колпино, бульвар Трудящихся, д. 10, лит. А","[59.738978,30.573694]"
859,УИК №859,Колпинский,"Колпино, бульвар Трудящихся, д. 9, лит. А","[59.738806,30.56551]"
860,УИК №860,Колпинский,"Колпино, бульвар Трудящихся, д. 9, лит. А","[59.738806,30.56551]"
861,УИК №861,Колпинский,"Колпино, Заводской пр., д.  10","[59.736983,30.560955]"
862,УИК №862,Колпинский,"Колпино, Заводской пр., д. 18, корп. 2, лит. А","[59.734811,30.565618]"
863,УИК №863,Колпинский,"Колпино, Заводской пр., д. 18, корп. 2, лит. А","[59.734811,30.565618]"
864,УИК №864,Колпинский,"Колпино, Заводской пр., д. 18, корп. 2, лит. А","[59.734811,30.565618]"
865,УИК №865,Колпинский,"Колпино, ул. Машиностроителей, д. 7, лит. А","[59.734217,30.572858]"
866,УИК №866,Колпинский,"Колпино, ул. Машиностроителей, д. 7, лит. А","[59.734217,30.572858]"
867,УИК №867,Колпинский,"Колпино, ул. Машиностроителей, д. 7, лит. А","[59.734217,30.572858]"
868,УИК №868,Колпинский,"Колпино, бульвар Трудящихся, д.29/52, лит. А","[59.734734,30.58062]"
869,УИК №869,Колпинский,"Колпино, Раумская ул., д. 9, лит. А","[59.737115,30.585695]"
870,УИК №870,Колпинский,"Колпино, Раумская ул., д. 9, лит. А","[59.737115,30.585695]"
871,УИК №871,Колпинский,"Колпино, бульвар Трудящихся, д. 29/52, лит. А","[59.734734,30.58062]"
872,УИК №872,Колпинский,"Колпино, бульвар Трудящихся, д. 29/52, лит. А","[59.734734,30.58062]"
873,УИК №873,Колпинский,"Колпино, Заводской пр., д. 50, лит. А","[59.731504,30.583907]"
874,УИК №874,Колпинский,"Колпино, Заводской пр., д. 50, лит. А","[59.731504,30.583907]"
875,УИК №875,Колпинский,"Колпино, ул. Севастьянова, д. 32, к. 3, стр. 1","[59.77602,30.603742]"
876,УИК №876,Колпинский,"Саперный, Дорожная ул., д. 11, лит. А","[59.777637,30.691193]"
877,УИК №877,Колпинский,"Понтонный, Южная ул., д. 13","[59.77905,30.647364]"
878,УИК №878,Колпинский,"Понтонный, Южная ул., д. 31, лит. А","[59.781804,30.639944]"
879,УИК №879,Колпинский,"Понтонный, ул. Александра Товпеко, д. 14","[59.784711,30.625697]"
880,УИК №880,Колпинский,"Понтонный, Волховстроевская ул., д.  14, лит. А","[59.784716,30.62011]"
881,УИК №881,Колпинский,"Усть-Ижора, Шлиссельбургское шоссе, д. 219","[59.803662,30.604524]"
882,УИК №882,Колпинский,"Металлострой, Плановая ул., д. 14, лит. А","[59.807075,30.583674]"
883,УИК №883,Колпинский,"Металлострой, Пушкинская ул., д. 8а, лит. А","[59.807152,30.576838]"
884,УИК №884,Колпинский,"Металлострой, Пушкинская ул., д. 8а, лит. А","[59.807152,30.576838]"
885,УИК №885,Колпинский,"Металлострой, площадь Академика Глухих, д. 1, стр. 1","[59.80865,30.57452]"
886,УИК №886,Колпинский,"Металлострой, площадь Академика Глухих, д. 1, стр. 1","[59.80865,30.57452]"
887,УИК №887,Колпинский,"Металлострой, Полевая ул., д. 17, стр.  1","[59.814432,30.569777]"
888,УИК №888,Колпинский,"Металлострой, Полевая ул., д. 17, стр.  1","[59.814432,30.569777]"
889,УИК №889,Колпинский,"Металлострой, Полевая ул., д. 10, лит. А","[59.813156,30.56374]"
890,УИК №890,Колпинский,"Металлострой, Полевая ул., д. 10, лит. А","[59.813156,30.56374]"
891,УИК №891,Колпинский,"Металлострой, Садовая ул., д. 8, лит.а А","[59.813183,30.568519]"
892,УИК №892,Колпинский,"Петро-Славянка, ул. Труда, д. 1","[59.806667,30.51109]"
893,УИК №893,Колпинский,"Колпино, ул. Севастьянова, д. 32, к. 3, стр. 1","[59.77602,30.603742]"
894,УИК №894,Колпинский,"Колпино, Понтонная ул., д. 13, к. 2","[59.754606,30.628751]"
895,УИК №895,Колпинский,"Колпино, ул. Севастьянова, д. 32, к. 3, стр. 1","[59.77602,30.603742]"
896,УИК №896,Колпинский,"Колпино, Колпинская ул., д.  9","[59.738715,30.631608]"
897,УИК №897,Колпинский,"Колпино, ул. Павловская, д.  16, лит. А","[59.747199,30.585318]"
901,УИК №901,Красногвардейский,"Пискаревский пр., д. 163","[60.005913,30.450472]"
902,УИК №902,Красногвардейский,"Пискаревский пр., д. 163","[60.005913,30.450472]"
903,УИК №903,Красногвардейский,"пр. Маршала Блюхера, д. 44, к. 2","[59.976693,30.425552]"
904,УИК №904,Красногвардейский,"пр. Маршала Блюхера, д. 44, к. 2","[59.976693,30.425552]"
905,УИК №905,Красногвардейский,"пр. Маршала Блюхера, д. 44, к. 2","[59.976693,30.425552]"
906,УИК №906,Красногвардейский,"ул. Маршала Тухачевского, д. 29","[59.970848,30.425166]"
907,УИК №907,Красногвардейский,"ул. Маршала Тухачевского, д. 29","[59.970848,30.425166]"
908,УИК №908,Красногвардейский,"ул. Маршала Тухачевского, д. 29","[59.970848,30.425166]"
909,УИК №909,Красногвардейский,"ул. Маршала Тухачевского, д. 29","[59.970848,30.425166]"
910,УИК №910,Красногвардейский,"ул. Стасовой, д. 4, к. 2","[59.970583,30.43132]"
911,УИК №911,Красногвардейский,"ул. Стасовой, д. 4, к. 2","[59.970583,30.43132]"
912,УИК №912,Красногвардейский,"ул. Стасовой, д. 4, к. 2","[59.970583,30.43132]"
913,УИК №913,Красногвардейский,"ул. Маршала Тухачевского, д. 17","[59.967349,30.431373]"
914,УИК №914,Красногвардейский,"ул. Маршала Тухачевского, д. 17","[59.967349,30.431373]"
915,УИК №915,Красногвардейский,"ул. Маршала Тухачевского, д. 17","[59.967349,30.431373]"
916,УИК №916,Красногвардейский,"ул. Маршала Тухачевского, д. 17","[59.967349,30.431373]"
917,УИК №917,Красногвардейский,"Пискаревский пр., д. 13","[59.964507,30.412069]"
918,УИК №918,Красногвардейский,"Пискаревский пр., д. 13","[59.964507,30.412069]"
919,УИК №919,Красногвардейский,"Пискаревский пр., д. 13","[59.964507,30.412069]"
920,УИК №920,Красногвардейский,"Пискаревский пр., д. 13","[59.964507,30.412069]"
960,УИК №960,Красногвардейский,"Муринская дорога, д. 70, к. 2","[60.032443,30.454245]"
961,УИК №961,Красногвардейский,"Муринская дорога, д. 70, к. 2","[60.032443,30.454245]"
962,УИК №962,Красногвардейский,"пр. Маршака, д. 24, к. 2, лит.  А","[60.027242,30.45437]"
963,УИК №963,Красногвардейский,"пр. Маршака, д. 24, к. 2, лит.  А","[60.027242,30.45437]"
964,УИК №964,Красногвардейский,"пр. Маршака, д. 24, к. 2, лит.  А","[60.027242,30.45437]"
965,УИК №965,Красногвардейский,"Муринская дорога, д. 70, к. 2","[60.032443,30.454245]"
966,УИК №966,Красногвардейский,"Пейзажная ул., д. 20","[60.016618,30.47911]"
967,УИК №967,Красногвардейский,"Муринская дорога, д. 70, к. 2","[60.032443,30.454245]"
2411,УИК №2411,Красногвардейский,"Пейзажная ул., д. 20","[60.016618,30.47911]"
2412,УИК №2412,Красногвардейский,"Пейзажная ул., д. 20","[60.016618,30.47911]"
2413,УИК №2413,Красногвардейский,"Чарушинская ул., д. 24, к. 2","[60.001356,30.480377]"
2414,УИК №2414,Красногвардейский,"Чарушинская ул., д. 24, к. 2","[60.001356,30.480377]"
921,УИК №921,Красногвардейский,"Шепетовская ул., д. 5","[59.945905,30.417521]"
922,УИК №922,Красногвардейский,"Шепетовская ул., д. 5","[59.945905,30.417521]"
923,УИК №923,Красногвардейский,"Большеохтинский пр., д. 11, к. 2","[59.949258,30.411305]"
924,УИК №924,Красногвардейский,"Большеохтинский пр., д. 11, к. 2","[59.949258,30.411305]"
925,УИК №925,Красногвардейский,"Большеохтинский пр., д. 18","[59.956678,30.410164]"
926,УИК №926,Красногвардейский,"Большеохтинский пр., д. 18","[59.956678,30.410164]"
927,УИК №927,Красногвардейский,"Большая Пороховская ул., д. 8","[59.95411,30.412419]"
928,УИК №928,Красногвардейский,"Большая Пороховская ул., д. 8","[59.95411,30.412419]"
929,УИК №929,Красногвардейский,"Панфилова ул., д. 23","[59.951497,30.417]"
930,УИК №930,Красногвардейский,"Панфилова ул., д. 23","[59.951497,30.417]"
931,УИК №931,Красногвардейский,"Синявинская ул., д. 15","[59.957169,30.418635]"
932,УИК №932,Красногвардейский,"Синявинская ул., д. 15","[59.957169,30.418635]"
933,УИК №933,Красногвардейский,"пр. Металлистов, д. 23","[59.956422,30.423495]"
934,УИК №934,Красногвардейский,"пр. Металлистов, д. 23","[59.956422,30.423495]"
935,УИК №935,Красногвардейский,"Большая Пороховская ул., д. 38","[59.954831,30.427304]"
936,УИК №936,Красногвардейский,"Большая Пороховская ул., д. 38","[59.954831,30.427304]"
937,УИК №937,Красногвардейский,"шоссе Революции, д. 35, к. 5","[59.958341,30.432245]"
938,УИК №938,Красногвардейский,"шоссе Революции, д. 35, к. 5","[59.958341,30.432245]"
939,УИК №939,Красногвардейский,"ул. Петра Смородина, д. 10","[59.956931,30.443474]"
940,УИК №940,Красногвардейский,"ул. Петра Смородина, д. 10","[59.956931,30.443474]"
958,УИК №958,Красногвардейский,"пр. Энергетиков, д. 9, к. 5","[59.937747,30.438129]"
941,УИК №941,Красногвардейский,"Весенняя ул., д. 10","[59.93616,30.404999]"
942,УИК №942,Красногвардейский,"Весенняя ул., д. 10","[59.93616,30.404999]"
943,УИК №943,Красногвардейский,"Перевозный пер., д. 19","[59.931729,30.413219]"
944,УИК №944,Красногвардейский,"Перевозный пер., д. 19","[59.931729,30.413219]"
945,УИК №945,Красногвардейский,"Новочеркасский пр., д. 31","[59.932946,30.407146]"
946,УИК №946,Красногвардейский,"ул. Стахановцев, д. 15, к. 2","[59.92424,30.407649]"
947,УИК №947,Красногвардейский,"ул. Стахановцев, д. 15, к. 2","[59.92424,30.407649]"
948,УИК №948,Красногвардейский,"Таллинская ул., д. 18","[59.924384,30.413614]"
949,УИК №949,Красногвардейский,"Таллинская ул., д. 26, к. 2","[59.926634,30.417647]"
950,УИК №950,Красногвардейский,"Таллинская ул., д. 26, к. 2","[59.926634,30.417647]"
951,УИК №951,Красногвардейский,"Новочеркасский пр., д. 50, к. 3","[59.923671,30.421546]"
952,УИК №952,Красногвардейский,"Новочеркасский пр., д. 50, к. 3","[59.923671,30.421546]"
953,УИК №953,Красногвардейский,"Новочеркасский пр., д. 50, к. 3","[59.923671,30.421546]"
954,УИК №954,Красногвардейский,"пр. Шаумяна, д. 36","[59.928523,30.423298]"
955,УИК №955,Красногвардейский,"пр. Шаумяна, д. 36","[59.928523,30.423298]"
956,УИК №956,Красногвардейский,"пр. Шаумяна, д. 36","[59.928523,30.423298]"
957,УИК №957,Красногвардейский,"пр. Шаумяна, д. 36","[59.928523,30.423298]"
973,УИК №973,Красногвардейский,"Ириновский пр., д. 17, к. 5","[59.953047,30.465114]"
974,УИК №974,Красногвардейский,"Ириновский пр., д. 17, к. 5","[59.953047,30.465114]"
975,УИК №975,Красногвардейский,"пр. Ударников, д. 22, к. 3","[59.951952,30.465141]"
976,УИК №976,Красногвардейский,"пр. Ударников, д. 22, к. 3","[59.951952,30.465141]"
977,УИК №977,Красногвардейский,"пр. Ударников, д. 17, к. 2","[59.948474,30.466219]"
978,УИК №978,Красногвардейский,"пр. Ударников, д. 17, к. 2","[59.948474,30.466219]"
979,УИК №979,Красногвардейский,"пр. Ударников, д. 17, к. 2","[59.948474,30.466219]"
980,УИК №980,Красногвардейский,"пр. Ударников, д. 17, к. 2","[59.948474,30.466219]"
981,УИК №981,Красногвардейский,"пр. Ударников, д. 17, к. 2","[59.948474,30.466219]"
982,УИК №982,Красногвардейский,"Индустриальный пр., д. 10, к. 2","[59.93887,30.473594]"
983,УИК №983,Красногвардейский,"Индустриальный пр., д. 10, к. 2","[59.93887,30.473594]"
984,УИК №984,Красногвардейский,"Индустриальный пр., д. 10, к. 2","[59.93887,30.473594]"
985,УИК №985,Красногвардейский,"Индустриальный пр., д. 10, к. 2","[59.93887,30.473594]"
986,УИК №986,Красногвардейский,"Индустриальный пр., д. 10, к. 2","[59.93887,30.473594]"
987,УИК №987,Красногвардейский,"Ириновский пр., д. 23, к. 2","[59.955926,30.472813]"
988,УИК №988,Красногвардейский,"Ириновский пр., д. 23, к. 2","[59.955926,30.472813]"
989,УИК №989,Красногвардейский,"Ириновский пр., д. 23, к. 2","[59.955926,30.472813]"
990,УИК №990,Красногвардейский,"пр. Наставников, д. 40, к. 2","[59.954872,30.479379]"
991,УИК №991,Красногвардейский,"пр. Наставников, д. 40, к. 2","[59.954872,30.479379]"
992,УИК №992,Красногвардейский,"пр. Наставников, д. 40, к. 2","[59.954872,30.479379]"
993,УИК №993,Красногвардейский,"пр. Ударников, д. 31","[59.952195,30.479451]"
994,УИК №994,Красногвардейский,"пр. Ударников, д. 31","[59.952195,30.479451]"
995,УИК №995,Красногвардейский,"пр. Ударников, д. 31","[59.952195,30.479451]"
996,УИК №996,Красногвардейский,"пр. Ударников, д. 31","[59.952195,30.479451]"
997,УИК №997,Красногвардейский,"ул. Осипенко, д. 8","[59.947545,30.481994]"
998,УИК №998,Красногвардейский,"ул. Осипенко, д. 8","[59.947545,30.481994]"
999,УИК №999,Красногвардейский,"ул. Осипенко, д. 5, к. 2","[59.948005,30.484114]"
1000,УИК №1000,Красногвардейский,"ул. Осипенко, д. 5, к. 2","[59.948005,30.484114]"
1001,УИК №1001,Красногвардейский,"ул. Осипенко, д. 5, к. 2","[59.948005,30.484114]"
1002,УИК №1002,Красногвардейский,"Ленская ул., д. 2, к. 2","[59.942259,30.480089]"
1003,УИК №1003,Красногвардейский,"пр. Косыгина, д. 25, к. 2","[59.943242,30.485991]"
1004,УИК №1004,Красногвардейский,"пр. Косыгина, д. 25, к. 2","[59.943242,30.485991]"
1005,УИК №1005,Красногвардейский,"пр. Косыгина, д. 25, к. 2","[59.943242,30.485991]"
1006,УИК №1006,Красногвардейский,"Ленская ул., д. 1, к. 2","[59.939667,30.479676]"
1007,УИК №1007,Красногвардейский,"Ленская ул., д. 1, к. 2","[59.939667,30.479676]"
1008,УИК №1008,Красногвардейский,"Ленская ул., д. 1, к. 2","[59.939667,30.479676]"
1009,УИК №1009,Красногвардейский,"Хасанская ул., д. 14, к. 2","[59.93736,30.485784]"
1010,УИК №1010,Красногвардейский,"Хасанская ул., д. 14, к. 2","[59.93736,30.485784]"
1011,УИК №1011,Красногвардейский,"Хасанская ул., д. 14, к. 2","[59.93736,30.485784]"
1012,УИК №1012,Красногвардейский,"пр. Наставников, д. 11, к. 2","[59.941822,30.492207]"
1013,УИК №1013,Красногвардейский,"пр. Наставников, д. 11, к. 2","[59.941822,30.492207]"
1014,УИК №1014,Красногвардейский,"пр. Наставников, д. 11, к. 2","[59.941822,30.492207]"
1015,УИК №1015,Красногвардейский,"Белорусская ул., д. 26, к. 2","[59.943336,30.499924]"
1016,УИК №1016,Красногвардейский,"Белорусская ул., д. 26, к. 2","[59.943336,30.499924]"
1017,УИК №1017,Красногвардейский,"Белорусская ул., д. 26, к. 2","[59.943336,30.499924]"
1018,УИК №1018,Красногвардейский,"Белорусская ул., д. 26, к. 2","[59.943336,30.499924]"
1019,УИК №1019,Красногвардейский,"Хасанская ул., д. 18, к. 3","[59.936931,30.491992]"
1020,УИК №1020,Красногвардейский,"Хасанская ул., д. 18, к. 3","[59.936931,30.491992]"
1021,УИК №1021,Красногвардейский,"Белорусская ул., д. 10","[59.938094,30.498711]"
1022,УИК №1022,Красногвардейский,"Хасанская ул., д. 18, к. 3","[59.936931,30.491992]"
1023,УИК №1023,Красногвардейский,"Белорусская ул., д. 10","[59.938094,30.498711]"
1053,УИК №1053,Красногвардейский,"ул. Лагоды, д. 5","[59.956836,30.449978]"
1024,УИК №1024,Красногвардейский,"пр. Косыгина, д. 28, к. 3","[59.946793,30.494857]"
1025,УИК №1025,Красногвардейский,"пр. Косыгина, д. 28, к. 3","[59.946793,30.494857]"
1026,УИК №1026,Красногвардейский,"пр. Косыгина, д. 28, к. 3","[59.946793,30.494857]"
1027,УИК №1027,Красногвардейский,"ул. Коммуны, д. 32, к. 4","[59.948555,30.497229]"
1028,УИК №1028,Красногвардейский,"ул. Коммуны, д. 32, к. 4","[59.948555,30.497229]"
1029,УИК №1029,Красногвардейский,"ул. Коммуны, д. 32, к. 4","[59.948555,30.497229]"
1030,УИК №1030,Красногвардейский,"Энтузиастов пр., д. 47, к. 2","[59.950668,30.492028]"
1031,УИК №1031,Красногвардейский,"Энтузиастов пр., д. 47, к. 2","[59.950668,30.492028]"
1032,УИК №1032,Красногвардейский,"Энтузиастов пр., д. 47, к. 2","[59.950668,30.492028]"
1033,УИК №1033,Красногвардейский,"пр. Энтузиастов, д. 46, к. 3","[59.95375,30.489315]"
1034,УИК №1034,Красногвардейский,"пр. Энтузиастов, д. 46, к. 3","[59.95375,30.489315]"
1035,УИК №1035,Красногвардейский,"ул. Коммуны, д. 42, к. 3","[59.954291,30.492728]"
1036,УИК №1036,Красногвардейский,"ул. Коммуны, д. 42, к. 3","[59.954291,30.492728]"
1037,УИК №1037,Красногвардейский,"ул. Коммуны, д. 42, к. 3","[59.954291,30.492728]"
1038,УИК №1038,Красногвардейский,"Отечественная ул., д. 5","[59.958579,30.487833]"
1039,УИК №1039,Красногвардейский,"Отечественная ул., д. 5","[59.958579,30.487833]"
1040,УИК №1040,Красногвардейский,"Отечественная ул., д. 5","[59.958579,30.487833]"
1041,УИК №1041,Красногвардейский,"Отечественная ул., д. 5","[59.958579,30.487833]"
1042,УИК №1042,Красногвардейский,"Отечественная ул., д. 6","[59.959273,30.487383]"
1043,УИК №1043,Красногвардейский,"1-я Жерновская ул., д. 8","[59.964097,30.484958]"
1044,УИК №1044,Красногвардейский,"Рябовское шоссе, д. 75","[59.976008,30.506661]"
1045,УИК №1045,Красногвардейский,"Рябовское шоссе, д. 75","[59.976008,30.506661]"
1046,УИК №1046,Красногвардейский,"Рябовское шоссе, д. 126","[59.985989,30.517145]"
1047,УИК №1047,Красногвардейский,"Ржевская ул., д. 18","[59.979898,30.503104]"
1058,УИК №1058,Красносельский,"Петергофское шоссе, д. 5, к. 3","[59.848502,30.204432]"
1059,УИК №1059,Красносельский,"Петергофское шоссе, д. 5, к. 3","[59.848502,30.204432]"
1060,УИК №1060,Красносельский,"Петергофское шоссе, д. 5, к. 3","[59.848502,30.204432]"
1061,УИК №1061,Красносельский,"Петергофское шоссе д. 5, к. 4","[59.84828,30.202231]"
1062,УИК №1062,Красносельский,"Петергофское шоссе д. 5, к. 4","[59.84828,30.202231]"
1063,УИК №1063,Красносельский,"Петергофское шоссе д. 5, к. 4","[59.84828,30.202231]"
1064,УИК №1064,Красносельский,"ул. Маршала Захарова, д. 52","[59.851837,30.206408]"
1065,УИК №1065,Красносельский,"ул. Маршала Захарова, д. 52","[59.851837,30.206408]"
1066,УИК №1066,Красносельский,"ул. Маршала Захарова, д. 52","[59.851837,30.206408]"
1067,УИК №1067,Красносельский,"ул. Маршала Захарова, д. 58","[59.851069,30.209472]"
1068,УИК №1068,Красносельский,"ул. Маршала Захарова, д. 58","[59.851069,30.209472]"
1069,УИК №1069,Красносельский,"ул. Маршала Захарова, д. 58","[59.851069,30.209472]"
1070,УИК №1070,Красносельский,"ул. Маршала Захарова, д. 58","[59.851069,30.209472]"
1071,УИК №1071,Красносельский,"Ленинский пр., д. 94, к. 2","[59.85567,30.215221]"
1072,УИК №1072,Красносельский,"Ленинский пр., д. 94, к. 2","[59.85567,30.215221]"
1073,УИК №1073,Красносельский,"ул. Котина, д. 6, к. 3","[59.857495,30.207936]"
1074,УИК №1074,Красносельский,"ул. Котина, д. 6, к. 3","[59.857495,30.207936]"
1075,УИК №1075,Красносельский,"ул. Котина, д. 6, к. 3","[59.857495,30.207936]"
1076,УИК №1076,Красносельский,"ул. Маршала Казакова, д. 30","[59.85904,30.220027]"
1077,УИК №1077,Красносельский,"Ленинский пр., д. 94, к. 2","[59.85567,30.215221]"
1078,УИК №1078,Красносельский,"Ленинский пр., д. 94, к. 2","[59.85567,30.215221]"
1079,УИК №1079,Красносельский,"пр. Маршала Жукова, д. 33, к. 2","[59.857183,30.223836]"
1080,УИК №1080,Красносельский,"пр. Маршала Жукова, д. 33, к. 2","[59.857183,30.223836]"
1081,УИК №1081,Красносельский,"пр. Маршала Жукова, д. 33, к. 2","[59.857183,30.223836]"
1082,УИК №1082,Красносельский,"ул. Маршала Казакова, д. 30","[59.85904,30.220027]"
1145,УИК №1145,Красносельский,"ул. Чекистов, д. 18","[59.841993,30.178399]"
1146,УИК №1146,Красносельский,"ул. Чекистов, д. 18","[59.841993,30.178399]"
1147,УИК №1147,Красносельский,"ул. Авангардная, д. 21, лит. А","[59.836215,30.182145]"
1148,УИК №1148,Красносельский,"ул. Авангардная, д. 21, лит. А","[59.836215,30.182145]"
1149,УИК №1149,Красносельский,"ул. Авангардная, д. 43, лит. А","[59.828161,30.181372]"
1150,УИК №1150,Красносельский,"ул. Авангардная, д. 43, лит. А","[59.828161,30.181372]"
1151,УИК №1151,Красносельский,"ул. Авангардная, д. 43, лит. А","[59.828161,30.181372]"
1152,УИК №1152,Красносельский,"ул. Авангардная, д. 43, лит. А","[59.828161,30.181372]"
1153,УИК №1153,Красносельский,"ул. Авангардная, д. 43, лит. А","[59.828161,30.181372]"
1154,УИК №1154,Красносельский,"ул. Добровольцев, д. 8","[59.841934,30.168113]"
1155,УИК №1155,Красносельский,"ул. Добровольцев, д. 8","[59.841934,30.168113]"
1156,УИК №1156,Красносельский,"ул. Добровольцев, д. 8","[59.841934,30.168113]"
1157,УИК №1157,Красносельский,"ул. Добровольцев, д. 8","[59.841934,30.168113]"
1158,УИК №1158,Красносельский,"ул. Отважных, д. 6","[59.835591,30.17185]"
1159,УИК №1159,Красносельский,"ул. Добровольцев, д. 60, к. 2, лит. А","[59.826578,30.170898]"
1160,УИК №1160,Красносельский,"пр. Ветеранов, д. 140, к. 2","[59.831015,30.169883]"
1161,УИК №1161,Красносельский,"пр. Ветеранов, д. 140, к. 2","[59.831015,30.169883]"
1162,УИК №1162,Красносельский,"ул. Добровольцев, д. 60, к. 2, лит. А","[59.826578,30.170898]"
1163,УИК №1163,Красносельский,"ул. Добровольцев, д. 60, к. 2, лит. А","[59.826578,30.170898]"
1103,УИК №1103,Красносельский,"Брестский бульвар, д. 19, к. 2","[59.849293,30.191766]"
1104,УИК №1104,Красносельский,"Брестский бульвар, д. 19, к. 2","[59.849293,30.191766]"
1105,УИК №1105,Красносельский,"ул. Рихарда Зорге, д. 13, к. 2","[59.849492,30.188397]"
1106,УИК №1106,Красносельский,"ул. Рихарда Зорге, д. 13, к. 2","[59.849492,30.188397]"
1107,УИК №1107,Красносельский,"ул. Маршала Захарова, д. 28","[59.855191,30.189852]"
1108,УИК №1108,Красносельский,"ул. Маршала Захарова, д. 28","[59.855191,30.189852]"
1109,УИК №1109,Красносельский,"ул. Маршала Захарова, д. 28","[59.855191,30.189852]"
1110,УИК №1110,Красносельский,"ул. Маршала Захарова, д. 28","[59.855191,30.189852]"
1111,УИК №1111,Красносельский,"ул. Маршала Захарова, д. 28","[59.855191,30.189852]"
1112,УИК №1112,Красносельский,"Ленинский пр., д. 80, к. 2","[59.860021,30.19641]"
1113,УИК №1113,Красносельский,"ул. Рихарда Зорге, д. 13, к. 2","[59.849492,30.188397]"
1114,УИК №1114,Красносельский,"пр. Кузнецова, д. 25, к. 2","[59.852009,30.182774]"
1115,УИК №1115,Красносельский,"пр. Кузнецова, д. 25, к. 2","[59.852009,30.182774]"
1116,УИК №1116,Красносельский,"пр. Кузнецова, д. 25, к. 2","[59.852009,30.182774]"
1117,УИК №1117,Красносельский,"пр. Кузнецова, д. 25, к. 2","[59.852009,30.182774]"
1118,УИК №1118,Красносельский,"пр. Кузнецова, д. 25, к. 2","[59.852009,30.182774]"
1119,УИК №1119,Красносельский,"пр. Кузнецова, д. 19","[59.857179,30.185136]"
1120,УИК №1120,Красносельский,"пр. Кузнецова, д. 19","[59.857179,30.185136]"
1121,УИК №1121,Красносельский,"пр. Кузнецова, д. 19","[59.857179,30.185136]"
1122,УИК №1122,Красносельский,"ул. Маршала Захарова, д. 14, к. 3","[59.859465,30.166281]"
1123,УИК №1123,Красносельский,"ул. Маршала Захарова, д. 16, к. 4","[59.85998,30.16911]"
1124,УИК №1124,Красносельский,"ул. Капитана Грищенко, д. 3, к. 1","[59.85045,30.139951]"
1125,УИК №1125,Красносельский,"ул. Маршала Захарова, д. 14, к. 3","[59.859465,30.166281]"
1126,УИК №1126,Красносельский,"ул. Маршала Захарова, д. 14, к. 3","[59.859465,30.166281]"
1127,УИК №1127,Красносельский,"ул. Маршала Захарова, д. 16, к. 4","[59.85998,30.16911]"
1128,УИК №1128,Красносельский,"ул. Маршала Захарова, д. 16, к. 4","[59.85998,30.16911]"
1129,УИК №1129,Красносельский,"Ленинский пр., д. 72, к. 2","[59.862167,30.182837]"
1130,УИК №1130,Красносельский,"ул. Маршала Казакова, д. 60, к. 2","[59.862312,30.187463]"
1131,УИК №1131,Красносельский,"Ленинский пр., д. 80, к. 2","[59.860021,30.19641]"
1132,УИК №1132,Красносельский,"Ленинский пр., д. 80, к. 2","[59.860021,30.19641]"
1133,УИК №1133,Красносельский,"ул. Маршала Захарова, д. 14, к. 3","[59.859465,30.166281]"
1134,УИК №1134,Красносельский,"ул. Маршала Захарова, д. 16, к. 4","[59.85998,30.16911]"
1135,УИК №1135,Красносельский,"пр. Патриотов, д. 20, стр. 1","[59.868492,30.160648]"
1136,УИК №1136,Красносельский,"ул. Адмирала Коновалова, д. 6, к. 2, лит. А","[59.851291,30.152662]"
1137,УИК №1137,Красносельский,"ул. Адмирала Коновалова, д. 6, к. 2, лит. А","[59.851291,30.152662]"
1138,УИК №1138,Красносельский,"ул. Капитана Грищенко, д. 3, к. 1","[59.85045,30.139951]"
1139,УИК №1139,Красносельский,"ул. Маршала Казакова, д. 68, к. 2, стр. 1","[59.86486,30.176989]"
2331,УИК №2331,Красносельский,"пр. Патриотов, д. 20, стр. 1","[59.868492,30.160648]"
2332,УИК №2332,Красносельский,"ул. Маршала Казакова, д. 68, к. 2, стр. 1","[59.86486,30.176989]"
2333,УИК №2333,Красносельский,"ул. Маршала Казакова, д. 60, к. 2","[59.862312,30.187463]"
2334,УИК №2334,Красносельский,"Ленинский пр. , д. 80, к. 2","[59.860021,30.19641]"
2335,УИК №2335,Красносельский,"ул. Адмирала Коновалова, д. 6, к. 2, лит. А","[59.851291,30.152662]"
2336,УИК №2336,Красносельский,"ул. Адмирала Коновалова, д. 6, к. 2, лит. А","[59.851291,30.152662]"
2337,УИК №2337,Красносельский,"ул. Адмирала Коновалова, д. 6, к. 2, лит. А","[59.851291,30.152662]"
2338,УИК №2338,Красносельский,"ул. Маршала Казакова, д. 68, к. 2, стр. 1","[59.86486,30.176989]"
2339,УИК №2339,Красносельский,"ул. Капитана Грищенко, д. 3, к. 1","[59.85045,30.139951]"
2340,УИК №2340,Красносельский,"пр. Патриотов, д. 24, к. 1","[59.864444,30.156291]"
2418,УИК №2418,Красносельский,"пр. Патриотов, д. 24, к. 1","[59.864444,30.156291]"
2419,УИК №2419,Красносельский,"пр. Патриотов, д. 24, к. 1","[59.864444,30.156291]"
1085,УИК №1085,Красносельский,"пр. Ветеранов, д. 173, к. 4","[59.840944,30.109211]"
1086,УИК №1086,Красносельский,"ул. Пионерстроя, д. 9, к. 1","[59.84419,30.129629]"
1087,УИК №1087,Красносельский,"ул. Пионерстроя, д. 9, к. 1","[59.84419,30.129629]"
1088,УИК №1088,Красносельский,"ул. Пионерстроя, д. 10, к. 2","[59.840483,30.132764]"
1089,УИК №1089,Красносельский,"ул. Пионерстроя, д. 10, к. 2","[59.840483,30.132764]"
1090,УИК №1090,Красносельский,"2-я Комсомольская ул., д. 23, к. 1","[59.838607,30.143239]"
1091,УИК №1091,Красносельский,"пр. Ветеранов, д. 151, к. 3","[59.837427,30.13272]"
1092,УИК №1092,Красносельский,"пр. Ветеранов, д. 151, к. 3","[59.837427,30.13272]"
1093,УИК №1093,Красносельский,"ул. Пионерстроя, д. 10, к. 2","[59.840483,30.132764]"
1094,УИК №1094,Красносельский,"Петергофское ш., д. 78, к. 3, стр. 1","[59.84711,30.114133]"
1095,УИК №1095,Красносельский,"ул. Пограничника Гарькавого, д. 28, к. 2","[59.837219,30.148]"
1096,УИК №1096,Красносельский,"ул. Пограничника Гарькавого, д. 11, к. 2","[59.841297,30.145404]"
1097,УИК №1097,Красносельский,"ул. Пограничника Гарькавого, д. 11, к. 2","[59.841297,30.145404]"
1098,УИК №1098,Красносельский,"ул. Пограничника Гарькавого, д. 14","[59.841075,30.148269]"
1099,УИК №1099,Красносельский,"пр. Ветеранов, д. 135, лит. А","[59.835763,30.152447]"
1100,УИК №1100,Красносельский,"ул. Тамбасова, д. 2, к. 4","[59.842635,30.162499]"
1101,УИК №1101,Красносельский,"ул. Тамбасова, д. 2, к. 4","[59.842635,30.162499]"
1102,УИК №1102,Красносельский,"ул. Тамбасова, д. 2, к. 4","[59.842635,30.162499]"
2323,УИК №2323,Красносельский,"пр. Ветеранов, д. 173, к. 3","[59.839502,30.107818]"
2324,УИК №2324,Красносельский,"пр. Ветеранов, д. 173, к. 3","[59.839502,30.107818]"
2325,УИК №2325,Красносельский,"пр. Ветеранов, д. 173, к. 3","[59.839502,30.107818]"
2326,УИК №2326,Красносельский,"Петергофское ш., д. 78, к. 3, стр. 1","[59.84711,30.114133]"
2327,УИК №2327,Красносельский,"пр. Ветеранов, д. 173, к. 3, стр. 1","[59.839502,30.107818]"
2328,УИК №2328,Красносельский,"ул. Ивана Куликова, д. 14, стр. 1","[59.834302,30.105357]"
2329,УИК №2329,Красносельский,"пр. Буденного, д. 21, к. 3, стр. 1","[59.845654,30.095062]"
2330,УИК №2330,Красносельский,"пр. Ветеранов, д. 173, к. 3","[59.839502,30.107818]"
2454,УИК №2454,Красносельский,"пр. Буденного, д. 21, к. 3, стр. 1","[59.845654,30.095062]"
1165,УИК №1165,Красносельский,"ул. Пограничника Гарькавого, д. 36, к. 6","[59.832417,30.152042]"
1166,УИК №1166,Красносельский,"ул. Пограничника Гарькавого, д. 36, к. 1","[59.83248,30.147928]"
1167,УИК №1167,Красносельский,"ул. Тамбасова, д. 26, к. 1","[59.831838,30.157019]"
1168,УИК №1168,Красносельский,"ул. Тамбасова, д. 26, к. 1","[59.831838,30.157019]"
1169,УИК №1169,Красносельский,"ул. Здоровцева, д. 33, к. 2","[59.827062,30.159606]"
1170,УИК №1170,Красносельский,"пр. Народного Ополчения, д. 223","[59.825298,30.164197]"
1171,УИК №1171,Красносельский,"Российский бульвар (м/р Сергиево), д. 4/2","[59.832448,30.089358]"
1172,УИК №1172,Красносельский,"пр. Ветеранов, д. 180","[59.834605,30.129656]"
1173,УИК №1173,Красносельский,"ул. Летчика Пилютова, д. 50","[59.828555,30.14129]"
1174,УИК №1174,Красносельский,"ул. Летчика Пилютова, д. 50","[59.828555,30.14129]"
1175,УИК №1175,Красносельский,"ул. Пограничника Гарькавого, д. 46, к. 4","[59.827492,30.151423]"
1176,УИК №1176,Красносельский,"пр. Ветеранов, д. 166","[59.834962,30.141694]"
1177,УИК №1177,Красносельский,"ул. Пограничника Гарькавого, д. 46, к. 4","[59.827492,30.151423]"
1178,УИК №1178,Красносельский,"ул. Пограничника Гарькавого, д. 36, к. 6","[59.832417,30.152042]"
1179,УИК №1179,Красносельский,"Таллинское ш., д. 111, стр. 2","[59.816161,30.173961]"
1180,УИК №1180,Красносельский,"Красносельское ш., д. 34","[59.785934,30.144523]"
1181,УИК №1181,Красносельский,"ул. Политрука Пасечника, д. 3","[59.78179,30.110675]"
1182,УИК №1182,Красносельский,"ул. Политрука Пасечника, д. 3","[59.78179,30.110675]"
1183,УИК №1183,Красносельский,"ул. Геологическая, д. 75, к. 5","[59.753264,30.077761]"
1184,УИК №1184,Красносельский,"Красносельское ш., д. 34","[59.785934,30.144523]"
1185,УИК №1185,Красносельский,"Красносельское ш., д. 34","[59.785934,30.144523]"
1186,УИК №1186,Красносельский,"Красносельское ш., д. 34","[59.785934,30.144523]"
1187,УИК №1187,Красносельский,"Красносельское ш., д. 46, к. 4","[59.788171,30.150596]"
1188,УИК №1188,Красносельский,"Красносельское ш., д. 54, к. 7","[59.792862,30.151674]"
1189,УИК №1189,Красносельский,"Красносельское ш., д. 54, к. 7","[59.792862,30.151674]"
1190,УИК №1190,Красносельский,"ул. Коммунаров, д. 188, к. 1","[59.794387,30.16037]"
1191,УИК №1191,Красносельский,"Красносельское ш., д. 46, к. 4","[59.788171,30.150596]"
1193,УИК №1193,Красносельский,"пр. Ленина, д. 49/8","[59.741853,30.090957]"
1194,УИК №1194,Красносельский,"ул. Спирина, д. 2, к. 3","[59.746029,30.088693]"
1195,УИК №1195,Красносельский,"ул. Спирина, д. 2, к. 3","[59.746029,30.088693]"
1196,УИК №1196,Красносельский,"ул. Спирина, д. 2, к. 3","[59.746029,30.088693]"
1197,УИК №1197,Красносельский,"пр. Ленина, д. 88","[59.73887,30.09181]"
1198,УИК №1198,Красносельский,"пр. Ленина, д. 88","[59.73887,30.09181]"
1199,УИК №1199,Красносельский,"ул. Освобождения, д. 29, к. 3","[59.745336,30.081111]"
1200,УИК №1200,Красносельский,"пр. Ленина, д. 85","[59.729255,30.083303]"
1201,УИК №1201,Красносельский,"ул. Лермонтова, д. 23","[59.732153,30.079683]"
1202,УИК №1202,Красносельский,"ул. Лермонтова, д. 23","[59.732153,30.079683]"
1203,УИК №1203,Красносельский,"ул. Освобождения, д. 29, к. 3","[59.745336,30.081111]"
1204,УИК №1204,Красносельский,"ул. Освобождения, д. 29, к. 3","[59.745336,30.081111]"
1205,УИК №1205,Красносельский,"ул. Освобождения, д. 29, к. 3","[59.745336,30.081111]"
1206,УИК №1206,Красносельский,"Кингисеппское ш., д. 10, к. 4","[59.720667,30.07441]"
1207,УИК №1207,Красносельский,"Кингисеппское ш., д. 10, к. 4","[59.720667,30.07441]"
1208,УИК №1208,Красносельский,"Кингисеппское ш., д. 10, к. 4","[59.720667,30.07441]"
1209,УИК №1209,Красносельский,"Кингисеппское ш., д. 10, к. 4","[59.720667,30.07441]"
1210,УИК №1210,Красносельский,"Красногородская ул., д. 1","[59.717436,30.086941]"
1211,УИК №1211,Красносельский,"ул. Первого Мая, д. 3, лит. А","[60.079168,30.259768]"
1212,УИК №1212,Красносельский,"Дудергоф, ул. Театральная, д. 15","[59.697015,30.125344]"
1213,УИК №1213,Красносельский,"пос. Хвойный, д. 115","[59.66953,30.072649]"
1214,УИК №1214,Красносельский,"Красногородская, д. 7, к. 3","[59.719582,30.086079]"
1215,УИК №1215,Красносельский,"Красногородская, д. 7, к. 3","[59.719582,30.086079]"
1216,УИК №1216,Красносельский,"Красногородская, д. 7, к. 3","[59.719582,30.086079]"
1220,УИК №1220,Кронштадтский,"Кронштадт, Лебедева ул., дом 5а","[59.986709,29.787066]"
1221,УИК №1221,Кронштадтский,"Кронштадт, Лебедева ул., дом 5а","[59.986709,29.787066]"
1222,УИК №1222,Кронштадтский,"Кронштадт, Рошаля пл., дом 4/11","[59.995305,29.781335]"
1223,УИК №1223,Кронштадтский,"Кронштадт, Рошаля пл., дом 4/11","[59.995305,29.781335]"
1224,УИК №1224,Кронштадтский,"Кронштадт, Пл. Якорная, дом 3В","[59.991264,29.779978]"
1225,УИК №1225,Кронштадтский,"Кронштадт, Коммунистическая ул., дом 16","[59.990323,29.771902]"
1226,УИК №1226,Кронштадтский,"Кронштадт, Советская ул., дом 35","[59.994333,29.777921]"
1227,УИК №1227,Кронштадтский,"Кронштадт, Флотская ул., дом 5","[59.996632,29.776645]"
1228,УИК №1228,Кронштадтский,"Кронштадт, Ленина пр., дом 15","[59.997014,29.765919]"
1229,УИК №1229,Кронштадтский,"Кронштадт, Ленина пр., дом 6","[59.999422,29.769198]"
1230,УИК №1230,Кронштадтский,"Кронштадт, Ленина пр., дом 6","[59.999422,29.769198]"
1231,УИК №1231,Кронштадтский,"Кронштадт, Андреевская ул., дом 7","[59.996358,29.762497]"
1232,УИК №1232,Кронштадтский,"Кронштадт, Андреевская ул., дом 7","[59.996358,29.762497]"
1233,УИК №1233,Кронштадтский,"Кронштадт, Ленина пр., дом 51","[59.991687,29.761383]"
1234,УИК №1234,Кронштадтский,"Кронштадт, Станюковича ул., дом 4","[60.008837,29.723375]"
1235,УИК №1235,Кронштадтский,"Кронштадт, Станюковича ул., дом 4","[60.008837,29.723375]"
1236,УИК №1236,Кронштадтский,"Кронштадт, Станюковича ул., дом 4","[60.008837,29.723375]"
1237,УИК №1237,Кронштадтский,"Кронштадт, Гидростроителей ул., дом 6","[60.011509,29.720025]"
1238,УИК №1238,Кронштадтский,"Кронштадт, Цитадельское шоссе, дом 2","[59.993086,29.751906]"
1239,УИК №1239,Курортный,"Сестрорецк, пр. Красных Командиров, 9","[60.055443,29.979997]"
1240,УИК №1240,Курортный,"Сестрорецк, ул. Ново-Гагаринская, 39, корп. 2","[60.082795,29.962067]"
1241,УИК №1241,Курортный,"Сестрорецк, ул. Ново-Гагаринская, 39, корп. 2","[60.082795,29.962067]"
1242,УИК №1242,Курортный,"Сестрорецк, ул. Токарева, 5, лит. А","[60.087053,29.956228]"
1243,УИК №1243,Курортный,"Сестрорецк, ул. Токарева, 10","[60.087219,29.952895]"
1244,УИК №1244,Курортный,"Сестрорецк, ул. Токарева, 7","[60.088153,29.955958]"
1245,УИК №1245,Курортный,"Сестрорецк, ул. Токарева, 20, лит. А","[60.089508,29.950829]"
1246,УИК №1246,Курортный,"Сестрорецк, Дубковское шоссе, 42, лит. Б","[60.090822,29.942861]"
1247,УИК №1247,Курортный,"Сестрорецк, Советский пер. , 10, лит. А","[60.092954,29.953425]"
1248,УИК №1248,Курортный,"Сестрорецк, пл. Свободы, 6, лит. А","[60.09539,29.97105]"
1249,УИК №1249,Курортный,"Сестрорецк, набережная реки Сестры, 12, строение 1","[60.099122,29.96796]"
1250,УИК №1250,Курортный,"Сестрорецк, набережная реки Сестры, 12, строение 1","[60.099122,29.96796]"
1251,УИК №1251,Курортный,"Сестрорецк, пл. Свободы, 1","[60.093748,29.972523]"
1252,УИК №1252,Курортный,"Сестрорецк, ул. Крещенская, д. 11, стр. 1","[60.097126,29.975999]"
1253,УИК №1253,Курортный,"Сестрорецк, ул. Крещенская, д. 11, стр. 1","[60.097126,29.975999]"
1254,УИК №1254,Курортный,"Белоостров, ул. Восточная, 6, лит. А","[60.14466,29.998502]"
1255,УИК №1255,Курортный,"Солнечное, Приморское шоссе, д. 374","[60.149748,29.926817]"
1256,УИК №1256,Курортный,"Песочный, квартал 8-й, 140","[60.122192,30.171464]"
1257,УИК №1257,Курортный,"Песочный, ул. Ленинградская, 53, лит. А","[60.120493,30.166874]"
1258,УИК №1258,Курортный,"Песочный, ул. Речная, 24, лит. А","[60.12446,30.146536]"
1259,УИК №1259,Курортный,"Песочный, ул. Речная, 24, лит. А","[60.12446,30.146536]"
1260,УИК №1260,Курортный,"Репино, ул. Луговая, 4, лит. А","[60.166731,29.867968]"
1261,УИК №1261,Курортный,"Комарово, ул. Цветочная, 22","[60.185204,29.825514]"
1262,УИК №1262,Курортный,"Зеленогорск, пр. Ленина, 15","[60.197952,29.708391]"
1263,УИК №1263,Курортный,"Зеленогорск, пр. Ленина, 25","[60.200796,29.706828]"
1264,УИК №1264,Курортный,"Зеленогорск, пр. Ленина, 25","[60.200796,29.706828]"
1265,УИК №1265,Курортный,"Зеленогорск, пр. Ленина, 2, лит. А","[60.194182,29.701879]"
1266,УИК №1266,Курортный,"Зеленогорск, участок «Ленэнерго», д. 5, лит. А","[60.23647,29.692177]"
1267,УИК №1267,Курортный,"Зеленогорск, тер. Красавица, д. 1","[60.242062,29.754484]"
1268,УИК №1268,Курортный,"Зеленогорск, ул. Мира, 6, лит. А","[60.199271,29.689661]"
1269,УИК №1269,Курортный,"Ушково, ул. Пляжевая, 10, лит. Ж","[60.200828,29.605256]"
1270,УИК №1270,Курортный,"Серово, ул. Лесная, 9, лит. А","[60.20271,29.569898]"
1271,УИК №1271,Курортный,"Молодежное, ул. Правды, 6, лит. А","[60.1945,29.516305]"
1272,УИК №1272,Курортный,"Смолячково, Приморское шоссе, 704","[60.173807,29.45371]"
1273,УИК №1273,Курортный,"Сестрорецк, ул. Николая Соколова, д. 19, лит. А","[60.055214,30.004225]"
1279,УИК №1279,Московский ,"Московский пр., д. 80","[59.905132,30.319291]"
1280,УИК №1280,Московский ,"Московский пр., д. 96","[59.900953,30.319767]"
1281,УИК №1281,Московский ,"Московский пр., д. 96","[59.900953,30.319767]"
1282,УИК №1282,Московский ,"Благодатная ул., д. 20","[59.876265,30.316183]"
1283,УИК №1283,Московский ,"Варшавская ул., д. 30","[59.873672,30.314278]"
1284,УИК №1284,Московский ,"Московский пр., д. 112","[59.893209,30.322273]"
1285,УИК №1285,Московский ,"Благодатная ул., д. 36","[59.876423,30.329828]"
1286,УИК №1286,Московский ,"Московский пр., д. 164","[59.879453,30.320773]"
1287,УИК №1287,Московский ,"Московский пр., д. 164","[59.879453,30.320773]"
1288,УИК №1288,Московский ,"Благодатная ул., д. 32","[59.876368,30.325238]"
1289,УИК №1289,Московский ,"Благодатная ул., д. 32","[59.876368,30.325238]"
1290,УИК №1290,Московский ,"Благодатная ул., д. 32","[59.876368,30.325238]"
1291,УИК №1291,Московский ,"Фрунзе ул., д. 13","[59.860857,30.325202]"
1292,УИК №1292,Московский ,"Фрунзе ул., д. 12","[59.862099,30.325067]"
1293,УИК №1293,Московский ,"Фрунзе ул., д. 12","[59.862099,30.325067]"
1294,УИК №1294,Московский ,"Фрунзе ул., д. 13","[59.860857,30.325202]"
1295,УИК №1295,Московский ,"Фрунзе ул., д. 22","[59.86219,30.332783]"
1296,УИК №1296,Московский ,"Фрунзе ул., д. 22","[59.86219,30.332783]"
1297,УИК №1297,Московский ,"Ленсовета ул., д. 6","[59.860057,30.331238]"
1298,УИК №1298,Московский ,"Благодатная ул., д. 36","[59.876423,30.329828]"
1299,УИК №1299,Московский ,"Благодатная ул., д. 36","[59.876423,30.329828]"
1357,УИК №1357,Московский ,"Московский пр., д. 96","[59.900953,30.319767]"
1358,УИК №1358,Московский ,"Глеба Успенского ул., д. 9","[59.886997,30.315688]"
1300,УИК №1300,Московский ,"Юрия Гагарина пр., д. 16, корп. 3","[59.860419,30.341479]"
1301,УИК №1301,Московский ,"Юрия Гагарина пр., д. 22, корп. 3","[59.85721,30.341569]"
1302,УИК №1302,Московский ,"Юрия Гагарина пр., д. 22, корп. 3","[59.85721,30.341569]"
1303,УИК №1303,Московский ,"Юрия Гагарина пр., д. 22, корп. 3","[59.85721,30.341569]"
1304,УИК №1304,Московский ,"Космонавтов пр., д. 21, корп. 4","[59.860527,30.344902]"
1305,УИК №1305,Московский ,"Космонавтов пр., д. 21, корп. 4","[59.860527,30.344902]"
1306,УИК №1306,Московский ,"Космонавтов пр., д. 21, корп. 4","[59.860527,30.344902]"
1307,УИК №1307,Московский ,"Космонавтов пр., д. 20, корп. 4","[59.8619,30.352636]"
1308,УИК №1308,Московский ,"Космонавтов пр., д. 20, корп. 4","[59.8619,30.352636]"
1309,УИК №1309,Московский ,"Космонавтов пр., д. 28, корп. 4","[59.858878,30.354038]"
1310,УИК №1310,Московский ,"Космонавтов пр., д. 28, корп. 4","[59.858878,30.354038]"
1311,УИК №1311,Московский ,"Космонавтов пр., д. 28, корп. 4","[59.858878,30.354038]"
1312,УИК №1312,Московский ,"Космонавтов пр., д. 28, корп. 4","[59.858878,30.354038]"
1313,УИК №1313,Московский ,"Витебский пр., д. 49, корп. 2","[59.84998,30.359499]"
1314,УИК №1314,Московский ,"Витебский пр., д. 49, корп. 2","[59.84998,30.359499]"
1315,УИК №1315,Московский ,"Витебский пр., д. 49, корп. 2","[59.84998,30.359499]"
1316,УИК №1316,Московский ,"Витебский пр., д. 57, литера А","[59.847087,30.361017]"
1317,УИК №1317,Московский ,"Витебский пр., д. 57, литера А","[59.847087,30.361017]"
1318,УИК №1318,Московский ,"Витебский пр., д. 57, литера А","[59.847087,30.361017]"
1319,УИК №1319,Московский ,"Витебский пр., д. 73, корп. 2","[59.840822,30.365051]"
1320,УИК №1320,Московский ,"Витебский пр., д. 73, корп. 2","[59.840822,30.365051]"
1321,УИК №1321,Московский ,"Витебский пр., д. 85, корп. 2","[59.838069,30.366767]"
1322,УИК №1322,Московский ,"Витебский пр., д. 85, корп. 2","[59.838069,30.366767]"
1323,УИК №1323,Московский ,"Витебский пр., д. 73, корп. 2","[59.840822,30.365051]"
1324,УИК №1324,Московский ,"Витебский пр., д. 85, корп. 2","[59.838069,30.366767]"
1354,УИК №1354,Московский ,"Космонавтов пр., д. 79","[59.831272,30.360874]"
1355,УИК №1355,Московский ,"Космонавтов пр., д. 104, корп. 2","[59.830065,30.367081]"
1359,УИК №1359,Московский ,"Космонавтов пр., 29, корп. 7","[59.85571,30.345971]"
1325,УИК №1325,Московский ,"Авиационная ул., д. 38","[59.85412,30.332882]"
1326,УИК №1326,Московский ,"Авиационная ул., д. 38","[59.85412,30.332882]"
1327,УИК №1327,Московский ,"Авиационная ул., д. 38","[59.85412,30.332882]"
1328,УИК №1328,Московский ,"Алтайская ул., д. 15","[59.848936,30.326127]"
1329,УИК №1329,Московский ,"Юрия Гагарина пр., д. 51","[59.84701,30.335245]"
1330,УИК №1330,Московский ,"Орджоникидзе ул., д. 18","[59.845017,30.326441]"
1331,УИК №1331,Московский ,"Орджоникидзе ул., д. 18","[59.845017,30.326441]"
1332,УИК №1332,Московский ,"Алтайская ул., д. 15","[59.848936,30.326127]"
1333,УИК №1333,Московский ,"Юрия Гагарина пр., д. 51","[59.84701,30.335245]"
1334,УИК №1334,Московский ,"Юрия Гагарина пр., д. 51","[59.84701,30.335245]"
1335,УИК №1335,Московский ,"Ленсовета ул., д. 43, корп. 2","[59.842296,30.327025]"
1336,УИК №1336,Московский ,"Ленсовета ул., д. 43, корп. 2","[59.842296,30.327025]"
1337,УИК №1337,Московский ,"Ленсовета ул., д. 87, корп. 2","[59.835546,30.341614]"
1338,УИК №1338,Московский ,"Ленсовета ул., д. 68","[59.836658,30.345135]"
1339,УИК №1339,Московский ,"Ленсовета ул., д. 68","[59.836658,30.345135]"
1340,УИК №1340,Московский ,"Звёздная ул., д. 7","[59.833389,30.355637]"
1341,УИК №1341,Московский ,"Ленсовета ул., д. 68","[59.836658,30.345135]"
1342,УИК №1342,Московский ,"Ленсовета ул., д. 68","[59.836658,30.345135]"
1343,УИК №1343,Московский ,"Пулковская ул., д. 11, корп. 1","[59.838331,30.348711]"
1344,УИК №1344,Московский ,"Ленсовета ул., д. 87, корп. 2","[59.835546,30.341614]"
1345,УИК №1345,Московский ,"Ленсовета ул., д. 87, корп. 2","[59.835546,30.341614]"
1346,УИК №1346,Московский ,"Ленсовета ул., д. 68","[59.836658,30.345135]"
1347,УИК №1347,Московский ,"Звёздная ул., д. 7","[59.833389,30.355637]"
1348,УИК №1348,Московский ,"Звёздная ул., д. 7","[59.833389,30.355637]"
1349,УИК №1349,Московский ,"Пулковское шоссе, д. 20, корп. 5, строение 1","[59.827655,30.328148]"
1350,УИК №1350,Московский ,"Пулковское шоссе, д. 20, корп. 5, строение 1","[59.827655,30.328148]"
1351,УИК №1351,Московский ,"Пулковское шоссе, д. 20, корп. 5, строение 1","[59.827655,30.328148]"
1352,УИК №1352,Московский ,"Пулковская ул., д. 11, корп. 1","[59.838331,30.348711]"
1353,УИК №1353,Московский ,"Среднерогатская ул., д. 11, корп. 3, строение 1","[59.822688,30.329729]"
1361,УИК №1361,Московский ,"Фёдора Котанова ул., д. 3, корп. 3","[59.825963,30.339188]"
1362,УИК №1362,Московский ,"Среднерогатская ул., д. 9, корп. 2, строение 1","[59.824516,30.32954]"
1363,УИК №1363,Московский ,"Среднерогатская ул., д. 11, корп. 3, строение 1","[59.822688,30.329729]"
1364,УИК №1364,Московский ,"Идрицкая ул., д. 5, корп. 2","[59.813745,30.339395]"
1365,УИК №1365,Московский ,"Фёдора Котанова ул., д. 3, корп. 3","[59.825963,30.339188]"
1366,УИК №1366,Московский ,"Фёдора Котанова ул., д. 3, корп. 3","[59.825963,30.339188]"
1367,УИК №1367,Московский ,"Кузнецовская ул., д. 20, корп. 2","[59.87257,30.309283]"
1368,УИК №1368,Московский ,"Кузнецовская ул., д. 20, корп. 2","[59.87257,30.309283]"
1369,УИК №1369,Московский ,"Благодатная ул., д. 11","[59.873934,30.301558]"
1370,УИК №1370,Московский ,"Благодатная ул., д. 11","[59.873934,30.301558]"
1371,УИК №1371,Московский ,"Кузнецовская ул., д. 20, корп. 2","[59.87257,30.309283]"
1372,УИК №1372,Московский ,"Варшавская ул., д. 33","[59.861494,30.3117]"
1373,УИК №1373,Московский ,"Варшавская ул., д. 33","[59.861494,30.3117]"
1374,УИК №1374,Московский ,"Кубинская ул., д. 32, корп. 1","[59.861882,30.298567]"
1375,УИК №1375,Московский ,"Варшавская ул., д. 33","[59.861494,30.3117]"
1376,УИК №1376,Московский ,"Варшавская ул., д. 33","[59.861494,30.3117]"
1377,УИК №1377,Московский ,"Варшавская ул., д. 51","[59.854766,30.311646]"
1378,УИК №1378,Московский ,"Варшавская ул., д. 51","[59.854766,30.311646]"
1379,УИК №1379,Московский ,"Варшавская ул., д. 51","[59.854766,30.311646]"
1380,УИК №1380,Московский ,"Варшавская ул., д. 51","[59.854766,30.311646]"
1381,УИК №1381,Московский ,"Варшавская ул., д. 63","[59.849483,30.314107]"
1382,УИК №1382,Московский ,"Кубинская ул., д. 32, корп. 1","[59.861882,30.298567]"
1383,УИК №1383,Московский ,"Кубинская ул., д. 32, корп. 1","[59.861882,30.298567]"
1384,УИК №1384,Московский ,"Кубинская ул., д. 46","[59.860075,30.29836]"
1385,УИК №1385,Московский ,"Кубинская ул., д. 46","[59.860075,30.29836]"
1386,УИК №1386,Московский ,"Краснопутиловская ул., д. 60","[59.858394,30.298252]"
1387,УИК №1387,Московский ,"Кубинская ул., д. 62","[59.854978,30.295369]"
1388,УИК №1388,Московский ,"Кубинская ул., д. 62","[59.854978,30.295369]"
1389,УИК №1389,Московский ,"Костюшко ул., д. 34","[59.848348,30.305627]"
1390,УИК №1390,Московский ,"Костюшко ул., д. 34","[59.848348,30.305627]"
1391,УИК №1391,Московский ,"Костюшко ул., д. 34","[59.848348,30.305627]"
1392,УИК №1392,Московский ,"Костюшко ул., д. 34","[59.848348,30.305627]"
1393,УИК №1393,Московский ,"Костюшко ул., д. 62","[59.846341,30.309346]"
1394,УИК №1394,Московский ,"Костюшко ул., д. 62","[59.846341,30.309346]"
1413,УИК №1413,Московский ,"Костюшко ул., д. 62","[59.846341,30.309346]"
1395,УИК №1395,Московский ,"Варшавская ул., д. 40","[59.870727,30.314458]"
1396,УИК №1396,Московский ,"Варшавская ул., д. 40","[59.870727,30.314458]"
1397,УИК №1397,Московский ,"Московский пр., д. 169","[59.863278,30.318833]"
1398,УИК №1398,Московский ,"Победы ул., д. 10","[59.860387,30.316569]"
1399,УИК №1399,Московский ,"Ленинский пр., д. 161, корп. 3","[59.851173,30.318024]"
1400,УИК №1400,Московский ,"Московский пр., д. 203А","[59.846396,30.318285]"
1401,УИК №1401,Московский ,"Московский пр., д. 203А","[59.846396,30.318285]"
1402,УИК №1402,Московский ,"Московский пр., д. 203А","[59.846396,30.318285]"
1403,УИК №1403,Московский ,"5-ый Предпортовый пр-д., д. 6, корп. 1","[59.838164,30.313065]"
1404,УИК №1404,Московский ,"5-ый Предпортовый пр-д., д. 6, корп. 1","[59.838164,30.313065]"
1405,УИК №1405,Московский ,"5-й Предпортовый пр-д., д. 8, корп. 2","[59.83621,30.313398]"
1406,УИК №1406,Московский ,"5-й Предпортовый пр-д., д. 8, корп. 2","[59.83621,30.313398]"
1407,УИК №1407,Московский ,"5-ый Предпортовый пр-д., д. 6, корп. 1","[59.838164,30.313065]"
1408,УИК №1408,Московский ,"Взлётная, ул. д. 5, корп. 1","[59.812093,30.292736]"
1409,УИК №1409,Московский ,"Взлётная, ул. д. 5, корп. 1","[59.812093,30.292736]"
1410,УИК №1410,Московский ,"Взлётная, ул. д. 5, корп. 1","[59.812093,30.292736]"
1411,УИК №1411,Московский ,"Пулковское шоссе, д. 88","[59.769134,30.33617]"
1412,УИК №1412,Московский ,"Пулковское шоссе, д. 99, корп. 7","[59.754991,30.304783]"
1414,УИК №1414,Московский ,"Орбитальная ул., д. 9, корп. 2","[59.762804,30.316156]"
1415,УИК №1415,Московский ,"Орбитальная ул., д. 9, корп. 2","[59.762804,30.316156]"
1422,УИК №1422,Невский,"Новосаратовская улица, дом 14","[59.861923,30.50738]"
1423,УИК №1423,Невский,"Новосаратовская улица, дом 14","[59.861923,30.50738]"
1424,УИК №1424,Невский,"Новосаратовская улица, дом 14","[59.861923,30.50738]"
1425,УИК №1425,Невский,"Октябрьская набережная, дом 84,  корпус 1","[59.871789,30.467953]"
1426,УИК №1426,Невский,"Октябрьская набережная, дом 84,  корпус 1","[59.871789,30.467953]"
1427,УИК №1427,Невский,"Октябрьская набережная, дом 84,  корпус 1","[59.871789,30.467953]"
1428,УИК №1428,Невский,"Октябрьская набережная, дом 70,  корпус 2","[59.876648,30.460173]"
1429,УИК №1429,Невский,"Октябрьская набережная, дом 70,  корпус 2","[59.876648,30.460173]"
1430,УИК №1430,Невский,"улица Новоселов, дом 21","[59.882663,30.462949]"
1431,УИК №1431,Невский,"улица Новоселов, дом 21","[59.882663,30.462949]"
1432,УИК №1432,Невский,"улица Новоселов, дом 21","[59.882663,30.462949]"
1433,УИК №1433,Невский,"улица Народная, дом 63","[59.881918,30.480664]"
1434,УИК №1434,Невский,"улица Народная, дом 63","[59.881918,30.480664]"
1435,УИК №1435,Невский,"улица Народная, дом 63","[59.881918,30.480664]"
1436,УИК №1436,Невский,"улица Народная, дом 63","[59.881918,30.480664]"
1437,УИК №1437,Невский,"улица Народная, дом 63","[59.881918,30.480664]"
1438,УИК №1438,Невский,"улица Народная, дом 44","[59.884149,30.472121]"
1439,УИК №1439,Невский,"улица Народная, дом 44","[59.884149,30.472121]"
1440,УИК №1440,Невский,"улица Народная, дом 44","[59.884149,30.472121]"
1441,УИК №1441,Невский,"улица Тельмана, дом 47","[59.890884,30.486503]"
1442,УИК №1442,Невский,"улица Тельмана, дом 47","[59.890884,30.486503]"
1533,УИК №1533,Невский,"улица Русановская, дом 15, корпус 2","[59.863062,30.509491]"
1534,УИК №1534,Невский,"улица Русановская, дом 15, корпус 2","[59.863062,30.509491]"
1538,УИК №1538,Невский,"улица Крыленко, дом 2","[59.893886,30.450076]"
1539,УИК №1539,Невский,"улица Русановская, дом 18, строение 5","[59.8678,30.512384]"
1443,УИК №1443,Невский,"проспект Большевиков, дом 28","[59.898277,30.493115]"
1444,УИК №1444,Невский,"проспект Большевиков, дом 28","[59.898277,30.493115]"
1445,УИК №1445,Невский,"улица Крыленко, дом 33, корпус 2","[59.896892,30.486099]"
1446,УИК №1446,Невский,"улица Крыленко, дом 33, корпус 2","[59.896892,30.486099]"
1447,УИК №1447,Невский,"улица Крыленко, дом 25, корпус 5","[59.895881,30.48291]"
1448,УИК №1448,Невский,"улица Крыленко, дом 25, корпус 5","[59.895881,30.48291]"
1449,УИК №1449,Невский,"улица Крыленко, дом 25, корпус 5","[59.895881,30.48291]"
1450,УИК №1450,Невский,"улица Тельмана, дом 34","[59.892473,30.472543]"
1451,УИК №1451,Невский,"улица Тельмана, дом 34","[59.892473,30.472543]"
1452,УИК №1452,Невский,"улица Тельмана, дом 34","[59.892473,30.472543]"
1453,УИК №1453,Невский,"улица Тельмана, дом 34","[59.892473,30.472543]"
1454,УИК №1454,Невский,"улица Тельмана, дом 34","[59.892473,30.472543]"
1455,УИК №1455,Невский,"улица Евдокима Огнева, дом 4, корпус 2","[59.897068,30.464575]"
1456,УИК №1456,Невский,"улица Евдокима Огнева, дом 4, корпус 2","[59.897068,30.464575]"
1457,УИК №1457,Невский,"улица Дыбенко, дом 17,  корпус 3","[59.90163,30.468177]"
1458,УИК №1458,Невский,"улица Дыбенко, дом 17,  корпус 3","[59.90163,30.468177]"
1459,УИК №1459,Невский,"улица Дыбенко, дом 17,  корпус 3","[59.90163,30.468177]"
1460,УИК №1460,Невский,"улица Дыбенко, дом 17,  корпус 3","[59.90163,30.468177]"
1461,УИК №1461,Невский,"проспект Большевиков, дом 23","[59.904207,30.481724]"
1462,УИК №1462,Невский,"проспект Большевиков, дом 23","[59.904207,30.481724]"
1463,УИК №1463,Невский,"проспект Большевиков, дом 23","[59.904207,30.481724]"
1464,УИК №1464,Невский,"проспект Большевиков, дом 23","[59.904207,30.481724]"
1465,УИК №1465,Невский,"проспект Большевиков, дом 23","[59.904207,30.481724]"
2353,УИК №2353,Невский,"улица Дыбенко, дом 5, корпус 4, строение 1","[59.897411,30.452376]"
2354,УИК №2354,Невский,"улица Дыбенко, дом 5, корпус 4, строение 1","[59.897411,30.452376]"
1466,УИК №1466,Невский,"улица Дыбенко, дом 12,  корпус 2","[59.903683,30.462922]"
1467,УИК №1467,Невский,"улица Дыбенко, дом 12,  корпус 2","[59.903683,30.462922]"
1468,УИК №1468,Невский,"улица Дыбенко, дом 12,  корпус 2","[59.903683,30.462922]"
1469,УИК №1469,Невский,"улица Дыбенко, дом 12,  корпус 2","[59.903683,30.462922]"
1470,УИК №1470,Невский,"улица Дыбенко, дом 20,  корпус 4","[59.906179,30.471483]"
1471,УИК №1471,Невский,"улица Дыбенко, дом 20,  корпус 4","[59.906179,30.471483]"
1472,УИК №1472,Невский,"улица Дыбенко, дом 24,  корпус 4","[59.907875,30.478553]"
1473,УИК №1473,Невский,"улица Дыбенко, дом 24,  корпус 4","[59.907875,30.478553]"
1474,УИК №1474,Невский,"улица Дыбенко, дом 24,  корпус 4","[59.907875,30.478553]"
1475,УИК №1475,Невский,"улица Дыбенко, дом 24,  корпус 4","[59.907875,30.478553]"
1476,УИК №1476,Невский,"улица Белышева, дом 6","[59.912098,30.455915]"
1477,УИК №1477,Невский,"улица Белышева, дом 6","[59.912098,30.455915]"
1478,УИК №1478,Невский,"улица Белышева, дом 6","[59.912098,30.455915]"
1479,УИК №1479,Невский,"улица Белышева, дом 6","[59.912098,30.455915]"
1480,УИК №1480,Невский,"улица Коллонтай, дом 19,  корпус 5","[59.915111,30.466417]"
1481,УИК №1481,Невский,"улица Коллонтай, дом 19,  корпус 5","[59.915111,30.466417]"
1482,УИК №1482,Невский,"улица Коллонтай, дом 19,  корпус 5","[59.915111,30.466417]"
1483,УИК №1483,Невский,"улица Коллонтай, дом 19,  корпус 5","[59.915111,30.466417]"
1484,УИК №1484,Невский,"улица Подвойского, дом 18, корпус 3","[59.914453,30.467899]"
1485,УИК №1485,Невский,"улица Подвойского, дом 18, корпус 3","[59.914453,30.467899]"
1486,УИК №1486,Невский,"улица Подвойского, дом 18, корпус 3","[59.914453,30.467899]"
1487,УИК №1487,Невский,"улица Подвойского, дом 18, корпус 3","[59.914453,30.467899]"
1537,УИК №1537,Невский,"улица Белышева, дом 6","[59.912098,30.455915]"
2359,УИК №2359,Невский,"улица Архивная, дом 9, корпус 3","[59.901369,30.448684]"
2360,УИК №2360,Невский,"улица Архивная, дом 9, корпус 3","[59.901369,30.448684]"
2361,УИК №2361,Невский,"улица Архивная, дом 9, корпус 3","[59.901369,30.448684]"
1488,УИК №1488,Невский,"проспект Большевиков, дом 4, корпус 2","[59.917515,30.476837]"
1489,УИК №1489,Невский,"проспект Большевиков, дом 4, корпус 2","[59.917515,30.476837]"
1490,УИК №1490,Невский,"проспект Большевиков, дом 4, корпус 2","[59.917515,30.476837]"
1491,УИК №1491,Невский,"проспект Большевиков, дом 4, корпус 2","[59.917515,30.476837]"
1492,УИК №1492,Невский,"проспект Большевиков, дом 4, корпус 2","[59.917515,30.476837]"
1493,УИК №1493,Невский,"Товарищеский проспект,  дом 10, корпус 2","[59.919017,30.487024]"
1494,УИК №1494,Невский,"Товарищеский проспект,  дом 10, корпус 2","[59.919017,30.487024]"
1495,УИК №1495,Невский,"проспект Солидарности,  дом 11, корпус 2","[59.919482,30.489027]"
1496,УИК №1496,Невский,"проспект Солидарности,  дом 11, корпус 2","[59.919482,30.489027]"
1497,УИК №1497,Невский,"проспект Солидарности,  дом 11, корпус 2","[59.919482,30.489027]"
1498,УИК №1498,Невский,"Товарищеский проспект,  дом 28, корпус 2","[59.91314,30.491273]"
1499,УИК №1499,Невский,"Товарищеский проспект,  дом 28, корпус 2","[59.91314,30.491273]"
1500,УИК №1500,Невский,"Товарищеский проспект,  дом 28, корпус 2","[59.91314,30.491273]"
1501,УИК №1501,Невский,"Товарищеский проспект,  дом 28, корпус 2","[59.91314,30.491273]"
1502,УИК №1502,Невский,"Товарищеский проспект,  дом 28, корпус 2","[59.91314,30.491273]"
1503,УИК №1503,Невский,"улица Подвойского, дом 50, корпус 4","[59.923306,30.500436]"
1504,УИК №1504,Невский,"улица Подвойского, дом 50, корпус 4","[59.923306,30.500436]"
1505,УИК №1505,Невский,"улица Подвойского, дом 50, корпус 4","[59.923306,30.500436]"
1506,УИК №1506,Невский,"улица Коллонтай, дом 41, корпус 2","[59.923162,30.495989]"
1507,УИК №1507,Невский,"улица Коллонтай, дом 41, корпус 2","[59.923162,30.495989]"
1508,УИК №1508,Невский,"улица Коллонтай, дом 36","[59.927238,30.493501]"
1509,УИК №1509,Невский,"проспект Солидарности, дом 3, корпус 4","[59.925881,30.482353]"
1510,УИК №1510,Невский,"проспект Солидарности, дом 3, корпус 4","[59.925881,30.482353]"
1511,УИК №1511,Невский,"проспект Солидарности, дом 3, корпус 4","[59.925881,30.482353]"
1512,УИК №1512,Невский,"проспект Солидарности, дом 1, корпус 2","[59.928081,30.481778]"
1513,УИК №1513,Невский,"проспект Солидарности, дом 1, корпус 2","[59.928081,30.481778]"
1514,УИК №1514,Невский,"проспект Солидарности, дом 1, корпус 2","[59.928081,30.481778]"
1515,УИК №1515,Невский,"улица Латышских Стрелков, дом 9, корпус 3","[59.929691,30.467234]"
1516,УИК №1516,Невский,"улица Латышских Стрелков, дом 9, корпус 3","[59.929691,30.467234]"
1517,УИК №1517,Невский,"улица Латышских Стрелков, дом 9, корпус 3","[59.929691,30.467234]"
1518,УИК №1518,Невский,"улица Латышских Стрелков, дом 9, корпус 3","[59.929691,30.467234]"
1519,УИК №1519,Невский,"улица Латышских Стрелков, дом 9, корпус 3","[59.929691,30.467234]"
1520,УИК №1520,Невский,"улица Латышских Стрелков, дом 9, корпус 3","[59.929691,30.467234]"
1521,УИК №1521,Невский,"Набережная реки Оккервиль, дом 10","[59.925498,30.457344]"
1522,УИК №1522,Невский,"Набережная реки Оккервиль, дом 10","[59.925498,30.457344]"
1523,УИК №1523,Невский,"Набережная реки Оккервиль, дом 10","[59.925498,30.457344]"
1524,УИК №1524,Невский,"улица Джона Рида, дом 6","[59.920708,30.450023]"
1525,УИК №1525,Невский,"улица Джона Рида, дом 6","[59.920708,30.450023]"
1526,УИК №1526,Невский,"проспект Союзный, дом 5, корпус 2, строение 1","[59.917326,30.444803]"
1527,УИК №1527,Невский,"улица Джона Рида, дом 6","[59.920708,30.450023]"
1528,УИК №1528,Невский,"проспект Союзный, дом 5, корпус 2, строение 1","[59.917326,30.444803]"
1529,УИК №1529,Невский,"улица Джона Рида, дом 3,  корпус 1","[59.91941,30.456571]"
1530,УИК №1530,Невский,"проспект Пятилеток, дом 6, корпус 3","[59.919928,30.458871]"
1531,УИК №1531,Невский,"проспект Пятилеток, дом 6, корпус 3","[59.919928,30.458871]"
1532,УИК №1532,Невский,"проспект Союзный, дом 5, корпус 2, строение 1","[59.917326,30.444803]"
1535,УИК №1535,Невский,"улица Латышских Стрелков, дом 9, корпус 3","[59.929691,30.467234]"
1536,УИК №1536,Невский,"ул. Еремеева, д. 1 строение 1","[59.917542,30.430008]"
2341,УИК №2341,Невский,"проспект Союзный, дом 5, корпус 2, строение 1","[59.917326,30.444803]"
1545,УИК №1545,Невский,"улица Хрустальная, дом 12","[59.911656,30.402672]"
1546,УИК №1546,Невский,"проспект Елизарова, дом 7","[59.897375,30.42549]"
1547,УИК №1547,Невский,"проспект Елизарова, дом 7","[59.897375,30.42549]"
1548,УИК №1548,Невский,"улица Ольги Берггольц, дом 15","[59.895109,30.424016]"
1549,УИК №1549,Невский,"улица Ольги Берггольц, дом 15","[59.895109,30.424016]"
1550,УИК №1550,Невский,"Большой Смоленский проспект, дом 36","[59.895163,30.40941]"
1551,УИК №1551,Невский,"Большой Смоленский проспект, дом 36","[59.895163,30.40941]"
1552,УИК №1552,Невский,"улица Ольги Берггольц, дом 27","[59.891308,30.413192]"
1553,УИК №1553,Невский,"улица Ольги Берггольц, дом 27","[59.891308,30.413192]"
1554,УИК №1554,Невский,"улица Ткачей, дом 9","[59.89324,30.426738]"
1555,УИК №1555,Невский,"улица Ткачей, дом 9","[59.89324,30.426738]"
1556,УИК №1556,Невский,"улица Ткачей, дом 9","[59.89324,30.426738]"
1557,УИК №1557,Невский,"улица Седова, дом 56","[59.88567,30.423891]"
1558,УИК №1558,Невский,"улица Седова, дом 56","[59.88567,30.423891]"
1559,УИК №1559,Невский,"улица Седова, д. 66","[59.879642,30.429828]"
1560,УИК №1560,Невский,"улица Седова, д. 66","[59.879642,30.429828]"
1561,УИК №1561,Невский,"улица Бабушкина, дом 65","[59.878748,30.439261]"
1562,УИК №1562,Невский,"улица Бабушкина, дом 65","[59.878748,30.439261]"
1563,УИК №1563,Невский,"улица Бабушкина, дом 65","[59.878748,30.439261]"
1564,УИК №1564,Невский,"улица Ивановская, дом 11","[59.875691,30.442351]"
1565,УИК №1565,Невский,"улица Ивановская, дом 11","[59.875691,30.442351]"
1566,УИК №1566,Невский,"улица Бабушкина, дом 50","[59.87425,30.446627]"
1567,УИК №1567,Невский,"улица Бабушкина, дом 50","[59.87425,30.446627]"
1568,УИК №1568,Невский,"улица Бабушкина, дом 50","[59.87425,30.446627]"
1569,УИК №1569,Невский,"Бульвар Красных Зорь, дом 6, корпус 2","[59.869603,30.445702]"
1570,УИК №1570,Невский,"Бульвар Красных Зорь, дом 6, корпус 2","[59.869603,30.445702]"
1571,УИК №1571,Невский,"Бульвар Красных Зорь, дом 6, корпус 2","[59.869603,30.445702]"
1572,УИК №1572,Невский,"улица Шелгунова, дом 23","[59.866703,30.44828]"
1573,УИК №1573,Невский,"улица Седова, дом 122","[59.868049,30.444516]"
1574,УИК №1574,Невский,"проспект Александровской Фермы, дом 11","[59.863048,30.449924]"
1575,УИК №1575,Невский,"проспект Александровской Фермы, дом 11","[59.863048,30.449924]"
1576,УИК №1576,Невский,"переулок Антокольский, дом 4, корпус 2","[59.861819,30.456158]"
2366,УИК №2366,Невский,"переулок Антокольский, дом 4, корпус 2","[59.861819,30.456158]"
2367,УИК №2367,Невский,"улица Бабушкина, дом 56, корпус 1","[59.869887,30.451056]"
1577,УИК №1577,Невский,"улица Бабушкина, дом 56, корпус 1","[59.869887,30.451056]"
1578,УИК №1578,Невский,"улица Бабушкина, дом 56, корпус 1","[59.869887,30.451056]"
1579,УИК №1579,Невский,"улица Бабушкина, дом 119","[59.862284,30.461108]"
1580,УИК №1580,Невский,"проспект Обуховской Обороны,  дом 257","[59.859429,30.478499]"
1581,УИК №1581,Невский,"проспект Обуховской Обороны,  дом 257","[59.859429,30.478499]"
1582,УИК №1582,Невский,"проспект Обуховской Обороны,  дом 257","[59.859429,30.478499]"
1583,УИК №1583,Невский,"2—й Рабфаковский переулок, дом 1, корпус 4","[59.85449,30.467369]"
1584,УИК №1584,Невский,"2—й Рабфаковский переулок, дом 1, корпус 4","[59.85449,30.467369]"
1585,УИК №1585,Невский,"2—й Рабфаковский переулок, дом 1, корпус 4","[59.85449,30.467369]"
1586,УИК №1586,Невский,"Шлиссельбургский проспект, дом 10","[59.841202,30.494561]"
1587,УИК №1587,Невский,"Шлиссельбургский проспект, дом 10","[59.841202,30.494561]"
1588,УИК №1588,Невский,"Шлиссельбургский проспект, дом 10","[59.841202,30.494561]"
1589,УИК №1589,Невский,"улица Караваевская, дом 6","[59.838561,30.491498]"
1590,УИК №1590,Невский,"улица Караваевская, дом 6","[59.838561,30.491498]"
1591,УИК №1591,Невский,"улица Караваевская, дом 6","[59.838561,30.491498]"
1592,УИК №1592,Невский,"улица Караваевская, дом 10, корпус 2","[59.837626,30.494965]"
1593,УИК №1593,Невский,"улица Караваевская, дом 10, корпус 2","[59.837626,30.494965]"
1594,УИК №1594,Невский,"Рыбацкий проспект, дом 29, корпус 2","[59.838991,30.504856]"
1595,УИК №1595,Невский,"Рыбацкий проспект, дом 29, корпус 2","[59.838991,30.504856]"
1596,УИК №1596,Невский,"Рыбацкий проспект, дом 29, корпус 2","[59.838991,30.504856]"
1597,УИК №1597,Невский,"Рыбацкий проспект, дом 29, корпус 2","[59.838991,30.504856]"
1598,УИК №1598,Невский,"Шлиссельбургский проспект, дом 43","[59.832919,30.514809]"
1599,УИК №1599,Невский,"Шлиссельбургский проспект, дом 43","[59.832919,30.514809]"
1600,УИК №1600,Невский,"Шлиссельбургский проспект, дом 43","[59.832919,30.514809]"
1601,УИК №1601,Невский,"Шлиссельбургский проспект, дом 43","[59.832919,30.514809]"
1602,УИК №1602,Невский,"Шлиссельбургский проспект, дом 24, корпус 2","[59.836658,30.511782]"
1603,УИК №1603,Невский,"Шлиссельбургский проспект, дом 24, корпус 2","[59.836658,30.511782]"
1604,УИК №1604,Невский,"Шлиссельбургский проспект, дом 24, корпус 2","[59.836658,30.511782]"
1605,УИК №1605,Невский,"Гудиловская улица, дом 6, корпус 3, строение 1","[59.828333,30.53591]"
1606,УИК №1606,Невский,"Советский проспект, дом 38, строение 1","[59.825022,30.558072]"
1607,УИК №1607,Невский,"Гудиловская улица, дом 6, корпус 3, строение 1","[59.828333,30.53591]"
1612,УИК №1612,Петроградский,"ул. Блохина, 31","[59.952646,30.29306]"
1613,УИК №1613,Петроградский,"ул. Зверинская, 35","[59.951916,30.303956]"
1614,УИК №1614,Петроградский,"пер. Татарский, 12-14","[59.953534,30.303103]"
1615,УИК №1615,Петроградский,"ул. Блохина, 31","[59.952646,30.29306]"
1616,УИК №1616,Петроградский,"Съезжинская ул., 15/17","[59.953741,30.298414]"
1617,УИК №1617,Петроградский,"ул. Зверинская, 35","[59.951916,30.303956]"
1618,УИК №1618,Петроградский,"ул. Большая Пушкарская , 14","[59.956399,30.299294]"
1619,УИК №1619,Петроградский,"ул. Введенская , 15","[59.95584,30.304154]"
1620,УИК №1620,Петроградский,"ул. Воскова, 1","[59.957287,30.30322]"
1621,УИК №1621,Петроградский,"пр-т Большой П. С., 73/36","[59.964944,30.311071]"
1622,УИК №1622,Петроградский,"ул. Сытнинская, 5/7","[59.95694,30.309364]"
1623,УИК №1623,Петроградский,"ул. Сытнинская, 5/7","[59.95694,30.309364]"
1624,УИК №1624,Петроградский,"ул. Большая Монетная, 2/4","[59.96076,30.312356]"
1625,УИК №1625,Петроградский,"ул. Мира, 4","[59.959503,30.31338]"
1626,УИК №1626,Петроградский,"ул. Мира, 4","[59.959503,30.31338]"
1627,УИК №1627,Петроградский,"пер. Певческий, 4","[59.958665,30.327025]"
1628,УИК №1628,Петроградский,"ул. Большая Посадская, 5/7","[59.958314,30.323665]"
1629,УИК №1629,Петроградский,"пер. Певческий, 4","[59.958665,30.327025]"
1630,УИК №1630,Петроградский,"ул. Большая Посадская, 5/7","[59.958314,30.323665]"
1631,УИК №1631,Петроградский,"ул. Мира, 26","[59.961661,30.324043]"
1632,УИК №1632,Петроградский,"ул. Мира, 18","[59.960818,30.320548]"
1633,УИК №1633,Петроградский,"ул. Мира, 26","[59.961661,30.324043]"
1634,УИК №1634,Петроградский,"ул. Мира, 26","[59.961661,30.324043]"
1635,УИК №1635,Петроградский,"пр-т Каменноостровский, 36/73","[59.964962,30.311754]"
1636,УИК №1636,Петроградский,"ул. Литераторов, 9-11","[59.969358,30.313586]"
1637,УИК №1637,Петроградский,"ул. Профессора Попова, 25","[59.971852,30.311619]"
1638,УИК №1638,Петроградский,"пр-т Каменноостровский, 69/71","[59.974595,30.304406]"
1639,УИК №1639,Петроградский,"пр-т Чкаловский, 35","[59.967993,30.303121]"
1640,УИК №1640,Петроградский,"пр-т Каменноостровский, 42","[59.966782,30.309607]"
1641,УИК №1641,Петроградский,"ул. Плуталова, 24","[59.964552,30.307253]"
1642,УИК №1642,Петроградский,"пр-т Каменноостровский, 42-Б","[59.968232,30.308843]"
1643,УИК №1643,Петроградский,"ул. Подковырова, 28","[59.964971,30.300184]"
1644,УИК №1644,Петроградский,"пр-т Чкаловский, 30","[59.963462,30.294632]"
1645,УИК №1645,Петроградский,"ул. Пудожская, 4-Б","[59.964192,30.293347]"
1646,УИК №1646,Петроградский,"пр-т Чкаловский, 30","[59.963462,30.294632]"
1647,УИК №1647,Петроградский,"ул. Гатчинская, 1/56","[59.960877,30.302869]"
1648,УИК №1648,Петроградский,"пр-т Большой П. С., 29/2","[59.957913,30.29977]"
1649,УИК №1649,Петроградский,"ул. Малая Разночинная, 2/4","[59.957611,30.292108]"
1650,УИК №1650,Петроградский,"ул. Малая Разночинная, 2/4","[59.957611,30.292108]"
1651,УИК №1651,Петроградский,"ул. Красного Курсанта, 6/9","[59.954957,30.292404]"
1652,УИК №1652,Петроградский,"ул. Красного Курсанта, 6/9","[59.954957,30.292404]"
1653,УИК №1653,Петроградский,"ул. Новоладожская, 8","[59.962458,30.273584]"
1669,УИК №1669,Петроградский,"ул. Депутатская, 6","[59.972361,30.275704]"
1654,УИК №1654,Петроградский,"ул. Новоладожская, 8","[59.962458,30.273584]"
1655,УИК №1655,Петроградский,"ул. Красного Курсанта, 18","[59.958242,30.284328]"
1656,УИК №1656,Петроградский,"пр-т Чкаловский, 22","[59.962507,30.29262]"
1657,УИК №1657,Петроградский,"пр-т Чкаловский, 22","[59.962507,30.29262]"
1658,УИК №1658,Петроградский,"ул. Большая Зеленина, 30","[59.964386,30.285128]"
1659,УИК №1659,Петроградский,"пр. Динамо, 14","[59.968646,30.274635]"
1660,УИК №1660,Петроградский,"ул. Профессора Попова, 37-Б","[59.971672,30.29898]"
1661,УИК №1661,Петроградский,"ул. Пудожская, 4-Б","[59.964192,30.293347]"
1662,УИК №1662,Петроградский,"пр. Левашовский, 5","[59.966502,30.295144]"
1663,УИК №1663,Петроградский,"пр. Чкаловский, 25-А","[59.965462,30.298791]"
1664,УИК №1664,Петроградский,"наб. Песочная, 14 Б","[59.972969,30.296069]"
1674,УИК №1674,Петродворцовый,"Стрельна, проспект Буденного, дом 20, корп. 4, стр. 1","[59.843806,30.086663]"
1675,УИК №1675,Петродворцовый,"Стрельна, Санкт-Петербургское шоссе, дом 69, лит. А","[59.854011,30.033141]"
1676,УИК №1676,Петродворцовый,"Стрельна, ул. Орловская, дом 2, лит. А","[59.853763,30.037956]"
1677,УИК №1677,Петродворцовый,"Стрельна, Волхонское шоссе, дом 26, лит. А","[59.845645,30.023601]"
1679,УИК №1679,Петродворцовый,"Стрельна, Санкт-Петербургское шоссе, дом 102","[59.853374,30.02317]"
1680,УИК №1680,Петродворцовый,"Стрельна, Санкт-Петербургское шоссе, дом № 77","[59.854544,30.025236]"
1681,УИК №1681,Петродворцовый,"Петергоф, Санкт-Петербургское шоссе, дом 130, лит. В","[59.855877,30.006291]"
1682,УИК №1682,Петродворцовый,"Петергоф, Ропшинское шоссе, дом 8, лит. А","[59.854752,29.947963]"
1683,УИК №1683,Петродворцовый,"Петергоф, Санкт-Петербургский пр., дом 4","[59.876906,29.927086]"
1684,УИК №1684,Петродворцовый,"Петергоф, Эрлеровский бульвар, дом 1/35","[59.870709,29.917861]"
1685,УИК №1685,Петродворцовый,"Петергоф, ул. Володи Дубинина, дом 1","[59.862691,29.92511]"
1686,УИК №1686,Петродворцовый,"Петергоф, Санкт-Петербургский пр., дом 43, лит. А","[59.880509,29.911213]"
1687,УИК №1687,Петродворцовый,"Петергоф, Эрлеровский бульвар, дом 20","[59.871066,29.908168]"
1688,УИК №1688,Петродворцовый,"Петергоф, Эрлеровский бульвар, дом 20","[59.871066,29.908168]"
1689,УИК №1689,Петродворцовый,"Петергоф, Разводная ул., дом 27","[59.874887,29.896445]"
1690,УИК №1690,Петродворцовый,"Петергоф, ул. Блан-Менильская, дом 5","[59.876188,29.889546]"
1691,УИК №1691,Петродворцовый,"Петергоф, ул. Блан-Менильская, дом 5","[59.876188,29.889546]"
1692,УИК №1692,Петродворцовый,"Петергоф, Заячий проспект, дом 3","[59.869937,29.878137]"
1693,УИК №1693,Петродворцовый,"Петергоф, Ботаническая ул., дом  6, лит. А","[59.868758,29.863351]"
1694,УИК №1694,Петродворцовый,"Петергоф, Ботаническая ул., дом  6, лит. А","[59.868758,29.863351]"
1695,УИК №1695,Петродворцовый,"Петергоф, Ботаническая ул., дом  8, лит. А","[59.869201,29.861383]"
1696,УИК №1696,Петродворцовый,"Петергоф, Ботаническая ул., дом  8, лит. А","[59.869201,29.861383]"
1697,УИК №1697,Петродворцовый,"Петергоф, ул. Шахматова, дом 10, корп. 1, лит. А","[59.870158,29.862991]"
1698,УИК №1698,Петродворцовый,"Петергоф, ул. Шахматова, дом 10, корп. 1, лит. А","[59.870158,29.862991]"
1699,УИК №1699,Петродворцовый,"Петергоф, Собственный проспект, дом 1","[59.889611,29.875927]"
1700,УИК №1700,Петродворцовый,"Петергоф, Бобыльская дорога, дом 59, корп. 2","[59.887611,29.860045]"
1701,УИК №1701,Петродворцовый,"Петергоф, ул. Широкая, дом 8","[59.87715,29.854448]"
1703,УИК №1703,Петродворцовый,"Петергоф, ул. Юты Бондаровской, дом 23, лит.  А","[59.862239,29.928874]"
1706,УИК №1706,Петродворцовый,"Ломоносов, ул. Жоры Антоненко, дом 1","[59.901048,29.815228]"
1708,УИК №1708,Петродворцовый,"Ломоносов, Дворцовый пр., дом 12/8, лит.  А","[59.914705,29.774759]"
1709,УИК №1709,Петродворцовый,"Ломоносов, ул. Сафронова, дом 5, лит. А","[59.910397,29.779763]"
1710,УИК №1710,Петродворцовый,"Ломоносов, ул. Сафронова, дом 5, лит. А","[59.910397,29.779763]"
1711,УИК №1711,Петродворцовый,"Ломоносов, Владимирская ул., дом 28, лит. А","[59.906156,29.770672]"
1712,УИК №1712,Петродворцовый,"Ломоносов, Владимирская ул., дом 28, лит. А","[59.906156,29.770672]"
1713,УИК №1713,Петродворцовый,"Ломоносов, Красноармейская ул., дом 20","[59.90741,29.778918]"
1714,УИК №1714,Петродворцовый,"Ломоносов, ул. Скуридина, дом 6А, лит. А","[59.902077,29.778999]"
1715,УИК №1715,Петродворцовый,"Ломоносов, ул. Скуридина, дом 6А, лит. А","[59.902077,29.778999]"
1716,УИК №1716,Петродворцовый,"Ломоносов, ул. Дегтярева, дом 1/7, лит. А","[59.909571,29.763278]"
1717,УИК №1717,Петродворцовый,"Ломоносов, ул. Дегтярева, дом 1/7, лит. А","[59.909571,29.763278]"
1718,УИК №1718,Петродворцовый,"Ломоносов, ул. Скуридина, дом 6А, лит. А","[59.902077,29.778999]"
1719,УИК №1719,Петродворцовый,"Ломоносов, Ораниенбаумский пр., дом 42, стр. 1","[59.894446,29.774804]"
1721,УИК №1721,Петродворцовый,"Ломоносов, ул. Победы, дом 28, корп. 2, лит.  А","[59.897984,29.772307]"
1722,УИК №1722,Петродворцовый,"Ломоносов, ул. Победы, дом 28, корп. 2, лит.  А","[59.897984,29.772307]"
1724,УИК №1724,Приморский,"Ольгино, Садовая ул., д.6","[59.998135,30.147569]"
1725,УИК №1725,Приморский,"Ольгино, Садовая ул., д.6","[59.998135,30.147569]"
1726,УИК №1726,Приморский,"Юнтоловский пр., д.40, к.1","[60.031166,30.134175]"
1727,УИК №1727,Приморский,"Юнтоловский пр., д.51, к.6","[60.0294,30.146976]"
1728,УИК №1728,Приморский,"Юнтоловский пр., д.40, к.1","[60.031166,30.134175]"
1729,УИК №1729,Приморский,"Лисий Нос, Приморское ш., д.48","[60.014706,30.009605]"
1730,УИК №1730,Приморский,"Лисий Нос, Приморское ш., д.48","[60.014706,30.009605]"
1893,УИК №1893,Приморский,"пр. Королева, д.47, к.2, лит. А","[60.023093,30.254711]"
1894,УИК №1894,Приморский,"пр. Королева, д.47, к.2, лит. А","[60.023093,30.254711]"
1895,УИК №1895,Приморский,"пр. Королева, д.47, к.2, лит. А","[60.023093,30.254711]"
1896,УИК №1896,Приморский,"ул. Маршала Новикова, д.14","[60.017549,30.269174]"
1897,УИК №1897,Приморский,"ул. Маршала Новикова, д.14","[60.017549,30.269174]"
1898,УИК №1898,Приморский,"Комендантский пр., д.29, к.2","[60.020089,30.249914]"
1899,УИК №1899,Приморский,"Комендантский пр., д.29, к.2","[60.020089,30.249914]"
1900,УИК №1900,Приморский,"Комендантский пр., д.29, к.2","[60.020089,30.249914]"
1901,УИК №1901,Приморский,"Комендантский пр., д.29, к.2","[60.020089,30.249914]"
1902,УИК №1902,Приморский,"Комендантский пр., д.37, к.3","[60.024774,30.243724]"
1903,УИК №1903,Приморский,"Комендантский пр., д.37, к.3","[60.024774,30.243724]"
1904,УИК №1904,Приморский,"Комендантский пр., д.37, к.3","[60.024774,30.243724]"
1906,УИК №1906,Приморский,"пр. Авиаконструкторов, д.21, к.2, лит. А","[60.017935,30.240607]"
1907,УИК №1907,Приморский,"пр. Авиаконструкторов, д.21, к.2, лит. А","[60.017935,30.240607]"
1908,УИК №1908,Приморский,"пр. Авиаконструкторов, д.29, к.3, лит. А","[60.020323,30.239673]"
1909,УИК №1909,Приморский,"пр. Авиаконструкторов, д.29, к.3, лит. А","[60.020323,30.239673]"
1910,УИК №1910,Приморский,"пр. Авиаконструкторов, д.14, лит. А","[60.016618,30.236816]"
1911,УИК №1911,Приморский,"пр. Авиаконструкторов, д.14, лит. А","[60.016618,30.236816]"
1912,УИК №1912,Приморский,"пр. Авиаконструкторов, д.14, лит. А","[60.016618,30.236816]"
1913,УИК №1913,Приморский,"пр. Авиаконструкторов, д.35, к.2, лит. А","[60.021672,30.235927]"
1914,УИК №1914,Приморский,"пр. Авиаконструкторов, д.35, к.2, лит. А","[60.021672,30.235927]"
1915,УИК №1915,Приморский,"пр. Авиаконструкторов, д.22, к.1, лит. А","[60.020539,30.23166]"
1916,УИК №1916,Приморский,"пр. Авиаконструкторов, д.22, к.1, лит. А","[60.020539,30.23166]"
1917,УИК №1917,Приморский,"пр. Авиаконструкторов, д.22, к.1, лит. А","[60.020539,30.23166]"
1918,УИК №1918,Приморский,"Планерная ул., д.73, к.1, лит. А","[60.026181,30.215445]"
1919,УИК №1919,Приморский,"Планерная ул., д.69, к.2 лит. А","[60.025089,30.218868]"
1920,УИК №1920,Приморский,"Планерная ул., д.69, к.2 лит. А","[60.025089,30.218868]"
1921,УИК №1921,Приморский,"Планерная ул., д.69, к.2 лит. А","[60.025089,30.218868]"
1922,УИК №1922,Приморский,"Планерная ул., д.73, к.1, лит. А","[60.026181,30.215445]"
1923,УИК №1923,Приморский,"Плесецкая ул., д.8, к.5,  стр.1","[60.034987,30.210163]"
1924,УИК №1924,Приморский,"Нижне-Каменская ул., д.2, лит. А","[60.028762,30.22972]"
1925,УИК №1925,Приморский,"пр. Королева, д.55, стр.1","[60.027386,30.249456]"
1926,УИК №1926,Приморский,"Плесецкая ул., д.8, к.5,  стр.1","[60.034987,30.210163]"
2466,УИК №2466,Приморский,"пр. Авиаконструкторов, д.56, стр.1","[60.03451,30.202159]"
1731,УИК №1731,Приморский,"Гаккелевская ул., д.24, лит. А","[60.003196,30.254163]"
1732,УИК №1732,Приморский,"Гаккелевская ул., д.24, лит. А","[60.003196,30.254163]"
1733,УИК №1733,Приморский,"Гаккелевская ул., д.24, лит. А","[60.003196,30.254163]"
1734,УИК №1734,Приморский,"Гаккелевская ул., д.24, лит. А","[60.003196,30.254163]"
1735,УИК №1735,Приморский,"Ситцевая ул., д.15, лит. А","[60.000371,30.238631]"
1736,УИК №1736,Приморский,"Ситцевая ул., д.15, лит. А","[60.000371,30.238631]"
1737,УИК №1737,Приморский,"Ситцевая ул., д.15, лит. А","[60.000371,30.238631]"
1738,УИК №1738,Приморский,"Камышовая ул., д.18, лит. А","[60.00545,30.2412]"
1739,УИК №1739,Приморский,"Камышовая ул., д.18, лит. А","[60.00545,30.2412]"
1740,УИК №1740,Приморский,"Камышовая ул., д.18, лит. А","[60.00545,30.2412]"
1741,УИК №1741,Приморский,"Камышовая ул., д.18, лит. А","[60.00545,30.2412]"
1742,УИК №1742,Приморский,"Яхтенная ул., д.33, лит. А, к.3","[60.006768,30.226782]"
1743,УИК №1743,Приморский,"Яхтенная ул., д.33, лит. А, к.3","[60.006768,30.226782]"
1744,УИК №1744,Приморский,"Богатырский пр., д.55, к.3, лит. А","[60.007542,30.216146]"
1745,УИК №1745,Приморский,"Богатырский пр., д.55, к.3, лит. А","[60.007542,30.216146]"
1746,УИК №1746,Приморский,"Богатырский пр., д.55, к.3, лит. А","[60.007542,30.216146]"
1747,УИК №1747,Приморский,"Богатырский пр., д.55, к.3, лит. А","[60.007542,30.216146]"
1748,УИК №1748,Приморский,"Богатырский пр., д.61, к.2, лит. А","[60.008968,30.206049]"
1749,УИК №1749,Приморский,"Богатырский пр., д.61, к.2, лит. А","[60.008968,30.206049]"
1750,УИК №1750,Приморский,"Богатырский пр., д.61, к.2, лит. А","[60.008968,30.206049]"
1751,УИК №1751,Приморский,"ул. Оптиков, д.47, к.5, лит. А","[60.005072,30.202797]"
1752,УИК №1752,Приморский,"ул. Оптиков, д.47, к.5, лит. А","[60.005072,30.202797]"
1753,УИК №1753,Приморский,"ул. Оптиков, д.47, к.5, лит. А","[60.005072,30.202797]"
1754,УИК №1754,Приморский,"ул. Оптиков, д.47, к.5, лит. А","[60.005072,30.202797]"
1755,УИК №1755,Приморский,"ул. Оптиков, д.45, к.3","[60.003358,30.205546]"
1756,УИК №1756,Приморский,"ул. Оптиков, д.46, к.3, лит. А","[59.99917,30.204459]"
1757,УИК №1757,Приморский,"ул. Оптиков, д.46, к.3, лит. А","[59.99917,30.204459]"
1758,УИК №1758,Приморский,"ул. Оптиков, д.46, к.3, лит. А","[59.99917,30.204459]"
1759,УИК №1759,Приморский,"Лыжный пер., д.4, к.2, стр.1","[59.996816,30.199096]"
1760,УИК №1760,Приморский,"Богатырский пр., д.50, к.2, лит. А","[60.00424,30.216829]"
1761,УИК №1761,Приморский,"Богатырский пр., д.50, к.2, лит. А","[60.00424,30.216829]"
1762,УИК №1762,Приморский,"Богатырский пр., д.50, к.2, лит. А","[60.00424,30.216829]"
1763,УИК №1763,Приморский,"Лыжный пер., д.4, к.2, стр.1","[59.996816,30.199096]"
1764,УИК №1764,Приморский,"Мебельная ул., д.21, к.3, лит. А","[59.997437,30.213622]"
1765,УИК №1765,Приморский,"Мебельная ул., д.21, к.3, лит. А","[59.997437,30.213622]"
1766,УИК №1766,Приморский,"Мебельная ул., д.21, к.3, лит. А","[59.997437,30.213622]"
1767,УИК №1767,Приморский,"Лыжный пер., д.4, к.2, стр.1","[59.996816,30.199096]"
1768,УИК №1768,Приморский,"ул. Савушкина, д.111, к.2, лит. А","[59.9867,30.237966]"
1769,УИК №1769,Приморский,"ул. Савушкина, д.111, к.2, лит. А","[59.9867,30.237966]"
1770,УИК №1770,Приморский,"ул. Савушкина, д.111, к.2, лит. А","[59.9867,30.237966]"
1771,УИК №1771,Приморский,"Яхтенная ул., д.7, к.3, лит. А","[59.988149,30.218877]"
1772,УИК №1772,Приморский,"Яхтенная ул., д.7, к.3, лит. А","[59.988149,30.218877]"
1773,УИК №1773,Приморский,"Яхтенная ул., д.7, к.3, лит. А","[59.988149,30.218877]"
1774,УИК №1774,Приморский,"Приморский пр., д.143, к.3,  лит. А","[59.98553,30.209022]"
1775,УИК №1775,Приморский,"Школьная ул., д.114, к.3, лит. А","[59.989747,30.211304]"
1776,УИК №1776,Приморский,"Школьная ул., д.114, к.3, лит. А","[59.989747,30.211304]"
1777,УИК №1777,Приморский,"Школьная ул., д.114, к.3, лит. А","[59.989747,30.211304]"
1778,УИК №1778,Приморский,"Школьная ул., д.114, к.3, лит. А","[59.989747,30.211304]"
1779,УИК №1779,Приморский,"Приморский пр., д.143, к.3,  лит. А","[59.98553,30.209022]"
1780,УИК №1780,Приморский,"Приморский пр., д.143, к.3,  лит. А","[59.98553,30.209022]"
1781,УИК №1781,Приморский,"Приморский пр., д.143, к.3,  лит. А","[59.98553,30.209022]"
1782,УИК №1782,Приморский,"Приморский пр., д.157, к.3,  лит. А","[59.986587,30.195036]"
1783,УИК №1783,Приморский,"Приморский пр., д.157, к.3,  лит. А","[59.986587,30.195036]"
1784,УИК №1784,Приморский,"Приморский пр., д.157, к.3,  лит. А","[59.986587,30.195036]"
1785,УИК №1785,Приморский,"ул. Савушкина, д.134, к.4, лит. А","[59.987951,30.195665]"
1786,УИК №1786,Приморский,"ул. Савушкина, д.134, к.4, лит. А","[59.987951,30.195665]"
1787,УИК №1787,Приморский,"ул. Савушкина, д.134, к.4, лит. А","[59.987951,30.195665]"
1788,УИК №1788,Приморский,"Богатырский пр., д.50, к.2, лит. А","[60.00424,30.216829]"
1793,УИК №1793,Приморский,"Школьная ул., д.66, лит. А","[59.986632,30.26214]"
1794,УИК №1794,Приморский,"Школьная ул., д.66, лит. А","[59.986632,30.26214]"
1795,УИК №1795,Приморский,"Савушкина ул., д.61","[59.984202,30.268778]"
1796,УИК №1796,Приморский,"Школьная ул., д.19, лит. А","[59.9881,30.285182]"
1797,УИК №1797,Приморский,"Школьная ул., д.13, лит. А","[59.98868,30.290392]"
1798,УИК №1798,Приморский,"Школьная ул., д.13, лит. А","[59.98868,30.290392]"
1799,УИК №1799,Приморский,"Школьная ул., д.19, лит. А","[59.9881,30.285182]"
1800,УИК №1800,Приморский,"Школьная ул., д.13, лит. А","[59.98868,30.290392]"
1801,УИК №1801,Приморский,"Новосибирская ул., д.16, к.2, лит. А","[59.991651,30.302304]"
1802,УИК №1802,Приморский,"Новосибирская ул., д.16, к.2, лит. А","[59.991651,30.302304]"
1803,УИК №1803,Приморский,"Омская ул., д.16, лит. А","[59.995251,30.313443]"
1804,УИК №1804,Приморский,"Омская ул., д.16, лит. А","[59.995251,30.313443]"
1805,УИК №1805,Приморский,"Омская ул., д.16, лит. А","[59.995251,30.313443]"
1806,УИК №1806,Приморский,"Торжковская ул., д.10, к.2","[59.990224,30.3102]"
1807,УИК №1807,Приморский,"Торжковская ул., д.10, к.2","[59.990224,30.3102]"
1808,УИК №1808,Приморский,"Торжковская ул., д.30а, лит.","[59.992402,30.317144]"
1809,УИК №1809,Приморский,"Сердобольская ул., д.50/52, лит. А","[59.989189,30.317494]"
1810,УИК №1810,Приморский,"Сердобольская ул., д.50/52, лит. А","[59.989189,30.317494]"
1859,УИК №1859,Приморский,"Сердобольская ул., д.50/52, лит. А","[59.989189,30.317494]"
1812,УИК №1812,Приморский,"пр. Сизова, д.32, к.3, лит. А","[60.015673,30.275327]"
1813,УИК №1813,Приморский,"пр. Сизова, д.32, к.3, лит. А","[60.015673,30.275327]"
1814,УИК №1814,Приморский,"пр. Сизова, д.32, к.3, лит. А","[60.015673,30.275327]"
1815,УИК №1815,Приморский,"пр. Сизова, д.32, к.3, лит. А","[60.015673,30.275327]"
1816,УИК №1816,Приморский,"Комендантский пр., д.21, к.3, лит. А","[60.013982,30.257055]"
1817,УИК №1817,Приморский,"ул. Маршала Новикова, д.1, к.3, лит. А","[60.009543,30.270368]"
1818,УИК №1818,Приморский,"ул. Маршала Новикова, д.1, к.3, лит. А","[60.009543,30.270368]"
1819,УИК №1819,Приморский,"ул. Маршала Новикова, д.1, к.3, лит. А","[60.009543,30.270368]"
1820,УИК №1820,Приморский,"ул. Маршала Новикова, д.1, к.3, лит. А","[60.009543,30.270368]"
1821,УИК №1821,Приморский,"ул. Маршала Новикова, д.8, к.2, лит. А","[60.011414,30.265832]"
1822,УИК №1822,Приморский,"ул. Маршала Новикова, д.8, к.2, лит. А","[60.011414,30.265832]"
1823,УИК №1823,Приморский,"ул. Маршала Новикова, д.8, к.2, лит. А","[60.011414,30.265832]"
1824,УИК №1824,Приморский,"Комендантский пр., д.17, к.3, лит. А","[60.01253,30.259256]"
1825,УИК №1825,Приморский,"Комендантский пр., д.17, к.3, лит. А","[60.01253,30.259256]"
1826,УИК №1826,Приморский,"Комендантский пр., д.17, к.3, лит. А","[60.01253,30.259256]"
1827,УИК №1827,Приморский,"Комендантский пр., д.21, к.3, лит. А","[60.013982,30.257055]"
1828,УИК №1828,Приморский,"Комендантский пр., д.21, к.3, лит. А","[60.013982,30.257055]"
1829,УИК №1829,Приморский,"Комендантский пр., д.21, к.3, лит. А","[60.013982,30.257055]"
1831,УИК №1831,Приморский,"Комендантский пр., д.22, к.3, лит. А","[60.011329,30.250758]"
1832,УИК №1832,Приморский,"Комендантский пр., д.22, к.3, лит. А","[60.011329,30.250758]"
1833,УИК №1833,Приморский,"Комендантский пр., д.22, к.3, лит. А","[60.011329,30.250758]"
1834,УИК №1834,Приморский,"Комендантский пр., д.22, к.3, лит. А","[60.011329,30.250758]"
1835,УИК №1835,Приморский,"пр. Авиаконструкторов, д.15, к.2, лит. А","[60.013695,30.244982]"
1836,УИК №1836,Приморский,"пр. Авиаконструкторов, д.15, к.2, лит. А","[60.013695,30.244982]"
1837,УИК №1837,Приморский,"пр. Авиаконструкторов, д.15, к.2, лит. А","[60.013695,30.244982]"
1838,УИК №1838,Приморский,"ул. Ильюшина, д.15, к.3, лит. А","[60.011064,30.239817]"
1839,УИК №1839,Приморский,"ул. Ильюшина, д.15, к.3, лит. А","[60.011064,30.239817]"
1840,УИК №1840,Приморский,"ул. Ильюшина, д.15, к.3, лит. А","[60.011064,30.239817]"
1841,УИК №1841,Приморский,"Богатырский пр., д.19, лит. А","[60.001883,30.261053]"
1842,УИК №1842,Приморский,"Богатырский пр., д.19, лит. А","[60.001883,30.261053]"
1843,УИК №1843,Приморский,"Богатырский пр., д.19, лит. А","[60.001883,30.261053]"
1844,УИК №1844,Приморский,"Богатырский пр., д.19, лит. А","[60.001883,30.261053]"
1845,УИК №1845,Приморский,"Торфяная дор., д.15, к.2, стр.1","[59.994288,30.258322]"
1867,УИК №1867,Приморский,"Аэродромная ул., д.11, к.2,  лит. А","[59.998279,30.290374]"
1868,УИК №1868,Приморский,"Аэродромная ул., д.11, к.2,  лит. А","[59.998279,30.290374]"
1869,УИК №1869,Приморский,"Аэродромная ул., д.11, к.2,  лит. А","[59.998279,30.290374]"
1870,УИК №1870,Приморский,"Аэродромная ул., д.11, к.2,  лит. А","[59.998279,30.290374]"
1871,УИК №1871,Приморский,"Аэродромная ул., д.11, к.2,  лит. А","[59.998279,30.290374]"
1872,УИК №1872,Приморский,"Богатырский пр., д.7, к.4, лит. А","[60.002045,30.287014]"
1873,УИК №1873,Приморский,"Богатырский пр., д.7, к.4, лит. А","[60.002045,30.287014]"
1874,УИК №1874,Приморский,"Серебристый бул., д.9, лит. А, к.2","[60.001073,30.282621]"
1875,УИК №1875,Приморский,"Серебристый бул., д.9, лит. А, к.2","[60.001073,30.282621]"
1876,УИК №1876,Приморский,"Серебристый бул., д.16,  лит. А, к.3","[60.002895,30.280708]"
1877,УИК №1877,Приморский,"Серебристый бул., д.16,  лит. А, к.3","[60.002895,30.280708]"
1878,УИК №1878,Приморский,"Серебристый бул., д.16,  лит. А, к.3","[60.002895,30.280708]"
1879,УИК №1879,Приморский,"ал. Поликарпова, д.7, лит. А","[60.008297,30.286331]"
1880,УИК №1880,Приморский,"ал. Поликарпова, д.7, лит. А","[60.008297,30.286331]"
1881,УИК №1881,Приморский,"ал. Поликарпова, д.7, лит. А","[60.008297,30.286331]"
1882,УИК №1882,Приморский,"ал. Поликарпова, д.7, лит. А","[60.008297,30.286331]"
1883,УИК №1883,Приморский,"пр. Королева, д.8, лит. А","[60.009557,30.286915]"
1884,УИК №1884,Приморский,"пр. Королева, д.8, лит. А","[60.009557,30.286915]"
1885,УИК №1885,Приморский,"пр. Королева, д.8, лит. А","[60.009557,30.286915]"
1886,УИК №1886,Приморский,"пр. Королева, д.8, лит. А","[60.009557,30.286915]"
1887,УИК №1887,Приморский,"пр. Королева, д.11, лит. А","[60.0111,30.287796]"
1888,УИК №1888,Приморский,"пр. Королева, д.11, лит. А","[60.0111,30.287796]"
1889,УИК №1889,Приморский,"пр. Королева, д.11, лит. А","[60.0111,30.287796]"
1890,УИК №1890,Приморский,"пр. Королева, д.11, лит. А","[60.0111,30.287796]"
1891,УИК №1891,Приморский,"Байконурская ул., д.25, лит. А","[60.014077,30.28069]"
1892,УИК №1892,Приморский,"Байконурская ул., д.25, лит. А","[60.014077,30.28069]"
2389,УИК №2389,Приморский,"Богатырский пр., д.7, к.4, лит. А","[60.002045,30.287014]"
1927,УИК №1927,Приморский,"3-я линия 1-й половины, д.10а, лит. А","[60.016586,30.296222]"
1931,УИК №1931,Приморский,"ул. Щербакова, д.18, лит. А","[60.026482,30.288254]"
1932,УИК №1932,Приморский,"ул. Щербакова, д.18, лит. А","[60.026482,30.288254]"
1933,УИК №1933,Приморский,"ул. Щербакова, д.18, лит. А","[60.026482,30.288254]"
1934,УИК №1934,Приморский,"ул. Щербакова, д.16, лит. А","[60.026689,30.290895]"
1935,УИК №1935,Приморский,"ул. Щербакова, д.16, лит. А","[60.026689,30.290895]"
1936,УИК №1936,Приморский,"Комендантский пр., д.64, к.5, стр. 1","[60.038146,30.215257]"
1937,УИК №1937,Приморский,"Новоколомяжский пр., д.4, к.4, лит. А","[60.026927,30.29862]"
1938,УИК №1938,Приморский,"Новоколомяжский пр., д.4, к.4, лит. А","[60.026927,30.29862]"
1939,УИК №1939,Приморский,"Новоколомяжский пр., д.4, к.4, лит. А","[60.026927,30.29862]"
1940,УИК №1940,Приморский,"Новоколомяжский пр., д.4, к.4, лит. А","[60.026927,30.29862]"
1941,УИК №1941,Приморский,"Комендантский пр., д.64, к.5, стр. 1","[60.038146,30.215257]"
1942,УИК №1942,Приморский,"Комендантский пр., д.53, к.2, стр. 1","[60.030829,30.235747]"
1943,УИК №1943,Приморский,"Шуваловский пр., д.37, к.2, стр. 1","[60.032115,30.24491]"
1944,УИК №1944,Приморский,"Шуваловский пр., д.37, к.2, стр. 1","[60.032115,30.24491]"
1945,УИК №1945,Приморский,"пр. Королева, д.71, к.3, стр. 1","[60.035913,30.240814]"
1946,УИК №1946,Приморский,"ул. Лидии Зверевой, д.3, к.2, стр. 1","[60.038861,30.254226]"
2395,УИК №2395,Приморский,"Комендантский пр., д.64, к.5, стр. 1","[60.038146,30.215257]"
2396,УИК №2396,Приморский,"Комендантский пр., д.53, к.2, стр. 1","[60.030829,30.235747]"
2397,УИК №2397,Приморский,"Суздальское ш., д.28, к.3, стр. 1","[60.057397,30.272363]"
2398,УИК №2398,Приморский,"Комендантский пр., д.64, к.5, стр. 1","[60.038146,30.215257]"
2399,УИК №2399,Приморский,"ул. Лидии Зверевой, д.3, к.2, стр. 1","[60.038861,30.254226]"
2400,УИК №2400,Приморский,"Комендантский пр., д.69, к.2, стр. 1","[60.040222,30.22548]"
2401,УИК №2401,Приморский,"ул. Глухарская, д.28, стр. 1","[60.036555,30.232019]"
2402,УИК №2402,Приморский,"Суздальское ш., д.28, к.3, стр. 1","[60.057397,30.272363]"
1949,УИК №1949,Пушкинский,"Пушкин, Генерала Хазова ул., 7","[59.735877,30.400633]"
1950,УИК №1950,Пушкинский,"Пушкин, Генерала Хазова ул., 18","[59.738561,30.410236]"
1951,УИК №1951,Пушкинский,"Пушкин, Генерала Хазова ул., 18","[59.738561,30.410236]"
1952,УИК №1952,Пушкинский,"Пушкин, Школьная ул., 55","[59.736584,30.415527]"
1953,УИК №1953,Пушкинский,"Пушкин, Генерала Хазова ул., 7","[59.735877,30.400633]"
1954,УИК №1954,Пушкинский,"Пушкин, Вячеслава Шишкова ул., 32/15","[59.73672,30.405646]"
1955,УИК №1955,Пушкинский,"Пушкин, Генерала Хазова ул., 7","[59.735877,30.400633]"
1956,УИК №1956,Пушкинский,"Пушкин, Красносельское ш., 14, к.3","[59.704592,30.382712]"
1957,УИК №1957,Пушкинский,"Пушкин, Железнодорожная ул., 54","[59.733709,30.418204]"
1958,УИК №1958,Пушкинский,"Пушкин, Ленинградская ул., 2","[59.724242,30.423378]"
1959,УИК №1959,Пушкинский,"Пушкин, Железнодорожная ул., 56","[59.734357,30.420378]"
1960,УИК №1960,Пушкинский,"Пушкин, Железнодорожная ул., 54","[59.733709,30.418204]"
1961,УИК №1961,Пушкинский,"Пушкин, А. Толстого бул.,42","[59.73057,30.411916]"
1962,УИК №1962,Пушкинский,"Пушкин, А. Толстого бул.,42","[59.73057,30.411916]"
1963,УИК №1963,Пушкинский,"Пушкин, Ленинградская ул., 36","[59.729354,30.40852]"
1964,УИК №1964,Пушкинский,"Пушкин, Ленинградская ул., 2","[59.724242,30.423378]"
1965,УИК №1965,Пушкинский,"Пушкин, Софийский бул., 9","[59.717128,30.422615]"
1966,УИК №1966,Пушкинский,"Пушкин, Софийский бул., 9","[59.717128,30.422615]"
1967,УИК №1967,Пушкинский,"Пушкин, Пушкинская ул., 3","[59.723135,30.401064]"
1968,УИК №1968,Пушкинский,"Пушкин, Пушкинская ул., 28/21","[59.721769,30.406948]"
1969,УИК №1969,Пушкинский,"Пушкин, Госпитальная ул., 24","[59.717545,30.415958]"
1970,УИК №1970,Пушкинский,"Пушкин, Леонтьевская ул., 10","[59.718344,30.401325]"
1971,УИК №1971,Пушкинский,"Пушкин, Красносельское ш., 14, к. 3","[59.704592,30.382712]"
1972,УИК №1972,Пушкинский,"Пушкин, Красносельское ш., 14, к. 3","[59.704592,30.382712]"
1973,УИК №1973,Пушкинский,"Пушкин, Артиллерийская  ул., 7/20","[59.707207,30.411224]"
1974,УИК №1974,Пушкинский,"Пушкин, Кадетский бул., 22а","[59.705001,30.407101]"
1975,УИК №1975,Пушкинский,"Пушкин, Артиллерийская  ул., 7/20","[59.707207,30.411224]"
1976,УИК №1976,Пушкинский,"Пушкин, Радищева ул., 22","[59.706004,30.410497]"
1977,УИК №1977,Пушкинский,"Пушкин, Кедринская ул., 10а","[59.69785,30.414844]"
1978,УИК №1978,Пушкинский,"Пушкин, Красносельское шоссе, 9","[59.70683,30.374798]"
1979,УИК №1979,Пушкинский,"Пушкин, Красносельское шоссе, 9","[59.70683,30.374798]"
1980,УИК №1980,Пушкинский,"Пушкин, Красносельское ш., 14, к. 3","[59.704592,30.382712]"
1981,УИК №1981,Пушкинский,"Пушкин, Красносельское шоссе, 29","[59.705886,30.367512]"
1982,УИК №1982,Пушкинский,"Пушкин, Лесное, 12, лит. А","[59.667471,30.258753]"
1983,УИК №1983,Пушкинский,"Пушкин, Павловское шоссе, 67","[59.6984,30.42319]"
2010,УИК №2010,Пушкинский,"Пушкин, Кедринская ул., 10а","[59.69785,30.414844]"
1984,УИК №1984,Пушкинский,"Павловск, Березовая ул., 13","[59.68657,30.43282]"
1985,УИК №1985,Пушкинский,"Павловск, Конюшенная ул., 7","[59.68568,30.44218]"
1986,УИК №1986,Пушкинский,"Павловск, Декабристов ул., 16","[59.679698,30.458521]"
1987,УИК №1987,Пушкинский,"Павловск, Садовая ул., 49, к.2","[59.684508,30.475139]"
1988,УИК №1988,Пушкинский,"Павловск, Березовая ул., 18","[59.685803,30.42761]"
1989,УИК №1989,Пушкинский,"Павловск, Конюшенная ул., 24","[59.681342,30.435982]"
1990,УИК №1990,Пушкинский,"Павловск, Горная ул., 14, лит. А","[59.664312,30.411323]"
1991,УИК №1991,Пушкинский,"Павловск, Динамо, Клубная пл., 1","[59.65408,30.401819]"
1992,УИК №1992,Пушкинский,"Александровская, Волхонское ш., 32","[59.732185,30.349348]"
1993,УИК №1993,Пушкинский,"Тярлево, Большая ул., 1","[59.701673,30.440967]"
1994,УИК №1994,Пушкинский,"Шушары, Первомайская ул., 6, лит.А","[59.80898,30.379101]"
1995,УИК №1995,Пушкинский,"Шушары, Школьная ул., 19","[59.811867,30.370234]"
1996,УИК №1996,Пушкинский,"Шушары, Школьная ул., 19","[59.811867,30.370234]"
1997,УИК №1997,Пушкинский,"Шушары, Пулковское, Образцовая ул., 7, корп. 2","[59.753622,30.372031]"
1998,УИК №1998,Пушкинский,"Шушары, Первомайская ул., 1, лит.А","[59.807229,30.383826]"
1999,УИК №1999,Пушкинский,"Шушары, Пушкинская ул., 1","[59.809577,30.381984]"
2000,УИК №2000,Пушкинский,"Шушары, Ленсоветовский, Московское ш., 252, лит.А","[59.757199,30.476702]"
2001,УИК №2001,Пушкинский,"Шушары, Ленсоветовский, 33","[59.756954,30.468815]"
2002,УИК №2002,Пушкинский,"Шушары, Новая Ижора, Волховская ул., 3","[59.722935,30.564764]"
2003,УИК №2003,Пушкинский,"Шушары, жилой район «Славянка», Колпинское ш., 12, к. 3","[59.730897,30.460443]"
2004,УИК №2004,Пушкинский,"Шушары, жилой район «Славянка», Колпинское ш., 20, к. 3","[59.733627,30.465222]"
2005,УИК №2005,Пушкинский,"Шушары, жилой район «Славянка», Колпинское ш., 20, к. 3","[59.733627,30.465222]"
2006,УИК №2006,Пушкинский,"Шушары, жилой район «Славянка», Колпинское ш., 20, к. 3","[59.733627,30.465222]"
2007,УИК №2007,Пушкинский,"Шушары, Детскосельский, Центральная ул., 13","[59.726029,30.462635]"
2008,УИК №2008,Пушкинский,"Шушары, Детскосельский, Центральная ул., 13","[59.726029,30.462635]"
2009,УИК №2009,Пушкинский,"Шушары, Детскосельский, Центральная ул., 6","[59.727182,30.462482]"
2011,УИК №2011,Пушкинский,"Шушары, жилой район «Славянка», Изборская ул., 4, к. 2","[59.742733,30.465527]"
2012,УИК №2012,Пушкинский,"Шушары, жилой район «Славянка», Ростовская ул., 23, к. 2","[59.743685,30.481607]"
2013,УИК №2013,Пушкинский,"Шушары, жилой район «Славянка», Ростовская ул., 23, к. 2","[59.743685,30.481607]"
2014,УИК №2014,Пушкинский,"Шушары, жилой район «Славянка», Изборская ул., 4, к. 2","[59.742733,30.465527]"
2015,УИК №2015,Пушкинский,"Шушары, жилой район «Славянка», Колпинское ш., 20, к. 3","[59.733627,30.465222]"
2016,УИК №2016,Пушкинский,"Шушары, жилой район «Славянка», Ростовская ул., 23, к. 2","[59.743685,30.481607]"
2017,УИК №2017,Пушкинский,"Шушары, жилой район «Славянка», Изборская ул., 4, к. 2","[59.742733,30.465527]"
2018,УИК №2018,Пушкинский,"Шушары, жилой район «Славянка», Изборская ул., 4, к. 2","[59.742733,30.465527]"
2019,УИК №2019,Пушкинский,"Шушары, Ленсоветовский, Московское ш., 252, лит.А","[59.757199,30.476702]"
2020,УИК №2020,Пушкинский,"Шушары, Первомайская ул., 6, лит. А","[59.80898,30.379101]"
2021,УИК №2021,Пушкинский,"Шушары, Пушкинская ул., 1","[59.809577,30.381984]"
2022,УИК №2022,Пушкинский,"Шушары, Первомайская ул., 30","[59.805835,30.365491]"
2028,УИК №2028,Пушкинский,"Шушары, Первомайская ул., 30","[59.805835,30.365491]"
2029,УИК №2029,Пушкинский,"Шушары, Пулковское, Образцовая ул., 7, корп. 2","[59.753622,30.372031]"
2035,УИК №2035,Фрунзенский,"Лиговский пр., д.241 лит. А","[59.908881,30.344551]"
2036,УИК №2036,Фрунзенский,"Расстанная ул., д.20 лит. А","[59.906544,30.352708]"
2037,УИК №2037,Фрунзенский,"Расстанная ул., д.20 лит. А","[59.906544,30.352708]"
2038,УИК №2038,Фрунзенский,"Воронежская ул., д.79","[59.909283,30.34262]"
2039,УИК №2039,Фрунзенский,"Воронежская ул., д.79","[59.909283,30.34262]"
2040,УИК №2040,Фрунзенский,"Волковский пр., д.4а","[59.900254,30.365464]"
2041,УИК №2041,Фрунзенский,"Волковский пр., д.106","[59.889358,30.355879]"
2042,УИК №2042,Фрунзенский,"Бухарестская ул., д.5","[59.889629,30.359697]"
2043,УИК №2043,Фрунзенский,"Бухарестская ул., д.5","[59.889629,30.359697]"
2044,УИК №2044,Фрунзенский,"Пражская ул., д.7 к.4","[59.876856,30.380152]"
2047,УИК №2047,Фрунзенский,"Пражская ул., д.7 к.4","[59.876856,30.380152]"
2048,УИК №2048,Фрунзенский,"Пражская ул., д.7 к.4","[59.876856,30.380152]"
2049,УИК №2049,Фрунзенский,"ул. Белы Куна, д.24 к.2","[59.877958,30.390527]"
2050,УИК №2050,Фрунзенский,"ул. Белы Куна, д.24 к.2","[59.877958,30.390527]"
2051,УИК №2051,Фрунзенский,"Будапештская ул., д.8 к.3","[59.873582,30.371896]"
2052,УИК №2052,Фрунзенский,"Будапештская ул., д.8 к.3","[59.873582,30.371896]"
2053,УИК №2053,Фрунзенский,"Будапештская ул., д.8 к.3","[59.873582,30.371896]"
2054,УИК №2054,Фрунзенский,"Будапештская ул., д.8 к.3","[59.873582,30.371896]"
2055,УИК №2055,Фрунзенский,"Софийская ул., д.34 к.3","[59.874219,30.408808]"
2056,УИК №2056,Фрунзенский,"Софийская ул., д.34 к.3","[59.874219,30.408808]"
2057,УИК №2057,Фрунзенский,"Софийская ул., д.34 к.3","[59.874219,30.408808]"
2058,УИК №2058,Фрунзенский,"Софийская ул., д.42 к.3","[59.871297,30.412967]"
2059,УИК №2059,Фрунзенский,"Софийская ул., д.42 к.3","[59.871297,30.412967]"
2060,УИК №2060,Фрунзенский,"Южное шоссе, д. 54, а","[59.863947,30.414925]"
2061,УИК №2061,Фрунзенский,"ул. Турку, д.29 к.2","[59.865027,30.407245]"
2062,УИК №2062,Фрунзенский,"Софийская ул., д.39 к.1","[59.873248,30.402017]"
2063,УИК №2063,Фрунзенский,"ул. Пражская, д.36","[59.869932,30.397794]"
2064,УИК №2064,Фрунзенский,"ул. Пражская, д.36","[59.869932,30.397794]"
2065,УИК №2065,Фрунзенский,"ул. Пражская, д.36","[59.869932,30.397794]"
2066,УИК №2066,Фрунзенский,"ул. Турку, д.30 Литер А","[59.867493,30.406733]"
2067,УИК №2067,Фрунзенский,"ул. Турку, д.30 Литер А","[59.867493,30.406733]"
2068,УИК №2068,Фрунзенский,"Софийская ул., д.33 к.1","[59.875524,30.399313]"
2069,УИК №2069,Фрунзенский,"Пражская ул., д.30 к.1","[59.872213,30.394426]"
2070,УИК №2070,Фрунзенский,"Пражская ул., д.30 к.1","[59.872213,30.394426]"
2071,УИК №2071,Фрунзенский,"Пражская ул., д.25","[59.870822,30.390428]"
2072,УИК №2072,Фрунзенский,"Пражская ул., д.25","[59.870822,30.390428]"
2073,УИК №2073,Фрунзенский,"ул. Турку, д.16","[59.868726,30.392773]"
2074,УИК №2074,Фрунзенский,"ул. Турку, д.16","[59.868726,30.392773]"
2075,УИК №2075,Фрунзенский,"ул. Турку, д.29 к.2","[59.865027,30.407245]"
2076,УИК №2076,Фрунзенский,"ул. Турку, д.29 к.2","[59.865027,30.407245]"
2077,УИК №2077,Фрунзенский,"ул. Турку, д.21 к.2","[59.864742,30.394974]"
2078,УИК №2078,Фрунзенский,"ул. Турку, д.21 к.2","[59.864742,30.394974]"
2079,УИК №2079,Фрунзенский,"пр. Славы, д.40 к.5","[59.862294,30.397732]"
2080,УИК №2080,Фрунзенский,"пр. Славы, д.40 к.5","[59.862294,30.397732]"
2081,УИК №2081,Фрунзенский,"ул. Белградская, д.8 к.2","[59.870181,30.363524]"
2082,УИК №2082,Фрунзенский,"ул. Белградская, д.8 к.2","[59.870181,30.363524]"
2083,УИК №2083,Фрунзенский,"ул. Белградская, д.8 к.2","[59.870181,30.363524]"
2084,УИК №2084,Фрунзенский,"ул. Белградская, д.8 к.2","[59.870181,30.363524]"
2085,УИК №2085,Фрунзенский,"Белградская ул., д.14 к.2","[59.865072,30.367315]"
2086,УИК №2086,Фрунзенский,"Бухарестская ул., д.33 к.6","[59.863559,30.380277]"
2087,УИК №2087,Фрунзенский,"Бухарестская ул., д.33 к.6","[59.863559,30.380277]"
2088,УИК №2088,Фрунзенский,"Бухарестская ул., д.33 к.6","[59.863559,30.380277]"
2089,УИК №2089,Фрунзенский,"Бухарестская ул., д.33 к.6","[59.863559,30.380277]"
2090,УИК №2090,Фрунзенский,"Белградская ул., д.14 к.2","[59.865072,30.367315]"
2091,УИК №2091,Фрунзенский,"Будапештская ул., д.30 к.2","[59.863676,30.377618]"
2092,УИК №2092,Фрунзенский,"Будапештская ул., д.42 к.6","[59.859664,30.383502]"
2093,УИК №2093,Фрунзенский,"Будапештская ул., д.42 к.6","[59.859664,30.383502]"
2094,УИК №2094,Фрунзенский,"Будапештская ул., д.42 к.6","[59.859664,30.383502]"
2095,УИК №2095,Фрунзенский,"пр. Славы, д.6 к.2","[59.85703,30.37115]"
2096,УИК №2096,Фрунзенский,"Белградская ул., д.20 к.2","[59.86237,30.368393]"
2097,УИК №2097,Фрунзенский,"Белградская ул., д.20 к.2","[59.86237,30.368393]"
2098,УИК №2098,Фрунзенский,"Белградская ул., д.20 к.2","[59.86237,30.368393]"
2099,УИК №2099,Фрунзенский,"пр. Славы, д.6 к.2","[59.85703,30.37115]"
2100,УИК №2100,Фрунзенский,"пр. Славы, д.6 к.2","[59.85703,30.37115]"
2105,УИК №2105,Фрунзенский,"пр. Славы, д.35 к.2","[59.855444,30.389449]"
2106,УИК №2106,Фрунзенский,"пр. Славы, д.35 к.2","[59.855444,30.389449]"
2107,УИК №2107,Фрунзенский,"Альпийский пер., д.19 к.2","[59.850775,30.37999]"
2108,УИК №2108,Фрунзенский,"Будапештская ул., д.64 к.2","[59.852285,30.389144]"
2110,УИК №2110,Фрунзенский,"Будапештская ул., д.64 к.2","[59.852285,30.389144]"
2111,УИК №2111,Фрунзенский,"Будапештская ул., д.64 к.2","[59.852285,30.389144]"
2112,УИК №2112,Фрунзенский,"Альпийский пер., д.5 к.2","[59.850165,30.371824]"
2113,УИК №2113,Фрунзенский,"Альпийский пер., д.19 к.2","[59.850775,30.37999]"
2114,УИК №2114,Фрунзенский,"Альпийский пер., д.5 к.2","[59.850165,30.371824]"
2115,УИК №2115,Фрунзенский,"ул. Димитрова, д.10 к.3","[59.849216,30.377816]"
2116,УИК №2116,Фрунзенский,"ул. Димитрова, д.10 к.3","[59.849216,30.377816]"
2118,УИК №2118,Фрунзенский,"ул. Димитрова, д.9 к.3","[59.844985,30.385281]"
2119,УИК №2119,Фрунзенский,"Купчинская ул., д.11 к.4","[59.841283,30.379172]"
2120,УИК №2120,Фрунзенский,"Купчинская ул., д.11 к.4","[59.841283,30.379172]"
2122,УИК №2122,Фрунзенский,"ул. Димитрова, д.9 к.3","[59.844985,30.385281]"
2124,УИК №2124,Фрунзенский,"ул. Димитрова, д.15 к.3","[59.846983,30.393204]"
2125,УИК №2125,Фрунзенский,"ул. Димитрова, д.15 к.3","[59.846983,30.393204]"
2126,УИК №2126,Фрунзенский,"Купчинская ул., д.15 к.3","[59.838046,30.381517]"
2127,УИК №2127,Фрунзенский,"Будапештская ул., д.79 к.2","[59.840112,30.390833]"
2128,УИК №2128,Фрунзенский,"Будапештская ул., д.79 к.2","[59.840112,30.390833]"
2129,УИК №2129,Фрунзенский,"Дунайский пр., д.48 к.2","[59.841152,30.399205]"
2131,УИК №2131,Фрунзенский,"Купчинская ул., д.15 к.3","[59.838046,30.381517]"
2133,УИК №2133,Фрунзенский,"Дунайский пр., д.48 к.2","[59.841152,30.399205]"
2175,УИК №2175,Фрунзенский,"Пловдивская ул., д.14","[59.843941,30.396842]"
2134,УИК №2134,Фрунзенский,"ул. Малая Бухарестская, д.5 к.1, лит. А","[59.849062,30.411835]"
2135,УИК №2135,Фрунзенский,"ул. Малая Бухарестская, д.5 к.1, лит. А","[59.849062,30.411835]"
2137,УИК №2137,Фрунзенский,"ул. Малая Бухарестская, д.5 к.1, лит. А","[59.849062,30.411835]"
2138,УИК №2138,Фрунзенский,"ул. Малая Бухарестская, д.7 к.1, лит. А","[59.847819,30.412653]"
2139,УИК №2139,Фрунзенский,"ул. Малая Бухарестская, д.7 к.1, лит. А","[59.847819,30.412653]"
2140,УИК №2140,Фрунзенский,"ул. Ярослава Гашека, д.28, лит. А","[59.840903,30.41939]"
2141,УИК №2141,Фрунзенский,"ул. Ярослава Гашека, д.28, лит. А","[59.840903,30.41939]"
2142,УИК №2142,Фрунзенский,"ул. Ярослава Гашека, д.28, лит. А","[59.840903,30.41939]"
2144,УИК №2144,Фрунзенский,"ул. Олеко Дундича, д.38 к.3, лит. А","[59.836834,30.423136]"
2145,УИК №2145,Фрунзенский,"ул. Олеко Дундича, д.38 к.3, лит. А","[59.836834,30.423136]"
2146,УИК №2146,Фрунзенский,"ул. Олеко Дундича, д.37 к.2, лит. А","[59.832611,30.427053]"
2148,УИК №2148,Фрунзенский,"ул. Малая Балканская, д.60 к.3, лит. А","[59.831236,30.428759]"
2149,УИК №2149,Фрунзенский,"ул. Малая Балканская, д.60 к.3, лит. А","[59.831236,30.428759]"
2176,УИК №2176,Фрунзенский,"Южное шоссе, д.55 к.7, стр.1","[59.856966,30.405825]"
2177,УИК №2177,Фрунзенский,"ул. Димитрова, д.39 к.4, стр. 1","[59.849894,30.416982]"
2150,УИК №2150,Фрунзенский,"Дунайский пр., д.43 к.2","[59.838372,30.401981]"
2151,УИК №2151,Фрунзенский,"Дунайский пр., д.43 к.2","[59.838372,30.401981]"
2152,УИК №2152,Фрунзенский,"ул. Ярослава Гашека, д.10 к.2","[59.835672,30.396752]"
2153,УИК №2153,Фрунзенский,"ул. Ярослава Гашека, д.10 к.2","[59.835672,30.396752]"
2154,УИК №2154,Фрунзенский,"ул. Ярослава Гашека, д.10 к.2","[59.835672,30.396752]"
2155,УИК №2155,Фрунзенский,"ул. Ярослава Гашека, д.4 к.4","[59.833366,30.386512]"
2156,УИК №2156,Фрунзенский,"ул. Олеко Дундича, д.26 к.2","[59.832082,30.408404]"
2157,УИК №2157,Фрунзенский,"ул. Олеко Дундича, д.26 к.2","[59.832082,30.408404]"
2158,УИК №2158,Фрунзенский,"ул. Олеко Дундича, д.26 к.2","[59.832082,30.408404]"
2159,УИК №2159,Фрунзенский,"ул. Будапештская, д.93","[59.831367,30.4026]"
2160,УИК №2160,Фрунзенский,"ул. Будапештская, д.93","[59.831367,30.4026]"
2161,УИК №2161,Фрунзенский,"ул. Будапештская, д.93","[59.831367,30.4026]"
2162,УИК №2162,Фрунзенский,"ул. Олеко Дундича, д.25 к.3","[59.829066,30.411413]"
2163,УИК №2163,Фрунзенский,"ул. Олеко Дундича, д.25 к.3","[59.829066,30.411413]"
2164,УИК №2164,Фрунзенский,"ул. Олеко Дундича, д.25 к.3","[59.829066,30.411413]"
2165,УИК №2165,Фрунзенский,"ул. Малая Балканская, д.44","[59.825719,30.403948]"
2166,УИК №2166,Фрунзенский,"ул. Малая Балканская, д.44","[59.825719,30.403948]"
2167,УИК №2167,Фрунзенский,"ул. Малая Балканская, д.44","[59.825719,30.403948]"
2168,УИК №2168,Фрунзенский,"ул. Ярослава Гашека, д.4 к.4","[59.833366,30.386512]"
2169,УИК №2169,Фрунзенский,"ул. Ярослава Гашека, д.4 к.4","[59.833366,30.386512]"
2170,УИК №2170,Фрунзенский,"ул. Ярослава Гашека, д.9 к.2","[59.830997,30.389817]"
2171,УИК №2171,Фрунзенский,"ул. Ярослава Гашека, д.9 к.2","[59.830997,30.389817]"
2172,УИК №2172,Фрунзенский,"ул. Ярослава Гашека, д.9 к.2","[59.830997,30.389817]"
2173,УИК №2173,Фрунзенский,"ул. Малая Балканская, д.36 к.3","[59.82656,30.394309]"
2174,УИК №2174,Фрунзенский,"ул. Малая Балканская, д.36 к.3","[59.82656,30.394309]"
2180,УИК №2180,Центральный,"Миллионная ул., д. 14","[59.943016,30.3231]"
2181,УИК №2181,Центральный,"Невский пр., д. 14","[59.936805,30.316263]"
2182,УИК №2182,Центральный,"Невский пр., д. 22-24","[59.936061,30.322893]"
2183,УИК №2183,Центральный,"пл. Искусств, д. 2","[59.937215,30.333996]"
2184,УИК №2184,Центральный,"ул. Чайковского, д. 2/7","[59.946721,30.339458]"
2185,УИК №2185,Центральный,"Воскресенская наб., д. 24","[59.949668,30.35516]"
2186,УИК №2186,Центральный,"Шпалерная ул., д. 33","[59.948843,30.356391]"
2187,УИК №2187,Центральный,"Кирочная ул., д. 8","[59.944201,30.352744]"
2188,УИК №2188,Центральный,"Соляной пер., д. 12","[59.943796,30.341776]"
2189,УИК №2189,Центральный,"Соляной пер., д. 12","[59.943796,30.341776]"
2190,УИК №2190,Центральный,"Моховая ул., д. 6","[59.945689,30.345432]"
2191,УИК №2191,Центральный,"наб. реки Фонтанки, д. 22","[59.940316,30.341569]"
2192,УИК №2192,Центральный,"Литейный пр., д. 20","[59.943701,30.349106]"
2193,УИК №2193,Центральный,"ул. Пестеля, д. 16 Б","[59.943097,30.34995]"
2194,УИК №2194,Центральный,"Гродненский пер., д. 8/10","[59.941853,30.35985]"
2195,УИК №2195,Центральный,"ул. Рылеева, д. 9","[59.942345,30.353508]"
2196,УИК №2196,Центральный,"ул. Маяковского, д. 26","[59.937779,30.354837]"
2197,УИК №2197,Центральный,"наб. реки Фонтанки, д. 32","[59.937648,30.344372]"
2198,УИК №2198,Центральный,"Литейный пр., д. 20","[59.943701,30.349106]"
2199,УИК №2199,Центральный,"ул. Маяковского, д. 9/16","[59.93635,30.355439]"
2200,УИК №2200,Центральный,"ул. Маяковского, д. 8","[59.933356,30.354055]"
2201,УИК №2201,Центральный,"Невский пр., д. 100","[59.932031,30.355628]"
2202,УИК №2202,Центральный,"Гороховая ул., д. 20","[59.931494,30.317934]"
2203,УИК №2203,Центральный,"наб. канала Грибоедова, д. 34","[59.931129,30.322489]"
2204,УИК №2204,Центральный,"Невский пр., д. 39","[59.93305,30.339835]"
2205,УИК №2205,Центральный,"Торговый пер., д. 2 А","[59.929091,30.332801]"
2233,УИК №2233,Центральный,"Чайковского ул., д. 79","[59.946162,30.365689]"
2234,УИК №2234,Центральный,"Фурштатская ул., д. 29 А","[59.944801,30.360838]"
2235,УИК №2235,Центральный,"Фурштатская ул., д. 29 А","[59.944801,30.360838]"
2236,УИК №2236,Центральный,"Шпалерная ул., д. 50 А","[59.949032,30.369929]"
2237,УИК №2237,Центральный,"Таврическая ул., д. 10","[59.949438,30.377987]"
2238,УИК №2238,Центральный,"Кавалергардская ул., д. 9-11-13","[59.945941,30.383179]"
2239,УИК №2239,Центральный,"Лафонская ул., д. 1","[59.945004,30.390824]"
2240,УИК №2240,Центральный,"Лафонская ул., д. 1","[59.945004,30.390824]"
2242,УИК №2242,Центральный,"Кирочная ул., д. 28 А","[59.944161,30.36082]"
2243,УИК №2243,Центральный,"Кирочная ул., д. 54","[59.943012,30.379945]"
2244,УИК №2244,Центральный,"Новгородская ул., д. 20, лит. А","[59.938725,30.386359]"
2245,УИК №2245,Центральный,"Ковенский пер., д. 10А","[59.937562,30.357891]"
2247,УИК №2247,Центральный,"Греческий пр., д. 21","[59.936778,30.368743]"
2248,УИК №2248,Центральный,"Дегтярный пер., д. 24","[59.939839,30.381265]"
2249,УИК №2249,Центральный,"Греческий пр., д. 21","[59.936778,30.368743]"
2250,УИК №2250,Центральный,"6-я Советская ул., д. 3","[59.935953,30.368725]"
2251,УИК №2251,Центральный,"ул. Восстания, д. 8","[59.934362,30.359167]"
2252,УИК №2252,Центральный,"ул. 2-я Советская, д. 1","[59.933253,30.363434]"
2253,УИК №2253,Центральный,"3-я Советская ул., д. 26","[59.932306,30.370378]"
2254,УИК №2254,Центральный,"Невский пр., д. 146","[59.929078,30.370863]"
2255,УИК №2255,Центральный,"Херсонская ул., д. 9","[59.929335,30.377555]"
2256,УИК №2256,Центральный,"9-я Советская ул., д. 31","[59.936088,30.378121]"
2257,УИК №2257,Центральный,"ул. Моисеенко, д. 19","[59.937323,30.382586]"
2258,УИК №2258,Центральный,"8-я Советская ул., д. 58","[59.933708,30.382209]"
2259,УИК №2259,Центральный,"9-я Советская ул., д. 31","[59.936088,30.378121]"
2260,УИК №2260,Центральный,"Херсонская ул., д. 9","[59.929335,30.377555]"
2261,УИК №2261,Центральный,"Херсонская ул., д. 9","[59.929335,30.377555]"
2262,УИК №2262,Центральный,"Невский пр., д. 169","[59.92428,30.382056]"
2206,УИК №2206,Центральный,"Графский пер., д. 1","[59.930881,30.343446]"
2207,УИК №2207,Центральный,"Графский пер., д. 1","[59.930881,30.343446]"
2208,УИК №2208,Центральный,ул. Рубинштейна д. 15-17,"[59.928925,30.343671]"
2209,УИК №2209,Центральный,"Большая Московская ул., д. 10/1-3, лит. А","[59.926025,30.347417]"
2210,УИК №2210,Центральный,"Большая Московская ул., д. 10/1-3, лит. А","[59.926025,30.347417]"
2211,УИК №2211,Центральный,"наб. реки Фонтанки, д. 62","[59.928861,30.338667]"
2212,УИК №2212,Центральный,"наб. реки Фонтанки, д. 62","[59.928861,30.338667]"
2213,УИК №2213,Центральный,"Загородный пр., д. 15Б","[59.925741,30.339907]"
2214,УИК №2214,Центральный,"пер. Джамбула, д. 3","[59.926129,30.333152]"
2215,УИК №2215,Центральный,"Бородинская ул., д. 8-10, лит. А","[59.9246,30.33414]"
2216,УИК №2216,Центральный,"Пушкинская ул., д. 9,","[59.929641,30.356732]"
2217,УИК №2217,Центральный,"Пушкинская ул., д. 11","[59.929136,30.3564]"
2218,УИК №2218,Центральный,"ул. Марата, д. 27","[59.927031,30.352214]"
2219,УИК №2219,Центральный,"Коломенская ул., д. 6","[59.925737,30.355223]"
2220,УИК №2220,Центральный,"Коломенская ул., д. 6","[59.925737,30.355223]"
2221,УИК №2221,Центральный,"ул. Правды, д. 8Д","[59.923338,30.344785]"
2222,УИК №2222,Центральный,"ул. Константина Заслонова, д. 23","[59.91835,30.345288]"
2223,УИК №2223,Центральный,"Звенигородская ул., д. 30 А","[59.918115,30.34359]"
2224,УИК №2224,Центральный,"ул. Константина Заслонова, д. 6","[59.919969,30.351019]"
2225,УИК №2225,Центральный,"ул. Константина Заслонова, д. 6","[59.919969,30.351019]"
2263,УИК №2263,Центральный,"Гончарная ул., д. 15","[59.928929,30.366398]"
2264,УИК №2264,Центральный,"Миргородская ул., д. 24-28","[59.924037,30.375714]"
2265,УИК №2265,Центральный,"Невский пр., д. 169","[59.92428,30.382056]"
2266,УИК №2266,Центральный,"Лиговский пр., д. 70","[59.922102,30.358035]"
2267,УИК №2267,Центральный,"Черняховского ул., д. 30 А","[59.919572,30.357972]"
2268,УИК №2268,Центральный,"Черняховского ул., д. 30 А","[59.919572,30.357972]"
2269,УИК №2269,Центральный,"Черняховского ул., д. 30 А","[59.919572,30.357972]"
2270,УИК №2270,Центральный,"Черняховского ул., д. 30 А","[59.919572,30.357972]"
2226,УИК №2226,Центральный,"Литейный пр., д. 56","[59.935119,30.349339]"
58,УИК №58,Адмиралтейский,"наб. реки Фонтанки, д. 132","[59.91729,30.302573]"
645,УИК №645,Кировский,"ул. Косинова, д. 19/9","[59.895448,30.271689]"
1665,УИК №1665,Петроградский,"пр. Динамо, д. 3","[59.972699,30.279873]"
1667,УИК №1667,Петроградский,"ул. Льва Толстого, д. 6-8","[59.965282,30.321905]"
190,УИК №190,Василеостровский,"Большой пр. В.О., д. 85","[59.932184,30.253381]"
2306,УИК №2306,Василеостровский,"5-я линия В.О., д. 58,стр.1","[59.946378,30.277456]"
402,УИК №402,Выборгский,"пр. Пархоменко, д. 15","[59.998711,30.337661]"
403,УИК №403,Выборгский,"ул. Академика Лебедева, д. 6, лит. В","[59.95425,30.348863]"
404,УИК №404,Выборгский,"Северный пр., д.1, лит. А","[60.029175,30.327349]"
405,УИК №405,Выборгский,"пр. Тореза, д. 93, лит. Б","[60.027229,30.323468]"
406,УИК №406,Выборгский,"пр. Тореза, д. 72","[60.014077,30.340455]"
407,УИК №407,Выборгский,"Учебный пер., д. 5, лит. А","[60.03722,30.336718]"
408,УИК №408,Выборгский,"пр. Культуры, д. 4","[60.035976,30.362024]"
2321,УИК №2321,Калининский,"ул. Академика Байкова, д.8","[60.027898,30.379675]"
2322,УИК №2322,Калининский,"ул. Вавиловых, д. 14, лит.","[60.024675,30.391102]"
959,УИК №959,Красногвардейский,"Пискаревский пр., д. 47","[59.983423,30.431329]"
968,УИК №968,Красногвардейский,"Пискаревский пр., д. 49","[59.985543,30.432972]"
2286,УИК №2286,Калининский,"ул. Арсенальная, д. 11","[59.961233,30.372624]"
972,УИК №972,Красногвардейский,"Заневский пр., д. 73","[59.931562,30.441965]"
2342,УИК №2342,Невский,"пр. Солидарности, д. 4","[59.927558,30.489593]"
1274,УИК №1274,Курортный,"Сестрорецк, ул. Борисова, д.9, лит. Б","[60.102293,29.968714]"
1947,УИК №1947,Приморский,"Фермское ш., д. 36, лит. А","[60.017809,30.310712]"
1948,УИК №1948,Приморский,"ул. Аккуратова, д. 2","[60.015363,30.301585]"
2365,УИК №2365,Невский,"пр. Елизарова, д. 32","[59.892559,30.41126]"
2368,УИК №2368,Невский,"ул. Бехтерева, д. 3","[59.903174,30.404074]"
2276,УИК №2276,Центральный,"ул. Старорусская, д. 3","[59.932662,30.381912]"
1540,УИК №1540,Невский,"ул. Народная, д. 21, корп. 2","[59.879231,30.468321]"
2271,УИК №2271,Центральный,"ул. Миргородская, д. 3","[59.92327,30.376612]"
820,УИК №820,Кировский,"пр. Ветеранов, д. 56","[59.837766,30.238164]"
1144,УИК №1144,Красносельский,"ул. Авангардная, д. 4, лит. А","[59.840826,30.182154]"
1702,УИК №1702,Петродворцовый,"Петергоф, ул. Константиновская, д. 1","[59.877145,29.917178]"
2293,УИК №2293,Кронштадсткий,"г. Кронштадт, Газовый Завод, д. 3","[59.988041,29.796759]"
1416,УИК №1416,Московский,"ул. Костюшко, д. 2","[59.849216,30.29571]"
1417,УИК №1417,Московский,"Пулковское шоссе, д. 41, лит. ЗА","[59.799987,30.271195]"
2461,УИК №2461,Московский,ул. Гастелло д. 21,"[59.857021,30.334625]"
2462,УИК №2462,Московский,"ул. Ленсовета, д. 54, корп. 2","[59.840637,30.335972]"
2101,УИК №2101,Фрунзенский,"ул. Будапештская, дом 3, литер А.","[59.874332,30.364135]"
1862,УИК №1862,Фрунзенский,"Бухарестская ул., д. 134","[59.838828,30.41859]"
2383,УИК №2383,Фрунзенский,"ул. Ярослава Гашека, д. 21","[59.835966,30.407415]"
2384,УИК №2384,Фрунзенский,"ул. Малая Балканская, д. 54","[59.828772,30.419273]"
2272,УИК №2272,Центральный,"Невский пр., д. 85, лит. А","[59.930146,30.362068]"
2023,УИК №2023,Пушкинский,"Пушкин, Госпитальная ул., д. 7/2","[59.717813,30.417836]"
13,УИК №13,Адмиралтейский,"наб. реки Мойки, д. 126","[59.926115,30.277294]"
2477,УИК №2477,За пределами СПб,"Ленинградская область, Всеволожский район, Всеволожск, ул. Межевая, д.14","[60.025273,30.637124]"
2478,УИК №2478,За пределами СПб,"Ленинградская область, Всеволожский район, г.п. им. Морозова, пл. Культуры, д.3","[59.974005,31.034466]"
2516,УИК №2516,За пределами СПб,"Ленинградская область, Кировский район, массив ""Восход"", тер. СНТ ""Кировец-3""","[59.89791,31.217022]"
2517,УИК №2517,За пределами СПб,"Ленинградская область, Кировский район, массив ""Восход"", тер. СНТ ""Ладога-73""","[59.894306,31.190917]"
2518,УИК №2518,За пределами СПб,"Ленинградская область, Кировский район, массив ""Восход"", тер. СНТ СН ""Петрокрепость""","[59.917538,31.267588]"
2527,УИК №2527,За пределами СПб,"Ленинградская область, Приозерский район, массив ""Борки"", тер. СНТ ""№2 ЛОМО""","[60.488773,30.285074]"
2528,УИК №2528,За пределами СПб,"Ленинградская область, Приозерский район, Запорожское сельское поселение, Замостье, тер. СНТ ""Замостье-3""","[60.535322,30.385613]"
2530,УИК №2530,За пределами СПб,"Псковская область, Бежаницкий муниципальный округ, Бежаницы, ул. Комсомольская, д.9","[56.974396,29.885881]"
2535,УИК №2535,За пределами СПб,"Псковская область, Локнянский муниципальный округ, Локня, ул. Кушнаренко, д.44","[56.83127,30.137553]"
2538,УИК №2538,За пределами СПб,"Псковская область, Опочецкий муниципальный округ, д. Ляпуны","[56.737742,28.712474]"
2539,УИК №2539,За пределами СПб,"Псковская область, Островский муниципальный округ, Остров, ул. Калинина, д.82","[57.324818,28.352762]"
2540,УИК №2540,За пределами СПб,"Псковская область, Палкинский муниципальный округ, Палкино, ул. Островская, д.23","[57.540951,28.006353]"
2544,УИК №2544,За пределами СПб,"Псковская область, Пушкиногорский муниципальный округ, Пушкинские горы, ул. Лесная, д.32","[57.026571,28.91738]"
2545,УИК №2545,За пределами СПб,"Псковская область, Пыталовский муниципальный округ, Вышгородок, ул. Ленина, д.10","[57.034697,28.005177]"
2483,УИК №2483,За пределами СПб,"Ленинградская область, Кировский район, Мга, Комсомольский пр., д.40","[59.76009,31.070327]"
2492,УИК №2492,За пределами СПб,"Ленинградская область, Тосненский район, Радофинниково, ул. Комсомольская, д.6","[59.149545,30.886505]"
2493,УИК №2493,За пределами СПб,"Ленинградская область, Тосненский район, Шапки, ул. Школьная, д.6","[59.604257,31.194259]"
2512,УИК №2512,За пределами СПб,"Ленинградская область, Гатчинский муниципальный район, Вырицкое городское поселение, массив ""Новинка"", тер. СНТ ""София""","[59.221675,30.355026]"
2513,УИК №2513,За пределами СПб,"Ленинградская область, Гатчинский муниципальный район, массив Красницы, тер. СНТ ""Дружба""","[59.455435,30.29191]"
2514,УИК №2514,За пределами СПб,"Ленинградская область, Гатчинский муниципальный район, массив ""Новинка"", тер. СНТ ""Авиатор""","[59.228099,30.381589]"
2515,УИК №2515,За пределами СПб,"Ленинградская область, Гатчинский муниципальный район, массив ""Чаща"", тер. СНТ ""Арсенал""","[59.064973,30.447175]"
2529,УИК №2529,За пределами СПб,"Ленинградская область, Тосненский район, сельское поселение Трубникоборское, массив ""Бабино"", тер. СНТ ""Электроаппарат""","[59.204605,31.446667]"
2484,УИК №2484,За пределами СПб,"Ленинградская область, Кировский район, Синявино, мкр. Синявино-2, ул. Победы, д.5а","[59.874616,31.213258]"
2485,УИК №2485,За пределами СПб,"Ленинградская область, Кировский район, Шлиссельбург, ул. Малоневский канал, д.2","[59.941313,31.044465]"
2486,УИК №2486,За пределами СПб,"Ленинградская область, Лодейнопольский район, Рассвет, д.11","[60.458016,33.16245]"
2491,УИК №2491,За пределами СПб,"Ленинградская область, Подпорожский район, Подпорожье, ул. Некрасова, д.3","[60.912141,34.15242]"
2497,УИК №2497,За пределами СПб,"Ленинградская область, Всеволожский муниципальный район, массив ""Агалатово"", тер. ДНП ""Бриллиант""","[60.251725,30.241524]"
2498,УИК №2498,За пределами СПб,"Ленинградская область, Всеволожский муниципальный район, массив ""Васкелово"", тер. СНТ ""Севзапэлектросетьстрой""","[60.407409,30.363578]"
2499,УИК №2499,За пределами СПб,"Ленинградская область, Всеволожский муниципальный район, массив ""Дунай"", тер. СНТ ""им. Володарского""","[59.962557,30.903941]"
2500,УИК №2500,За пределами СПб,"Ленинградская область, Всеволожский муниципальный район, д. Керро, тер. СНТ ""Керро-2""","[60.311926,30.287796]"
2501,УИК №2501,За пределами СПб,"Ленинградская область, Всеволожский муниципальный район, д. Куйвози, тер. СНТ ""Невское""","[60.321016,30.45658]"
2502,УИК №2502,За пределами СПб,"Ленинградская область, Всеволожский муниципальный район, тер. СНТ ""Марс""","[60.311868,30.230537]"
2503,УИК №2503,За пределами СПб,"Ленинградская область, Всеволожский муниципальный район, тер. СНТ ""Токсовское""","[60.145313,30.563309]"
2519,УИК №2519,За пределами СПб,"Ленинградская область, Кировский район, массив Грибное, тер. СНТ ""Дружба""","[59.840338,31.026579]"
2532,УИК №2532,За пределами СПб,"Псковская область, Дедовичский муниципальный округ, Дедовичи, пл. Советов, д.7","[57.547868,29.938279]"
2533,УИК №2533,За пределами СПб,"Псковская область, Дновский муниципальный округ, Дно, ул. Советская, д.15","[57.827777,29.965336]"
2541,УИК №2541,За пределами СПб,"Псковская область, Печорский муниципальный округ, Печоры, ул. Рижская, д.1","[57.81274,27.611454]"
2542,УИК №2542,За пределами СПб,"Псковская область, Плюсский муниципальный округ, Плюсса, ул. Ленина, д.18","[58.419712,29.369673]"
2543,УИК №2543,За пределами СПб,"Псковская область, Порховский муниципальный округ, Порхов, ул. Профсоюзная, д.24а","[57.759185,29.550243]"
2547,УИК №2547,За пределами СПб,"Псковская область, Струго-Красненский муниципальный округ, Струги Красные, ул. Советская, д.28","[58.272894,29.112233]"
2549,УИК №2549,За пределами СПб,"Псков, ул. Свердлова, д.56","[57.816925,28.347111]"
2506,УИК №2506,За пределами СПб,"Ленинградская область, Выборгский муниципальный район, тер. СНТ ""Антракт""","[60.283419,29.543604]"
2507,УИК №2507,За пределами СПб,"Ленинградская область, Выборгский район, Первомайское сельское поселение, Ильичевский массив, тер. СНТ ""Симагино""","[60.278654,29.83102]"
2508,УИК №2508,За пределами СПб,"Ленинградская область, Выборгский район, Полянское сельское поселение, тер. СНТ ""Поляна Выборгского комиссариата""","[60.362553,29.250179]"
2479,УИК №2479,За пределами СПб,"Ленинградская область, Всеволожский район, д. Гарболово, д.320","[60.341286,30.499906]"
2480,УИК №2480,За пределами СПб,"Ленинградская область, Всеволожский район, Сертолово, мкр. Сертолово-2, пер. Кореловский, д.4","[60.165084,30.197955]"
2481,УИК №2481,За пределами СПб,"Ленинградская область, Гатчинский муниципальный округ, Елизаветино, пл. Дружбы, д.41","[59.507726,29.784191]"
2482,УИК №2482,За пределами СПб,"Ленинградская область, Гатчинский муниципальный округ, Никольское, ул. Шипунова, д.5а","[59.454653,30.003147]"
2487,УИК №2487,За пределами СПб,"Ленинградская область, Ломоносовский район, г.п. Большая Ижора, Приморское шоссе, д.15","[59.945639,29.565416]"
2488,УИК №2488,За пределами СПб,"Ленинградская область, Ломоносовский район, Яльгелево, Бульвар Культуры, д.6","[59.728556,29.944154]"
2520,УИК №2520,За пределами СПб,"Ленинградская область, Ломоносовский район, тер. СНТ ""Красногорское""","[59.735319,30.162508]"
2521,УИК №2521,За пределами СПб,"Ленинградская область, Ломоносовский район, Малое Карлино, тер. СНТ ""Самсон""","[59.742896,30.245323]"
2522,УИК №2522,За пределами СПб,"Ленинградская область, Ломоносовский район, массив ""Новая Ропша"", тер. СНТ ""Вертикаль""","[59.713801,29.824741]"
2523,УИК №2523,За пределами СПб,"Ленинградская область, Ломоносовский район, Пениковское МО, тер. СНТ ""Флора-2""","[59.857807,29.789869]"
2524,УИК №2524,За пределами СПб,"Ленинградская область, Лужский район, массив ""Дивенская"", тер. СНТ ""Театральный""","[59.228404,29.961817]"
2509,УИК №2509,За пределами СПб,"Ленинградская область, Гатчинский муниципальный район, массив Антропшино, тер. СНТ ""Строитель""","[59.636654,30.460726]"
2510,УИК №2510,За пределами СПб,"Ленинградская область, Гатчинский муниципальный район, тер. СНТ ""Мостовик""","[59.646414,30.129189]"
2511,УИК №2511,За пределами СПб,"Ленинградская область, гатчинский муниципальный район, массив ""Учхоз"", тер. СНТ ""Пламя""","[59.553028,29.925918]"
2475,УИК №2475,За пределами СПб,"Ленинградская область, Бокситогорский район, д. Бор, д. 44","[59.475638,33.797828]"
2494,УИК №2494,За пределами СПб,"Ленинградская область, Тосненский район, Трубников Бор, ул. Мира, д. 1а","[59.266332,31.392822]"
2495,УИК №2495,За пределами СПб,"Ленинградская область, Волховский муниципальный район, массив ""Пупышево"", тер. СНТ ""Ладога""","[59.94695,32.108465]"
2496,УИК №2496,За пределами СПб,"Ленинградская область, Волховский муниципальный район, массив ""Пупышево"", тер. СНТ ""Рубин""","[59.913519,32.078192]"
2504,УИК №2504,За пределами СПб,"Ленинградская область, Выборгский муниципальный район, Гончаровское сельское поселение, Гавриловский массив, тер. СНТ ""Сампо""","[60.614277,29.055658]"
2505,УИК №2505,За пределами СПб,"Ленинградская область, Выборгский муниципальный район, Рощинское городское поселение, пос. Лебяжье, тер. СНТ ""Актер""","[60.287205,29.560762]"
2489,УИК №2489,За пределами СПб,"Ленинградская область, Лужский район, Заклинье, ул. Новая, д.36","[58.72628,29.895088]"
2490,УИК №2490,За пределами СПб,"Ленинградская область, Лужский район, Мшинская, ул. Пролетарская, д.16","[59.01186,29.939582]"
2531,УИК №2531,За пределами СПб,"Псковская область, Великолукский муниципальный округ, Переслегино, д.11","[56.382008,30.439126]"
2534,УИК №2534,За пределами СПб,"Псковская область, Куньинский муниципальный округ, Кунья, ул. Советская, д.17","[56.2954,30.98143]"
2536,УИК №2536,За пределами СПб,"Псковская область, Невельский муниципальный округ, Невель, ул. Ломоносова, д. 1а","[56.018494,29.918489]"
2537,УИК №2537,За пределами СПб,"Псковская область, Новосокольнический муниципальный округ, Новосокольники, ул. Ленинская, д.54","[56.348467,30.152447]"
2546,УИК №2546,За пределами СПб,"Псковская область, Себежский муниципальный округ, Себеж, ул. 7-го Ноября, д.21а","[56.281651,28.483736]"
2548,УИК №2548,За пределами СПб,"Псковская область, Усвятский муниципальный округ, Усвяты, ул. Дзержинского, д.16","[55.744161,30.749224]"
2525,УИК №2525,За пределами СПб,"Ленинградская область, Лужский район, Союз Садоводств массива ""Мшинская""","[59.044839,30.032407]"
2526,УИК №2526,За пределами СПб,"Ленинградская область, Лужский район, тер. СНТ ""Якорь""","[59.048629,30.076437]"
2476,УИК №2476,За пределами СПб,"Ленинградская область, Всеволожский район, д. Агалатово, Токсовское шоссе, д.2","[60.219286,30.306589]"
2377,УИК №2377,Фрунзенский,"Тамбовская улица, дом 78, литера В","[59.908019,30.353139]"
1928,УИК №1928,Приморский,"Новоколомяжский проспект, дом 4, корпус 4, литер А","[60.026927,30.29862]"
1929,УИК №1929,Приморский,"Комендантский проспект, 53 к3","[60.031575,30.236556]"
1930,УИК №1930,Приморский,"улица Щербакова, 18","[60.026482,30.288254]"
